user_id,user_type,rat_id,rat_name,rat_type,selected,uplink_rate,downlink_rate,effective_e2e_rate
0,URLLC,0,6G_1,6G,1,68938883.84758504,40000000.0,40000000.0
0,URLLC,1,6G_2,6G,0,0.0,0.0,0.0
0,URLLC,2,WiFi_1,WiFi,0,0.0,0.0,0.0
0,URLLC,3,WiFi_2,WiFi,0,0.0,0.0,0.0
0,URLLC,4,WiFi_3,WiFi,0,0.0,0.0,0.0
0,URLLC,5,WiFi_4,WiFi,0,0.0,0.0,0.0
0,URLLC,6,Satellite_1,Satellite,0,0.0,0.0,0.0
0,URLLC,7,Satellite_2,Satellite,0,0.0,0.0,0.0
1,URLLC,0,6G_1,6G,1,78713750.4487798,40000000.0,40000000.0
1,URLLC,1,6G_2,6G,0,0.0,0.0,0.0
1,URLLC,2,WiFi_1,WiFi,0,0.0,0.0,0.0
1,URLLC,3,WiFi_2,WiFi,0,0.0,0.0,0.0
1,URLLC,4,WiFi_3,WiFi,0,0.0,0.0,0.0
1,URLLC,5,WiFi_4,WiFi,0,0.0,0.0,0.0
1,URLLC,6,Satellite_1,Satellite,0,0.0,0.0,0.0
1,URLLC,7,Satellite_2,Satellite,0,0.0,0.0,0.0
2,URLLC,0,6G_1,6G,1,25950226.17863549,40000000.0,25950226.17863549
2,URLLC,1,6G_2,6G,0,0.0,0.0,0.0
2,URLLC,2,WiFi_1,WiFi,0,0.0,0.0,0.0
2,URLLC,3,WiFi_2,WiFi,0,0.0,0.0,0.0
2,URLLC,4,WiFi_3,WiFi,0,0.0,0.0,0.0
2,URLLC,5,WiFi_4,WiFi,0,0.0,0.0,0.0
2,URLLC,6,Satellite_1,Satellite,0,0.0,0.0,0.0
2,URLLC,7,Satellite_2,Satellite,0,0.0,0.0,0.0
3,URLLC,0,6G_1,6G,0,0.0,0.0,0.0
3,URLLC,1,6G_2,6G,1,48028818.77803547,40000000.0,40000000.0
3,URLLC,2,WiFi_1,WiFi,0,0.0,0.0,0.0
3,URLLC,3,WiFi_2,WiFi,0,0.0,0.0,0.0
3,URLLC,4,WiFi_3,WiFi,0,0.0,0.0,0.0
3,URLLC,5,WiFi_4,WiFi,0,0.0,0.0,0.0
3,URLLC,6,Satellite_1,Satellite,0,0.0,0.0,0.0
3,URLLC,7,Satellite_2,Satellite,0,0.0,0.0,0.0
4,URLLC,0,6G_1,6G,0,0.0,0.0,0.0
4,URLLC,1,6G_2,6G,1,58415568.71271823,40000000.0,40000000.0
4,URLLC,2,WiFi_1,WiFi,0,0.0,0.0,0.0
4,URLLC,3,WiFi_2,WiFi,0,0.0,0.0,0.0
4,URLLC,4,WiFi_3,WiFi,0,0.0,0.0,0.0
4,URLLC,5,WiFi_4,WiFi,0,0.0,0.0,0.0
4,URLLC,6,Satellite_1,Satellite,0,0.0,0.0,0.0
4,URLLC,7,Satellite_2,Satellite,0,0.0,0.0,0.0
5,URLLC,0,6G_1,6G,1,49706058.4801532,40000000.0,40000000.0
5,URLLC,1,6G_2,6G,0,0.0,0.0,0.0
5,URLLC,2,WiFi_1,WiFi,0,0.0,0.0,0.0
5,URLLC,3,WiFi_2,WiFi,0,0.0,0.0,0.0
5,URLLC,4,WiFi_3,WiFi,0,0.0,0.0,0.0
5,URLLC,5,WiFi_4,WiFi,0,0.0,0.0,0.0
5,URLLC,6,Satellite_1,Satellite,0,0.0,0.0,0.0
5,URLLC,7,Satellite_2,Satellite,0,0.0,0.0,0.0
6,URLLC,0,6G_1,6G,0,0.0,0.0,0.0
6,URLLC,1,6G_2,6G,0,0.0,0.0,0.0
6,URLLC,2,WiFi_1,WiFi,1,3927278.352361183,20000000.0,3927278.352361183
6,URLLC,3,WiFi_2,WiFi,0,0.0,0.0,0.0
6,URLLC,4,WiFi_3,WiFi,0,0.0,0.0,0.0
6,URLLC,5,WiFi_4,WiFi,0,0.0,0.0,0.0
6,URLLC,6,Satellite_1,Satellite,0,0.0,0.0,0.0
6,URLLC,7,Satellite_2,Satellite,0,0.0,0.0,0.0
7,URLLC,0,6G_1,6G,1,46633910.76153037,40000000.0,40000000.0
7,URLLC,1,6G_2,6G,0,0.0,0.0,0.0
7,URLLC,2,WiFi_1,WiFi,0,0.0,0.0,0.0
7,URLLC,3,WiFi_2,WiFi,0,0.0,0.0,0.0
7,URLLC,4,WiFi_3,WiFi,0,0.0,0.0,0.0
7,URLLC,5,WiFi_4,WiFi,0,0.0,0.0,0.0
7,URLLC,6,Satellite_1,Satellite,0,0.0,0.0,0.0
7,URLLC,7,Satellite_2,Satellite,0,0.0,0.0,0.0
8,URLLC,0,6G_1,6G,0,0.0,0.0,0.0
8,URLLC,1,6G_2,6G,0,0.0,0.0,0.0
8,URLLC,2,WiFi_1,WiFi,1,28911325.446994536,20000000.0,20000000.0
8,URLLC,3,WiFi_2,WiFi,0,0.0,0.0,0.0
8,URLLC,4,WiFi_3,WiFi,0,0.0,0.0,0.0
8,URLLC,5,WiFi_4,WiFi,0,0.0,0.0,0.0
8,URLLC,6,Satellite_1,Satellite,0,0.0,0.0,0.0
8,URLLC,7,Satellite_2,Satellite,0,0.0,0.0,0.0
9,URLLC,0,6G_1,6G,1,49563705.56459883,40000000.0,40000000.0
9,URLLC,1,6G_2,6G,0,0.0,0.0,0.0
9,URLLC,2,WiFi_1,WiFi,0,0.0,0.0,0.0
9,URLLC,3,WiFi_2,WiFi,0,0.0,0.0,0.0
9,URLLC,4,WiFi_3,WiFi,0,0.0,0.0,0.0
9,URLLC,5,WiFi_4,WiFi,0,0.0,0.0,0.0
9,URLLC,6,Satellite_1,Satellite,0,0.0,0.0,0.0
9,URLLC,7,Satellite_2,Satellite,0,0.0,0.0,0.0
10,URLLC,0,6G_1,6G,0,0.0,0.0,0.0
10,URLLC,1,6G_2,6G,1,64459385.76630408,40000000.0,40000000.0
10,URLLC,2,WiFi_1,WiFi,0,0.0,0.0,0.0
10,URLLC,3,WiFi_2,WiFi,0,0.0,0.0,0.0
10,URLLC,4,WiFi_3,WiFi,0,0.0,0.0,0.0
10,URLLC,5,WiFi_4,WiFi,0,0.0,0.0,0.0
10,URLLC,6,Satellite_1,Satellite,0,0.0,0.0,0.0
10,URLLC,7,Satellite_2,Satellite,0,0.0,0.0,0.0
11,URLLC,0,6G_1,6G,0,0.0,0.0,0.0
11,URLLC,1,6G_2,6G,0,0.0,0.0,0.0
11,URLLC,2,WiFi_1,WiFi,0,0.0,0.0,0.0
11,URLLC,3,WiFi_2,WiFi,0,0.0,0.0,0.0
11,URLLC,4,WiFi_3,WiFi,1,26801741.010330472,20000000.0,20000000.0
11,URLLC,5,WiFi_4,WiFi,0,0.0,0.0,0.0
11,URLLC,6,Satellite_1,Satellite,0,0.0,0.0,0.0
11,URLLC,7,Satellite_2,Satellite,0,0.0,0.0,0.0
12,URLLC,0,6G_1,6G,0,0.0,0.0,0.0
12,URLLC,1,6G_2,6G,1,69030985.24993949,40000000.0,40000000.0
12,URLLC,2,WiFi_1,WiFi,0,0.0,0.0,0.0
12,URLLC,3,WiFi_2,WiFi,0,0.0,0.0,0.0
12,URLLC,4,WiFi_3,WiFi,0,0.0,0.0,0.0
12,URLLC,5,WiFi_4,WiFi,0,0.0,0.0,0.0
12,URLLC,6,Satellite_1,Satellite,0,0.0,0.0,0.0
12,URLLC,7,Satellite_2,Satellite,0,0.0,0.0,0.0
13,URLLC,0,6G_1,6G,1,50609331.975926824,40000000.0,40000000.0
13,URLLC,1,6G_2,6G,0,0.0,0.0,0.0
13,URLLC,2,WiFi_1,WiFi,0,0.0,0.0,0.0
13,URLLC,3,WiFi_2,WiFi,0,0.0,0.0,0.0
13,URLLC,4,WiFi_3,WiFi,0,0.0,0.0,0.0
13,URLLC,5,WiFi_4,WiFi,0,0.0,0.0,0.0
13,URLLC,6,Satellite_1,Satellite,0,0.0,0.0,0.0
13,URLLC,7,Satellite_2,Satellite,0,0.0,0.0,0.0
14,URLLC,0,6G_1,6G,1,40329716.6247749,40000000.0,40000000.0
14,URLLC,1,6G_2,6G,0,0.0,0.0,0.0
14,URLLC,2,WiFi_1,WiFi,0,0.0,0.0,0.0
14,URLLC,3,WiFi_2,WiFi,0,0.0,0.0,0.0
14,URLLC,4,WiFi_3,WiFi,0,0.0,0.0,0.0
14,URLLC,5,WiFi_4,WiFi,0,0.0,0.0,0.0
14,URLLC,6,Satellite_1,Satellite,0,0.0,0.0,0.0
14,URLLC,7,Satellite_2,Satellite,0,0.0,0.0,0.0
15,URLLC,0,6G_1,6G,0,0.0,0.0,0.0
15,URLLC,1,6G_2,6G,0,0.0,0.0,0.0
15,URLLC,2,WiFi_1,WiFi,0,0.0,0.0,0.0
15,URLLC,3,WiFi_2,WiFi,1,15230214.526733074,20000000.0,15230214.526733074
15,URLLC,4,WiFi_3,WiFi,0,0.0,0.0,0.0
15,URLLC,5,WiFi_4,WiFi,0,0.0,0.0,0.0
15,URLLC,6,Satellite_1,Satellite,0,0.0,0.0,0.0
15,URLLC,7,Satellite_2,Satellite,0,0.0,0.0,0.0
16,URLLC,0,6G_1,6G,0,0.0,0.0,0.0
16,URLLC,1,6G_2,6G,0,0.0,0.0,0.0
16,URLLC,2,WiFi_1,WiFi,0,0.0,0.0,0.0
16,URLLC,3,WiFi_2,WiFi,0,0.0,0.0,0.0
16,URLLC,4,WiFi_3,WiFi,1,37609294.32569297,20000000.0,20000000.0
16,URLLC,5,WiFi_4,WiFi,0,0.0,0.0,0.0
16,URLLC,6,Satellite_1,Satellite,0,0.0,0.0,0.0
16,URLLC,7,Satellite_2,Satellite,0,0.0,0.0,0.0
17,URLLC,0,6G_1,6G,0,0.0,0.0,0.0
17,URLLC,1,6G_2,6G,1,65711413.39190897,40000000.0,40000000.0
17,URLLC,2,WiFi_1,WiFi,0,0.0,0.0,0.0
17,URLLC,3,WiFi_2,WiFi,0,0.0,0.0,0.0
17,URLLC,4,WiFi_3,WiFi,0,0.0,0.0,0.0
17,URLLC,5,WiFi_4,WiFi,0,0.0,0.0,0.0
17,URLLC,6,Satellite_1,Satellite,0,0.0,0.0,0.0
17,URLLC,7,Satellite_2,Satellite,0,0.0,0.0,0.0
18,URLLC,0,6G_1,6G,0,0.0,0.0,0.0
18,URLLC,1,6G_2,6G,0,0.0,0.0,0.0
18,URLLC,2,WiFi_1,WiFi,1,21547816.020289,20000000.0,20000000.0
18,URLLC,3,WiFi_2,WiFi,0,0.0,0.0,0.0
18,URLLC,4,WiFi_3,WiFi,0,0.0,0.0,0.0
18,URLLC,5,WiFi_4,WiFi,0,0.0,0.0,0.0
18,URLLC,6,Satellite_1,Satellite,0,0.0,0.0,0.0
18,URLLC,7,Satellite_2,Satellite,0,0.0,0.0,0.0
19,URLLC,0,6G_1,6G,1,41997390.895344354,40000000.0,40000000.0
19,URLLC,1,6G_2,6G,0,0.0,0.0,0.0
19,URLLC,2,WiFi_1,WiFi,0,0.0,0.0,0.0
19,URLLC,3,WiFi_2,WiFi,0,0.0,0.0,0.0
19,URLLC,4,WiFi_3,WiFi,0,0.0,0.0,0.0
19,URLLC,5,WiFi_4,WiFi,0,0.0,0.0,0.0
19,URLLC,6,Satellite_1,Satellite,0,0.0,0.0,0.0
19,URLLC,7,Satellite_2,Satellite,0,0.0,0.0,0.0
20,URLLC,0,6G_1,6G,0,0.0,0.0,0.0
20,URLLC,1,6G_2,6G,0,0.0,0.0,0.0
20,URLLC,2,WiFi_1,WiFi,0,0.0,0.0,0.0
20,URLLC,3,WiFi_2,WiFi,1,26085395.5289804,20000000.0,20000000.0
20,URLLC,4,WiFi_3,WiFi,0,0.0,0.0,0.0
20,URLLC,5,WiFi_4,WiFi,0,0.0,0.0,0.0
20,URLLC,6,Satellite_1,Satellite,0,0.0,0.0,0.0
20,URLLC,7,Satellite_2,Satellite,0,0.0,0.0,0.0
21,URLLC,0,6G_1,6G,0,0.0,0.0,0.0
21,URLLC,1,6G_2,6G,0,0.0,0.0,0.0
21,URLLC,2,WiFi_1,WiFi,0,0.0,0.0,0.0
21,URLLC,3,WiFi_2,WiFi,0,0.0,0.0,0.0
21,URLLC,4,WiFi_3,WiFi,0,0.0,0.0,0.0
21,URLLC,5,WiFi_4,WiFi,1,47337702.12255891,20000000.0,20000000.0
21,URLLC,6,Satellite_1,Satellite,0,0.0,0.0,0.0
21,URLLC,7,Satellite_2,Satellite,0,0.0,0.0,0.0
22,URLLC,0,6G_1,6G,1,90507322.16763732,40000000.0,40000000.0
22,URLLC,1,6G_2,6G,0,0.0,0.0,0.0
22,URLLC,2,WiFi_1,WiFi,0,0.0,0.0,0.0
22,URLLC,3,WiFi_2,WiFi,0,0.0,0.0,0.0
22,URLLC,4,WiFi_3,WiFi,0,0.0,0.0,0.0
22,URLLC,5,WiFi_4,WiFi,0,0.0,0.0,0.0
22,URLLC,6,Satellite_1,Satellite,0,0.0,0.0,0.0
22,URLLC,7,Satellite_2,Satellite,0,0.0,0.0,0.0
23,URLLC,0,6G_1,6G,0,0.0,0.0,0.0
23,URLLC,1,6G_2,6G,0,0.0,0.0,0.0
23,URLLC,2,WiFi_1,WiFi,1,15828622.397807213,20000000.0,15828622.397807213
23,URLLC,3,WiFi_2,WiFi,0,0.0,0.0,0.0
23,URLLC,4,WiFi_3,WiFi,0,0.0,0.0,0.0
23,URLLC,5,WiFi_4,WiFi,0,0.0,0.0,0.0
23,URLLC,6,Satellite_1,Satellite,0,0.0,0.0,0.0
23,URLLC,7,Satellite_2,Satellite,0,0.0,0.0,0.0
24,URLLC,0,6G_1,6G,0,0.0,0.0,0.0
24,URLLC,1,6G_2,6G,1,56843094.22549442,40000000.0,40000000.0
24,URLLC,2,WiFi_1,WiFi,0,0.0,0.0,0.0
24,URLLC,3,WiFi_2,WiFi,0,0.0,0.0,0.0
24,URLLC,4,WiFi_3,WiFi,0,0.0,0.0,0.0
24,URLLC,5,WiFi_4,WiFi,0,0.0,0.0,0.0
24,URLLC,6,Satellite_1,Satellite,0,0.0,0.0,0.0
24,URLLC,7,Satellite_2,Satellite,0,0.0,0.0,0.0
25,URLLC,0,6G_1,6G,1,47488904.59587851,40000000.0,40000000.0
25,URLLC,1,6G_2,6G,0,0.0,0.0,0.0
25,URLLC,2,WiFi_1,WiFi,0,0.0,0.0,0.0
25,URLLC,3,WiFi_2,WiFi,0,0.0,0.0,0.0
25,URLLC,4,WiFi_3,WiFi,0,0.0,0.0,0.0
25,URLLC,5,WiFi_4,WiFi,0,0.0,0.0,0.0
25,URLLC,6,Satellite_1,Satellite,0,0.0,0.0,0.0
25,URLLC,7,Satellite_2,Satellite,0,0.0,0.0,0.0
26,URLLC,0,6G_1,6G,0,0.0,0.0,0.0
26,URLLC,1,6G_2,6G,1,25349916.55915233,40000000.0,25349916.55915233
26,URLLC,2,WiFi_1,WiFi,0,0.0,0.0,0.0
26,URLLC,3,WiFi_2,WiFi,0,0.0,0.0,0.0
26,URLLC,4,WiFi_3,WiFi,0,0.0,0.0,0.0
26,URLLC,5,WiFi_4,WiFi,0,0.0,0.0,0.0
26,URLLC,6,Satellite_1,Satellite,0,0.0,0.0,0.0
26,URLLC,7,Satellite_2,Satellite,0,0.0,0.0,0.0
27,URLLC,0,6G_1,6G,0,0.0,0.0,0.0
27,URLLC,1,6G_2,6G,1,32046498.18921719,40000000.0,32046498.18921719
27,URLLC,2,WiFi_1,WiFi,0,0.0,0.0,0.0
27,URLLC,3,WiFi_2,WiFi,0,0.0,0.0,0.0
27,URLLC,4,WiFi_3,WiFi,0,0.0,0.0,0.0
27,URLLC,5,WiFi_4,WiFi,0,0.0,0.0,0.0
27,URLLC,6,Satellite_1,Satellite,0,0.0,0.0,0.0
27,URLLC,7,Satellite_2,Satellite,0,0.0,0.0,0.0
28,URLLC,0,6G_1,6G,0,0.0,0.0,0.0
28,URLLC,1,6G_2,6G,1,62898270.853895865,40000000.0,40000000.0
28,URLLC,2,WiFi_1,WiFi,0,0.0,0.0,0.0
28,URLLC,3,WiFi_2,WiFi,0,0.0,0.0,0.0
28,URLLC,4,WiFi_3,WiFi,0,0.0,0.0,0.0
28,URLLC,5,WiFi_4,WiFi,0,0.0,0.0,0.0
28,URLLC,6,Satellite_1,Satellite,0,0.0,0.0,0.0
28,URLLC,7,Satellite_2,Satellite,0,0.0,0.0,0.0
29,URLLC,0,6G_1,6G,0,0.0,0.0,0.0
29,URLLC,1,6G_2,6G,0,0.0,0.0,0.0
29,URLLC,2,WiFi_1,WiFi,0,0.0,0.0,0.0
29,URLLC,3,WiFi_2,WiFi,0,0.0,0.0,0.0
29,URLLC,4,WiFi_3,WiFi,0,0.0,0.0,0.0
29,URLLC,5,WiFi_4,WiFi,1,44410917.110334404,20000000.0,20000000.0
29,URLLC,6,Satellite_1,Satellite,0,0.0,0.0,0.0
29,URLLC,7,Satellite_2,Satellite,0,0.0,0.0,0.0
30,URLLC,0,6G_1,6G,1,28078899.401554536,40000000.0,28078899.401554536
30,URLLC,1,6G_2,6G,0,0.0,0.0,0.0
30,URLLC,2,WiFi_1,WiFi,0,0.0,0.0,0.0
30,URLLC,3,WiFi_2,WiFi,0,0.0,0.0,0.0
30,URLLC,4,WiFi_3,WiFi,0,0.0,0.0,0.0
30,URLLC,5,WiFi_4,WiFi,0,0.0,0.0,0.0
30,URLLC,6,Satellite_1,Satellite,0,0.0,0.0,0.0
30,URLLC,7,Satellite_2,Satellite,0,0.0,0.0,0.0
31,URLLC,0,6G_1,6G,0,0.0,0.0,0.0
31,URLLC,1,6G_2,6G,0,0.0,0.0,0.0
31,URLLC,2,WiFi_1,WiFi,0,0.0,0.0,0.0
31,URLLC,3,WiFi_2,WiFi,0,0.0,0.0,0.0
31,URLLC,4,WiFi_3,WiFi,1,15220108.874684827,20000000.0,15220108.874684827
31,URLLC,5,WiFi_4,WiFi,0,0.0,0.0,0.0
31,URLLC,6,Satellite_1,Satellite,0,0.0,0.0,0.0
31,URLLC,7,Satellite_2,Satellite,0,0.0,0.0,0.0
32,URLLC,0,6G_1,6G,0,0.0,0.0,0.0
32,URLLC,1,6G_2,6G,0,0.0,0.0,0.0
32,URLLC,2,WiFi_1,WiFi,0,0.0,0.0,0.0
32,URLLC,3,WiFi_2,WiFi,0,0.0,0.0,0.0
32,URLLC,4,WiFi_3,WiFi,1,48408642.5147452,20000000.0,20000000.0
32,URLLC,5,WiFi_4,WiFi,0,0.0,0.0,0.0
32,URLLC,6,Satellite_1,Satellite,0,0.0,0.0,0.0
32,URLLC,7,Satellite_2,Satellite,0,0.0,0.0,0.0
33,URLLC,0,6G_1,6G,0,0.0,0.0,0.0
33,URLLC,1,6G_2,6G,0,0.0,0.0,0.0
33,URLLC,2,WiFi_1,WiFi,0,0.0,0.0,0.0
33,URLLC,3,WiFi_2,WiFi,1,32669582.288962238,20000000.0,20000000.0
33,URLLC,4,WiFi_3,WiFi,0,0.0,0.0,0.0
33,URLLC,5,WiFi_4,WiFi,0,0.0,0.0,0.0
33,URLLC,6,Satellite_1,Satellite,0,0.0,0.0,0.0
33,URLLC,7,Satellite_2,Satellite,0,0.0,0.0,0.0
34,URLLC,0,6G_1,6G,1,52847944.587170064,40000000.0,40000000.0
34,URLLC,1,6G_2,6G,0,0.0,0.0,0.0
34,URLLC,2,WiFi_1,WiFi,0,0.0,0.0,0.0
34,URLLC,3,WiFi_2,WiFi,0,0.0,0.0,0.0
34,URLLC,4,WiFi_3,WiFi,0,0.0,0.0,0.0
34,URLLC,5,WiFi_4,WiFi,0,0.0,0.0,0.0
34,URLLC,6,Satellite_1,Satellite,0,0.0,0.0,0.0
34,URLLC,7,Satellite_2,Satellite,0,0.0,0.0,0.0
35,URLLC,0,6G_1,6G,0,0.0,0.0,0.0
35,URLLC,1,6G_2,6G,0,0.0,0.0,0.0
35,URLLC,2,WiFi_1,WiFi,0,0.0,0.0,0.0
35,URLLC,3,WiFi_2,WiFi,0,0.0,0.0,0.0
35,URLLC,4,WiFi_3,WiFi,1,11386152.928837998,20000000.0,11386152.928837998
35,URLLC,5,WiFi_4,WiFi,0,0.0,0.0,0.0
35,URLLC,6,Satellite_1,Satellite,0,0.0,0.0,0.0
35,URLLC,7,Satellite_2,Satellite,0,0.0,0.0,0.0
36,URLLC,0,6G_1,6G,0,0.0,0.0,0.0
36,URLLC,1,6G_2,6G,0,0.0,0.0,0.0
36,URLLC,2,WiFi_1,WiFi,0,0.0,0.0,0.0
36,URLLC,3,WiFi_2,WiFi,1,11202584.128757983,20000000.0,11202584.128757983
36,URLLC,4,WiFi_3,WiFi,0,0.0,0.0,0.0
36,URLLC,5,WiFi_4,WiFi,0,0.0,0.0,0.0
36,URLLC,6,Satellite_1,Satellite,0,0.0,0.0,0.0
36,URLLC,7,Satellite_2,Satellite,0,0.0,0.0,0.0
37,URLLC,0,6G_1,6G,1,17223584.90482132,40000000.0,17223584.90482132
37,URLLC,1,6G_2,6G,0,0.0,0.0,0.0
37,URLLC,2,WiFi_1,WiFi,0,0.0,0.0,0.0
37,URLLC,3,WiFi_2,WiFi,0,0.0,0.0,0.0
37,URLLC,4,WiFi_3,WiFi,0,0.0,0.0,0.0
37,URLLC,5,WiFi_4,WiFi,0,0.0,0.0,0.0
37,URLLC,6,Satellite_1,Satellite,0,0.0,0.0,0.0
37,URLLC,7,Satellite_2,Satellite,0,0.0,0.0,0.0
38,URLLC,0,6G_1,6G,0,0.0,0.0,0.0
38,URLLC,1,6G_2,6G,0,0.0,0.0,0.0
38,URLLC,2,WiFi_1,WiFi,0,0.0,0.0,0.0
38,URLLC,3,WiFi_2,WiFi,0,0.0,0.0,0.0
38,URLLC,4,WiFi_3,WiFi,0,0.0,0.0,0.0
38,URLLC,5,WiFi_4,WiFi,1,13946199.850640597,20000000.0,13946199.850640597
38,URLLC,6,Satellite_1,Satellite,0,0.0,0.0,0.0
38,URLLC,7,Satellite_2,Satellite,0,0.0,0.0,0.0
39,URLLC,0,6G_1,6G,0,0.0,0.0,0.0
39,URLLC,1,6G_2,6G,0,0.0,0.0,0.0
39,URLLC,2,WiFi_1,WiFi,0,0.0,0.0,0.0
39,URLLC,3,WiFi_2,WiFi,0,0.0,0.0,0.0
39,URLLC,4,WiFi_3,WiFi,0,0.0,0.0,0.0
39,URLLC,5,WiFi_4,WiFi,1,28730823.62015248,20000000.0,20000000.0
39,URLLC,6,Satellite_1,Satellite,0,0.0,0.0,0.0
39,URLLC,7,Satellite_2,Satellite,0,0.0,0.0,0.0
40,URLLC,0,6G_1,6G,0,0.0,0.0,0.0
40,URLLC,1,6G_2,6G,1,51168142.763810046,40000000.0,40000000.0
40,URLLC,2,WiFi_1,WiFi,0,0.0,0.0,0.0
40,URLLC,3,WiFi_2,WiFi,0,0.0,0.0,0.0
40,URLLC,4,WiFi_3,WiFi,0,0.0,0.0,0.0
40,URLLC,5,WiFi_4,WiFi,0,0.0,0.0,0.0
40,URLLC,6,Satellite_1,Satellite,0,0.0,0.0,0.0
40,URLLC,7,Satellite_2,Satellite,0,0.0,0.0,0.0
41,URLLC,0,6G_1,6G,1,51330306.15451635,40000000.0,40000000.0
41,URLLC,1,6G_2,6G,0,0.0,0.0,0.0
41,URLLC,2,WiFi_1,WiFi,0,0.0,0.0,0.0
41,URLLC,3,WiFi_2,WiFi,0,0.0,0.0,0.0
41,URLLC,4,WiFi_3,WiFi,0,0.0,0.0,0.0
41,URLLC,5,WiFi_4,WiFi,0,0.0,0.0,0.0
41,URLLC,6,Satellite_1,Satellite,0,0.0,0.0,0.0
41,URLLC,7,Satellite_2,Satellite,0,0.0,0.0,0.0
42,URLLC,0,6G_1,6G,0,0.0,0.0,0.0
42,URLLC,1,6G_2,6G,1,14241192.009675609,40000000.0,14241192.009675609
42,URLLC,2,WiFi_1,WiFi,0,0.0,0.0,0.0
42,URLLC,3,WiFi_2,WiFi,0,0.0,0.0,0.0
42,URLLC,4,WiFi_3,WiFi,0,0.0,0.0,0.0
42,URLLC,5,WiFi_4,WiFi,0,0.0,0.0,0.0
42,URLLC,6,Satellite_1,Satellite,0,0.0,0.0,0.0
42,URLLC,7,Satellite_2,Satellite,0,0.0,0.0,0.0
43,URLLC,0,6G_1,6G,0,0.0,0.0,0.0
43,URLLC,1,6G_2,6G,0,0.0,0.0,0.0
43,URLLC,2,WiFi_1,WiFi,0,0.0,0.0,0.0
43,URLLC,3,WiFi_2,WiFi,0,0.0,0.0,0.0
43,URLLC,4,WiFi_3,WiFi,1,16001577.464404918,20000000.0,16001577.464404918
43,URLLC,5,WiFi_4,WiFi,0,0.0,0.0,0.0
43,URLLC,6,Satellite_1,Satellite,0,0.0,0.0,0.0
43,URLLC,7,Satellite_2,Satellite,0,0.0,0.0,0.0
44,URLLC,0,6G_1,6G,0,0.0,0.0,0.0
44,URLLC,1,6G_2,6G,0,0.0,0.0,0.0
44,URLLC,2,WiFi_1,WiFi,0,0.0,0.0,0.0
44,URLLC,3,WiFi_2,WiFi,1,19333487.112354293,20000000.0,19333487.112354293
44,URLLC,4,WiFi_3,WiFi,0,0.0,0.0,0.0
44,URLLC,5,WiFi_4,WiFi,0,0.0,0.0,0.0
44,URLLC,6,Satellite_1,Satellite,0,0.0,0.0,0.0
44,URLLC,7,Satellite_2,Satellite,0,0.0,0.0,0.0
45,URLLC,0,6G_1,6G,1,60405662.78770181,40000000.0,40000000.0
45,URLLC,1,6G_2,6G,0,0.0,0.0,0.0
45,URLLC,2,WiFi_1,WiFi,0,0.0,0.0,0.0
45,URLLC,3,WiFi_2,WiFi,0,0.0,0.0,0.0
45,URLLC,4,WiFi_3,WiFi,0,0.0,0.0,0.0
45,URLLC,5,WiFi_4,WiFi,0,0.0,0.0,0.0
45,URLLC,6,Satellite_1,Satellite,0,0.0,0.0,0.0
45,URLLC,7,Satellite_2,Satellite,0,0.0,0.0,0.0
46,URLLC,0,6G_1,6G,0,0.0,0.0,0.0
46,URLLC,1,6G_2,6G,0,0.0,0.0,0.0
46,URLLC,2,WiFi_1,WiFi,0,0.0,0.0,0.0
46,URLLC,3,WiFi_2,WiFi,1,27634351.880415194,20000000.0,20000000.0
46,URLLC,4,WiFi_3,WiFi,0,0.0,0.0,0.0
46,URLLC,5,WiFi_4,WiFi,0,0.0,0.0,0.0
46,URLLC,6,Satellite_1,Satellite,0,0.0,0.0,0.0
46,URLLC,7,Satellite_2,Satellite,0,0.0,0.0,0.0
47,URLLC,0,6G_1,6G,0,0.0,0.0,0.0
47,URLLC,1,6G_2,6G,0,0.0,0.0,0.0
47,URLLC,2,WiFi_1,WiFi,1,18575996.116195377,20000000.0,18575996.116195377
47,URLLC,3,WiFi_2,WiFi,0,0.0,0.0,0.0
47,URLLC,4,WiFi_3,WiFi,0,0.0,0.0,0.0
47,URLLC,5,WiFi_4,WiFi,0,0.0,0.0,0.0
47,URLLC,6,Satellite_1,Satellite,0,0.0,0.0,0.0
47,URLLC,7,Satellite_2,Satellite,0,0.0,0.0,0.0
48,URLLC,0,6G_1,6G,0,0.0,0.0,0.0
48,URLLC,1,6G_2,6G,0,0.0,0.0,0.0
48,URLLC,2,WiFi_1,WiFi,0,0.0,0.0,0.0
48,URLLC,3,WiFi_2,WiFi,0,0.0,0.0,0.0
48,URLLC,4,WiFi_3,WiFi,0,0.0,0.0,0.0
48,URLLC,5,WiFi_4,WiFi,1,36434182.89131499,20000000.0,20000000.0
48,URLLC,6,Satellite_1,Satellite,0,0.0,0.0,0.0
48,URLLC,7,Satellite_2,Satellite,0,0.0,0.0,0.0
49,URLLC,0,6G_1,6G,0,0.0,0.0,0.0
49,URLLC,1,6G_2,6G,0,0.0,0.0,0.0
49,URLLC,2,WiFi_1,WiFi,0,0.0,0.0,0.0
49,URLLC,3,WiFi_2,WiFi,0,0.0,0.0,0.0
49,URLLC,4,WiFi_3,WiFi,0,0.0,0.0,0.0
49,URLLC,5,WiFi_4,WiFi,1,48516809.580990426,20000000.0,20000000.0
49,URLLC,6,Satellite_1,Satellite,0,0.0,0.0,0.0
49,URLLC,7,Satellite_2,Satellite,0,0.0,0.0,0.0
50,URLLC,0,6G_1,6G,0,0.0,0.0,0.0
50,URLLC,1,6G_2,6G,0,0.0,0.0,0.0
50,URLLC,2,WiFi_1,WiFi,0,0.0,0.0,0.0
50,URLLC,3,WiFi_2,WiFi,0,0.0,0.0,0.0
50,URLLC,4,WiFi_3,WiFi,0,0.0,0.0,0.0
50,URLLC,5,WiFi_4,WiFi,1,35952416.3784286,20000000.0,20000000.0
50,URLLC,6,Satellite_1,Satellite,0,0.0,0.0,0.0
50,URLLC,7,Satellite_2,Satellite,0,0.0,0.0,0.0
51,URLLC,0,6G_1,6G,1,57550431.72115638,40000000.0,40000000.0
51,URLLC,1,6G_2,6G,0,0.0,0.0,0.0
51,URLLC,2,WiFi_1,WiFi,0,0.0,0.0,0.0
51,URLLC,3,WiFi_2,WiFi,0,0.0,0.0,0.0
51,URLLC,4,WiFi_3,WiFi,0,0.0,0.0,0.0
51,URLLC,5,WiFi_4,WiFi,0,0.0,0.0,0.0
51,URLLC,6,Satellite_1,Satellite,0,0.0,0.0,0.0
51,URLLC,7,Satellite_2,Satellite,0,0.0,0.0,0.0
52,URLLC,0,6G_1,6G,0,0.0,0.0,0.0
52,URLLC,1,6G_2,6G,0,0.0,0.0,0.0
52,URLLC,2,WiFi_1,WiFi,0,0.0,0.0,0.0
52,URLLC,3,WiFi_2,WiFi,0,0.0,0.0,0.0
52,URLLC,4,WiFi_3,WiFi,1,22660713.149751205,20000000.0,20000000.0
52,URLLC,5,WiFi_4,WiFi,0,0.0,0.0,0.0
52,URLLC,6,Satellite_1,Satellite,0,0.0,0.0,0.0
52,URLLC,7,Satellite_2,Satellite,0,0.0,0.0,0.0
53,URLLC,0,6G_1,6G,0,0.0,0.0,0.0
53,URLLC,1,6G_2,6G,0,0.0,0.0,0.0
53,URLLC,2,WiFi_1,WiFi,0,0.0,0.0,0.0
53,URLLC,3,WiFi_2,WiFi,0,0.0,0.0,0.0
53,URLLC,4,WiFi_3,WiFi,0,0.0,0.0,0.0
53,URLLC,5,WiFi_4,WiFi,1,19273149.074188497,20000000.0,19273149.074188497
53,URLLC,6,Satellite_1,Satellite,0,0.0,0.0,0.0
53,URLLC,7,Satellite_2,Satellite,0,0.0,0.0,0.0
54,URLLC,0,6G_1,6G,0,0.0,0.0,0.0
54,URLLC,1,6G_2,6G,0,0.0,0.0,0.0
54,URLLC,2,WiFi_1,WiFi,1,37249032.49669606,20000000.0,20000000.0
54,URLLC,3,WiFi_2,WiFi,0,0.0,0.0,0.0
54,URLLC,4,WiFi_3,WiFi,0,0.0,0.0,0.0
54,URLLC,5,WiFi_4,WiFi,0,0.0,0.0,0.0
54,URLLC,6,Satellite_1,Satellite,0,0.0,0.0,0.0
54,URLLC,7,Satellite_2,Satellite,0,0.0,0.0,0.0
55,URLLC,0,6G_1,6G,1,68077050.78843983,40000000.0,40000000.0
55,URLLC,1,6G_2,6G,0,0.0,0.0,0.0
55,URLLC,2,WiFi_1,WiFi,0,0.0,0.0,0.0
55,URLLC,3,WiFi_2,WiFi,0,0.0,0.0,0.0
55,URLLC,4,WiFi_3,WiFi,0,0.0,0.0,0.0
55,URLLC,5,WiFi_4,WiFi,0,0.0,0.0,0.0
55,URLLC,6,Satellite_1,Satellite,0,0.0,0.0,0.0
55,URLLC,7,Satellite_2,Satellite,0,0.0,0.0,0.0
56,URLLC,0,6G_1,6G,0,0.0,0.0,0.0
56,URLLC,1,6G_2,6G,0,0.0,0.0,0.0
56,URLLC,2,WiFi_1,WiFi,0,0.0,0.0,0.0
56,URLLC,3,WiFi_2,WiFi,0,0.0,0.0,0.0
56,URLLC,4,WiFi_3,WiFi,1,36696481.32366272,20000000.0,20000000.0
56,URLLC,5,WiFi_4,WiFi,0,0.0,0.0,0.0
56,URLLC,6,Satellite_1,Satellite,0,0.0,0.0,0.0
56,URLLC,7,Satellite_2,Satellite,0,0.0,0.0,0.0
57,URLLC,0,6G_1,6G,0,0.0,0.0,0.0
57,URLLC,1,6G_2,6G,0,0.0,0.0,0.0
57,URLLC,2,WiFi_1,WiFi,0,0.0,0.0,0.0
57,URLLC,3,WiFi_2,WiFi,0,0.0,0.0,0.0
57,URLLC,4,WiFi_3,WiFi,1,33111541.627523188,20000000.0,20000000.0
57,URLLC,5,WiFi_4,WiFi,0,0.0,0.0,0.0
57,URLLC,6,Satellite_1,Satellite,0,0.0,0.0,0.0
57,URLLC,7,Satellite_2,Satellite,0,0.0,0.0,0.0
58,URLLC,0,6G_1,6G,0,0.0,0.0,0.0
58,URLLC,1,6G_2,6G,0,0.0,0.0,0.0
58,URLLC,2,WiFi_1,WiFi,0,0.0,0.0,0.0
58,URLLC,3,WiFi_2,WiFi,0,0.0,0.0,0.0
58,URLLC,4,WiFi_3,WiFi,0,0.0,0.0,0.0
58,URLLC,5,WiFi_4,WiFi,1,12568259.638372818,20000000.0,12568259.638372818
58,URLLC,6,Satellite_1,Satellite,0,0.0,0.0,0.0
58,URLLC,7,Satellite_2,Satellite,0,0.0,0.0,0.0
59,URLLC,0,6G_1,6G,0,0.0,0.0,0.0
59,URLLC,1,6G_2,6G,1,89472626.66544056,40000000.0,40000000.0
59,URLLC,2,WiFi_1,WiFi,0,0.0,0.0,0.0
59,URLLC,3,WiFi_2,WiFi,0,0.0,0.0,0.0
59,URLLC,4,WiFi_3,WiFi,0,0.0,0.0,0.0
59,URLLC,5,WiFi_4,WiFi,0,0.0,0.0,0.0
59,URLLC,6,Satellite_1,Satellite,0,0.0,0.0,0.0
59,URLLC,7,Satellite_2,Satellite,0,0.0,0.0,0.0
60,URLLC,0,6G_1,6G,0,0.0,0.0,0.0
60,URLLC,1,6G_2,6G,0,0.0,0.0,0.0
60,URLLC,2,WiFi_1,WiFi,0,0.0,0.0,0.0
60,URLLC,3,WiFi_2,WiFi,0,0.0,0.0,0.0
60,URLLC,4,WiFi_3,WiFi,0,0.0,0.0,0.0
60,URLLC,5,WiFi_4,WiFi,0,0.0,0.0,0.0
60,URLLC,6,Satellite_1,Satellite,0,0.0,0.0,0.0
60,URLLC,7,Satellite_2,Satellite,1,4248590.480704346,14411738.088085657,4248590.480704346
61,URLLC,0,6G_1,6G,0,0.0,0.0,0.0
61,URLLC,1,6G_2,6G,0,0.0,0.0,0.0
61,URLLC,2,WiFi_1,WiFi,0,0.0,0.0,0.0
61,URLLC,3,WiFi_2,WiFi,0,0.0,0.0,0.0
61,URLLC,4,WiFi_3,WiFi,0,0.0,0.0,0.0
61,URLLC,5,WiFi_4,WiFi,0,0.0,0.0,0.0
61,URLLC,6,Satellite_1,Satellite,1,2393850.4245840483,14411738.088085657,2393850.4245840483
61,URLLC,7,Satellite_2,Satellite,0,0.0,0.0,0.0
62,URLLC,0,6G_1,6G,0,0.0,0.0,0.0
62,URLLC,1,6G_2,6G,0,0.0,0.0,0.0
62,URLLC,2,WiFi_1,WiFi,0,0.0,0.0,0.0
62,URLLC,3,WiFi_2,WiFi,0,0.0,0.0,0.0
62,URLLC,4,WiFi_3,WiFi,0,0.0,0.0,0.0
62,URLLC,5,WiFi_4,WiFi,0,0.0,0.0,0.0
62,URLLC,6,Satellite_1,Satellite,0,0.0,0.0,0.0
62,URLLC,7,Satellite_2,Satellite,1,2774815.1008511074,14411738.088085657,2774815.1008511074
63,URLLC,0,6G_1,6G,0,0.0,0.0,0.0
63,URLLC,1,6G_2,6G,0,0.0,0.0,0.0
63,URLLC,2,WiFi_1,WiFi,0,0.0,0.0,0.0
63,URLLC,3,WiFi_2,WiFi,0,0.0,0.0,0.0
63,URLLC,4,WiFi_3,WiFi,0,0.0,0.0,0.0
63,URLLC,5,WiFi_4,WiFi,0,0.0,0.0,0.0
63,URLLC,6,Satellite_1,Satellite,0,0.0,0.0,0.0
63,URLLC,7,Satellite_2,Satellite,1,6076071.968405989,14411738.088085657,6076071.968405989
64,URLLC,0,6G_1,6G,0,0.0,0.0,0.0
64,URLLC,1,6G_2,6G,0,0.0,0.0,0.0
64,URLLC,2,WiFi_1,WiFi,0,0.0,0.0,0.0
64,URLLC,3,WiFi_2,WiFi,0,0.0,0.0,0.0
64,URLLC,4,WiFi_3,WiFi,0,0.0,0.0,0.0
64,URLLC,5,WiFi_4,WiFi,0,0.0,0.0,0.0
64,URLLC,6,Satellite_1,Satellite,1,4792651.629543269,14411738.088085657,4792651.629543269
64,URLLC,7,Satellite_2,Satellite,0,0.0,0.0,0.0
65,URLLC,0,6G_1,6G,0,0.0,0.0,0.0
65,URLLC,1,6G_2,6G,0,0.0,0.0,0.0
65,URLLC,2,WiFi_1,WiFi,0,0.0,0.0,0.0
65,URLLC,3,WiFi_2,WiFi,0,0.0,0.0,0.0
65,URLLC,4,WiFi_3,WiFi,0,0.0,0.0,0.0
65,URLLC,5,WiFi_4,WiFi,0,0.0,0.0,0.0
65,URLLC,6,Satellite_1,Satellite,1,2363085.5155820115,14411738.088085657,2363085.5155820115
65,URLLC,7,Satellite_2,Satellite,0,0.0,0.0,0.0
66,URLLC,0,6G_1,6G,0,0.0,0.0,0.0
66,URLLC,1,6G_2,6G,0,0.0,0.0,0.0
66,URLLC,2,WiFi_1,WiFi,0,0.0,0.0,0.0
66,URLLC,3,WiFi_2,WiFi,0,0.0,0.0,0.0
66,URLLC,4,WiFi_3,WiFi,0,0.0,0.0,0.0
66,URLLC,5,WiFi_4,WiFi,0,0.0,0.0,0.0
66,URLLC,6,Satellite_1,Satellite,0,0.0,0.0,0.0
66,URLLC,7,Satellite_2,Satellite,1,5743344.786931006,14411738.088085657,5743344.786931006
67,URLLC,0,6G_1,6G,0,0.0,0.0,0.0
67,URLLC,1,6G_2,6G,0,0.0,0.0,0.0
67,URLLC,2,WiFi_1,WiFi,0,0.0,0.0,0.0
67,URLLC,3,WiFi_2,WiFi,0,0.0,0.0,0.0
67,URLLC,4,WiFi_3,WiFi,0,0.0,0.0,0.0
67,URLLC,5,WiFi_4,WiFi,0,0.0,0.0,0.0
67,URLLC,6,Satellite_1,Satellite,0,0.0,0.0,0.0
67,URLLC,7,Satellite_2,Satellite,1,5782186.174990206,14411738.088085657,5782186.174990206
68,URLLC,0,6G_1,6G,0,0.0,0.0,0.0
68,URLLC,1,6G_2,6G,0,0.0,0.0,0.0
68,URLLC,2,WiFi_1,WiFi,0,0.0,0.0,0.0
68,URLLC,3,WiFi_2,WiFi,0,0.0,0.0,0.0
68,URLLC,4,WiFi_3,WiFi,0,0.0,0.0,0.0
68,URLLC,5,WiFi_4,WiFi,0,0.0,0.0,0.0
68,URLLC,6,Satellite_1,Satellite,1,2977498.0967187043,14411738.088085657,2977498.0967187043
68,URLLC,7,Satellite_2,Satellite,0,0.0,0.0,0.0
69,URLLC,0,6G_1,6G,0,0.0,0.0,0.0
69,URLLC,1,6G_2,6G,0,0.0,0.0,0.0
69,URLLC,2,WiFi_1,WiFi,0,0.0,0.0,0.0
69,URLLC,3,WiFi_2,WiFi,0,0.0,0.0,0.0
69,URLLC,4,WiFi_3,WiFi,0,0.0,0.0,0.0
69,URLLC,5,WiFi_4,WiFi,0,0.0,0.0,0.0
69,URLLC,6,Satellite_1,Satellite,1,2750576.215178432,14411738.088085657,2750576.215178432
69,URLLC,7,Satellite_2,Satellite,0,0.0,0.0,0.0
70,URLLC,0,6G_1,6G,0,0.0,0.0,0.0
70,URLLC,1,6G_2,6G,0,0.0,0.0,0.0
70,URLLC,2,WiFi_1,WiFi,0,0.0,0.0,0.0
70,URLLC,3,WiFi_2,WiFi,0,0.0,0.0,0.0
70,URLLC,4,WiFi_3,WiFi,0,0.0,0.0,0.0
70,URLLC,5,WiFi_4,WiFi,0,0.0,0.0,0.0
70,URLLC,6,Satellite_1,Satellite,0,0.0,0.0,0.0
70,URLLC,7,Satellite_2,Satellite,1,556125.3976903032,14411738.088085657,556125.3976903032
71,URLLC,0,6G_1,6G,0,0.0,0.0,0.0
71,URLLC,1,6G_2,6G,0,0.0,0.0,0.0
71,URLLC,2,WiFi_1,WiFi,0,0.0,0.0,0.0
71,URLLC,3,WiFi_2,WiFi,0,0.0,0.0,0.0
71,URLLC,4,WiFi_3,WiFi,0,0.0,0.0,0.0
71,URLLC,5,WiFi_4,WiFi,0,0.0,0.0,0.0
71,URLLC,6,Satellite_1,Satellite,0,0.0,0.0,0.0
71,URLLC,7,Satellite_2,Satellite,1,3811428.348237172,14411738.088085657,3811428.348237172
72,URLLC,0,6G_1,6G,0,0.0,0.0,0.0
72,URLLC,1,6G_2,6G,0,0.0,0.0,0.0
72,URLLC,2,WiFi_1,WiFi,0,0.0,0.0,0.0
72,URLLC,3,WiFi_2,WiFi,0,0.0,0.0,0.0
72,URLLC,4,WiFi_3,WiFi,0,0.0,0.0,0.0
72,URLLC,5,WiFi_4,WiFi,0,0.0,0.0,0.0
72,URLLC,6,Satellite_1,Satellite,1,3298097.525390169,14411738.088085657,3298097.525390169
72,URLLC,7,Satellite_2,Satellite,0,0.0,0.0,0.0
73,URLLC,0,6G_1,6G,0,0.0,0.0,0.0
73,URLLC,1,6G_2,6G,0,0.0,0.0,0.0
73,URLLC,2,WiFi_1,WiFi,0,0.0,0.0,0.0
73,URLLC,3,WiFi_2,WiFi,0,0.0,0.0,0.0
73,URLLC,4,WiFi_3,WiFi,0,0.0,0.0,0.0
73,URLLC,5,WiFi_4,WiFi,0,0.0,0.0,0.0
73,URLLC,6,Satellite_1,Satellite,0,0.0,0.0,0.0
73,URLLC,7,Satellite_2,Satellite,1,774642.3123951843,14411738.088085657,774642.3123951843
74,URLLC,0,6G_1,6G,0,0.0,0.0,0.0
74,URLLC,1,6G_2,6G,0,0.0,0.0,0.0
74,URLLC,2,WiFi_1,WiFi,0,0.0,0.0,0.0
74,URLLC,3,WiFi_2,WiFi,0,0.0,0.0,0.0
74,URLLC,4,WiFi_3,WiFi,0,0.0,0.0,0.0
74,URLLC,5,WiFi_4,WiFi,0,0.0,0.0,0.0
74,URLLC,6,Satellite_1,Satellite,1,4993265.71553795,14411738.088085657,4993265.71553795
74,URLLC,7,Satellite_2,Satellite,0,0.0,0.0,0.0
75,URLLC,0,6G_1,6G,0,0.0,0.0,0.0
75,URLLC,1,6G_2,6G,0,0.0,0.0,0.0
75,URLLC,2,WiFi_1,WiFi,0,0.0,0.0,0.0
75,URLLC,3,WiFi_2,WiFi,0,0.0,0.0,0.0
75,URLLC,4,WiFi_3,WiFi,0,0.0,0.0,0.0
75,URLLC,5,WiFi_4,WiFi,0,0.0,0.0,0.0
75,URLLC,6,Satellite_1,Satellite,1,432567.9379162512,14411738.088085657,432567.9379162512
75,URLLC,7,Satellite_2,Satellite,0,0.0,0.0,0.0
76,URLLC,0,6G_1,6G,0,0.0,0.0,0.0
76,URLLC,1,6G_2,6G,0,0.0,0.0,0.0
76,URLLC,2,WiFi_1,WiFi,0,0.0,0.0,0.0
76,URLLC,3,WiFi_2,WiFi,0,0.0,0.0,0.0
76,URLLC,4,WiFi_3,WiFi,0,0.0,0.0,0.0
76,URLLC,5,WiFi_4,WiFi,0,0.0,0.0,0.0
76,URLLC,6,Satellite_1,Satellite,0,0.0,0.0,0.0
76,URLLC,7,Satellite_2,Satellite,1,1957114.7657292872,14411738.088085657,1957114.7657292872
77,URLLC,0,6G_1,6G,0,0.0,0.0,0.0
77,URLLC,1,6G_2,6G,0,0.0,0.0,0.0
77,URLLC,2,WiFi_1,WiFi,0,0.0,0.0,0.0
77,URLLC,3,WiFi_2,WiFi,0,0.0,0.0,0.0
77,URLLC,4,WiFi_3,WiFi,0,0.0,0.0,0.0
77,URLLC,5,WiFi_4,WiFi,0,0.0,0.0,0.0
77,URLLC,6,Satellite_1,Satellite,1,1638851.46152857,14411738.088085657,1638851.46152857
77,URLLC,7,Satellite_2,Satellite,0,0.0,0.0,0.0
78,URLLC,0,6G_1,6G,0,0.0,0.0,0.0
78,URLLC,1,6G_2,6G,0,0.0,0.0,0.0
78,URLLC,2,WiFi_1,WiFi,0,0.0,0.0,0.0
78,URLLC,3,WiFi_2,WiFi,0,0.0,0.0,0.0
78,URLLC,4,WiFi_3,WiFi,0,0.0,0.0,0.0
78,URLLC,5,WiFi_4,WiFi,0,0.0,0.0,0.0
78,URLLC,6,Satellite_1,Satellite,0,0.0,0.0,0.0
78,URLLC,7,Satellite_2,Satellite,1,5412495.821214053,14411738.088085657,5412495.821214053
79,URLLC,0,6G_1,6G,0,0.0,0.0,0.0
79,URLLC,1,6G_2,6G,0,0.0,0.0,0.0
79,URLLC,2,WiFi_1,WiFi,0,0.0,0.0,0.0
79,URLLC,3,WiFi_2,WiFi,0,0.0,0.0,0.0
79,URLLC,4,WiFi_3,WiFi,0,0.0,0.0,0.0
79,URLLC,5,WiFi_4,WiFi,0,0.0,0.0,0.0
79,URLLC,6,Satellite_1,Satellite,1,3929547.3856696063,14411738.088085657,3929547.3856696063
79,URLLC,7,Satellite_2,Satellite,0,0.0,0.0,0.0
80,URLLC,0,6G_1,6G,0,0.0,0.0,0.0
80,URLLC,1,6G_2,6G,0,0.0,0.0,0.0
80,URLLC,2,WiFi_1,WiFi,0,0.0,0.0,0.0
80,URLLC,3,WiFi_2,WiFi,0,0.0,0.0,0.0
80,URLLC,4,WiFi_3,WiFi,0,0.0,0.0,0.0
80,URLLC,5,WiFi_4,WiFi,0,0.0,0.0,0.0
80,URLLC,6,Satellite_1,Satellite,1,5457897.053014856,14411738.088085657,5457897.053014856
80,URLLC,7,Satellite_2,Satellite,0,0.0,0.0,0.0
81,URLLC,0,6G_1,6G,0,0.0,0.0,0.0
81,URLLC,1,6G_2,6G,0,0.0,0.0,0.0
81,URLLC,2,WiFi_1,WiFi,0,0.0,0.0,0.0
81,URLLC,3,WiFi_2,WiFi,0,0.0,0.0,0.0
81,URLLC,4,WiFi_3,WiFi,0,0.0,0.0,0.0
81,URLLC,5,WiFi_4,WiFi,0,0.0,0.0,0.0
81,URLLC,6,Satellite_1,Satellite,0,0.0,0.0,0.0
81,URLLC,7,Satellite_2,Satellite,1,2264013.833223964,14411738.088085657,2264013.833223964
82,URLLC,0,6G_1,6G,0,0.0,0.0,0.0
82,URLLC,1,6G_2,6G,0,0.0,0.0,0.0
82,URLLC,2,WiFi_1,WiFi,0,0.0,0.0,0.0
82,URLLC,3,WiFi_2,WiFi,0,0.0,0.0,0.0
82,URLLC,4,WiFi_3,WiFi,0,0.0,0.0,0.0
82,URLLC,5,WiFi_4,WiFi,0,0.0,0.0,0.0
82,URLLC,6,Satellite_1,Satellite,1,2878532.7751724,14411738.088085657,2878532.7751724
82,URLLC,7,Satellite_2,Satellite,0,0.0,0.0,0.0
83,URLLC,0,6G_1,6G,0,0.0,0.0,0.0
83,URLLC,1,6G_2,6G,0,0.0,0.0,0.0
83,URLLC,2,WiFi_1,WiFi,0,0.0,0.0,0.0
83,URLLC,3,WiFi_2,WiFi,0,0.0,0.0,0.0
83,URLLC,4,WiFi_3,WiFi,0,0.0,0.0,0.0
83,URLLC,5,WiFi_4,WiFi,0,0.0,0.0,0.0
83,URLLC,6,Satellite_1,Satellite,0,0.0,0.0,0.0
83,URLLC,7,Satellite_2,Satellite,1,1752528.987818834,14411738.088085657,1752528.987818834
84,URLLC,0,6G_1,6G,0,0.0,0.0,0.0
84,URLLC,1,6G_2,6G,0,0.0,0.0,0.0
84,URLLC,2,WiFi_1,WiFi,0,0.0,0.0,0.0
84,URLLC,3,WiFi_2,WiFi,0,0.0,0.0,0.0
84,URLLC,4,WiFi_3,WiFi,0,0.0,0.0,0.0
84,URLLC,5,WiFi_4,WiFi,0,0.0,0.0,0.0
84,URLLC,6,Satellite_1,Satellite,0,0.0,0.0,0.0
84,URLLC,7,Satellite_2,Satellite,1,2934373.821474969,14411738.088085657,2934373.821474969
85,URLLC,0,6G_1,6G,0,0.0,0.0,0.0
85,URLLC,1,6G_2,6G,0,0.0,0.0,0.0
85,URLLC,2,WiFi_1,WiFi,0,0.0,0.0,0.0
85,URLLC,3,WiFi_2,WiFi,0,0.0,0.0,0.0
85,URLLC,4,WiFi_3,WiFi,0,0.0,0.0,0.0
85,URLLC,5,WiFi_4,WiFi,0,0.0,0.0,0.0
85,URLLC,6,Satellite_1,Satellite,0,0.0,0.0,0.0
85,URLLC,7,Satellite_2,Satellite,1,6003430.9392190445,14411738.088085657,6003430.9392190445
86,URLLC,0,6G_1,6G,0,0.0,0.0,0.0
86,URLLC,1,6G_2,6G,0,0.0,0.0,0.0
86,URLLC,2,WiFi_1,WiFi,0,0.0,0.0,0.0
86,URLLC,3,WiFi_2,WiFi,0,0.0,0.0,0.0
86,URLLC,4,WiFi_3,WiFi,0,0.0,0.0,0.0
86,URLLC,5,WiFi_4,WiFi,0,0.0,0.0,0.0
86,URLLC,6,Satellite_1,Satellite,0,0.0,0.0,0.0
86,URLLC,7,Satellite_2,Satellite,1,374263.42073456635,14411738.088085657,374263.42073456635
87,URLLC,0,6G_1,6G,0,0.0,0.0,0.0
87,URLLC,1,6G_2,6G,0,0.0,0.0,0.0
87,URLLC,2,WiFi_1,WiFi,0,0.0,0.0,0.0
87,URLLC,3,WiFi_2,WiFi,0,0.0,0.0,0.0
87,URLLC,4,WiFi_3,WiFi,0,0.0,0.0,0.0
87,URLLC,5,WiFi_4,WiFi,0,0.0,0.0,0.0
87,URLLC,6,Satellite_1,Satellite,0,0.0,0.0,0.0
87,URLLC,7,Satellite_2,Satellite,1,2663884.5717873173,14411738.088085657,2663884.5717873173
88,URLLC,0,6G_1,6G,0,0.0,0.0,0.0
88,URLLC,1,6G_2,6G,0,0.0,0.0,0.0
88,URLLC,2,WiFi_1,WiFi,0,0.0,0.0,0.0
88,URLLC,3,WiFi_2,WiFi,0,0.0,0.0,0.0
88,URLLC,4,WiFi_3,WiFi,0,0.0,0.0,0.0
88,URLLC,5,WiFi_4,WiFi,0,0.0,0.0,0.0
88,URLLC,6,Satellite_1,Satellite,0,0.0,0.0,0.0
88,URLLC,7,Satellite_2,Satellite,1,1101345.7721038717,14411738.088085657,1101345.7721038717
89,URLLC,0,6G_1,6G,0,0.0,0.0,0.0
89,URLLC,1,6G_2,6G,0,0.0,0.0,0.0
89,URLLC,2,WiFi_1,WiFi,0,0.0,0.0,0.0
89,URLLC,3,WiFi_2,WiFi,0,0.0,0.0,0.0
89,URLLC,4,WiFi_3,WiFi,0,0.0,0.0,0.0
89,URLLC,5,WiFi_4,WiFi,0,0.0,0.0,0.0
89,URLLC,6,Satellite_1,Satellite,0,0.0,0.0,0.0
89,URLLC,7,Satellite_2,Satellite,1,5165951.352117893,14411738.088085657,5165951.352117893
90,URLLC,0,6G_1,6G,0,0.0,0.0,0.0
90,URLLC,1,6G_2,6G,0,0.0,0.0,0.0
90,URLLC,2,WiFi_1,WiFi,0,0.0,0.0,0.0
90,URLLC,3,WiFi_2,WiFi,0,0.0,0.0,0.0
90,URLLC,4,WiFi_3,WiFi,0,0.0,0.0,0.0
90,URLLC,5,WiFi_4,WiFi,0,0.0,0.0,0.0
90,URLLC,6,Satellite_1,Satellite,0,0.0,0.0,0.0
90,URLLC,7,Satellite_2,Satellite,1,3188488.2659230973,14411738.088085657,3188488.2659230973
91,URLLC,0,6G_1,6G,0,0.0,0.0,0.0
91,URLLC,1,6G_2,6G,0,0.0,0.0,0.0
91,URLLC,2,WiFi_1,WiFi,0,0.0,0.0,0.0
91,URLLC,3,WiFi_2,WiFi,0,0.0,0.0,0.0
91,URLLC,4,WiFi_3,WiFi,0,0.0,0.0,0.0
91,URLLC,5,WiFi_4,WiFi,0,0.0,0.0,0.0
91,URLLC,6,Satellite_1,Satellite,1,698429.6230910724,14411738.088085657,698429.6230910724
91,URLLC,7,Satellite_2,Satellite,0,0.0,0.0,0.0
92,URLLC,0,6G_1,6G,0,0.0,0.0,0.0
92,URLLC,1,6G_2,6G,0,0.0,0.0,0.0
92,URLLC,2,WiFi_1,WiFi,0,0.0,0.0,0.0
92,URLLC,3,WiFi_2,WiFi,0,0.0,0.0,0.0
92,URLLC,4,WiFi_3,WiFi,0,0.0,0.0,0.0
92,URLLC,5,WiFi_4,WiFi,0,0.0,0.0,0.0
92,URLLC,6,Satellite_1,Satellite,1,4011883.244926094,14411738.088085657,4011883.244926094
92,URLLC,7,Satellite_2,Satellite,0,0.0,0.0,0.0
93,URLLC,0,6G_1,6G,0,0.0,0.0,0.0
93,URLLC,1,6G_2,6G,0,0.0,0.0,0.0
93,URLLC,2,WiFi_1,WiFi,0,0.0,0.0,0.0
93,URLLC,3,WiFi_2,WiFi,0,0.0,0.0,0.0
93,URLLC,4,WiFi_3,WiFi,0,0.0,0.0,0.0
93,URLLC,5,WiFi_4,WiFi,0,0.0,0.0,0.0
93,URLLC,6,Satellite_1,Satellite,1,3085155.7166732135,14411738.088085657,3085155.7166732135
93,URLLC,7,Satellite_2,Satellite,0,0.0,0.0,0.0
94,URLLC,0,6G_1,6G,0,0.0,0.0,0.0
94,URLLC,1,6G_2,6G,0,0.0,0.0,0.0
94,URLLC,2,WiFi_1,WiFi,0,0.0,0.0,0.0
94,URLLC,3,WiFi_2,WiFi,0,0.0,0.0,0.0
94,URLLC,4,WiFi_3,WiFi,0,0.0,0.0,0.0
94,URLLC,5,WiFi_4,WiFi,0,0.0,0.0,0.0
94,URLLC,6,Satellite_1,Satellite,1,2607177.8242764333,14411738.088085657,2607177.8242764333
94,URLLC,7,Satellite_2,Satellite,0,0.0,0.0,0.0
95,URLLC,0,6G_1,6G,0,0.0,0.0,0.0
95,URLLC,1,6G_2,6G,0,0.0,0.0,0.0
95,URLLC,2,WiFi_1,WiFi,0,0.0,0.0,0.0
95,URLLC,3,WiFi_2,WiFi,0,0.0,0.0,0.0
95,URLLC,4,WiFi_3,WiFi,0,0.0,0.0,0.0
95,URLLC,5,WiFi_4,WiFi,0,0.0,0.0,0.0
95,URLLC,6,Satellite_1,Satellite,0,0.0,0.0,0.0
95,URLLC,7,Satellite_2,Satellite,1,2201656.2380437106,14411738.088085657,2201656.2380437106
96,URLLC,0,6G_1,6G,0,0.0,0.0,0.0
96,URLLC,1,6G_2,6G,0,0.0,0.0,0.0
96,URLLC,2,WiFi_1,WiFi,0,0.0,0.0,0.0
96,URLLC,3,WiFi_2,WiFi,0,0.0,0.0,0.0
96,URLLC,4,WiFi_3,WiFi,0,0.0,0.0,0.0
96,URLLC,5,WiFi_4,WiFi,0,0.0,0.0,0.0
96,URLLC,6,Satellite_1,Satellite,1,2092936.7011924197,14411738.088085657,2092936.7011924197
96,URLLC,7,Satellite_2,Satellite,0,0.0,0.0,0.0
97,URLLC,0,6G_1,6G,0,0.0,0.0,0.0
97,URLLC,1,6G_2,6G,0,0.0,0.0,0.0
97,URLLC,2,WiFi_1,WiFi,0,0.0,0.0,0.0
97,URLLC,3,WiFi_2,WiFi,0,0.0,0.0,0.0
97,URLLC,4,WiFi_3,WiFi,0,0.0,0.0,0.0
97,URLLC,5,WiFi_4,WiFi,0,0.0,0.0,0.0
97,URLLC,6,Satellite_1,Satellite,0,0.0,0.0,0.0
97,URLLC,7,Satellite_2,Satellite,1,2781876.321966164,14411738.088085657,2781876.321966164
98,URLLC,0,6G_1,6G,0,0.0,0.0,0.0
98,URLLC,1,6G_2,6G,0,0.0,0.0,0.0
98,URLLC,2,WiFi_1,WiFi,0,0.0,0.0,0.0
98,URLLC,3,WiFi_2,WiFi,0,0.0,0.0,0.0
98,URLLC,4,WiFi_3,WiFi,0,0.0,0.0,0.0
98,URLLC,5,WiFi_4,WiFi,0,0.0,0.0,0.0
98,URLLC,6,Satellite_1,Satellite,0,0.0,0.0,0.0
98,URLLC,7,Satellite_2,Satellite,1,393987.4500074283,14411738.088085657,393987.4500074283
99,URLLC,0,6G_1,6G,0,0.0,0.0,0.0
99,URLLC,1,6G_2,6G,0,0.0,0.0,0.0
99,URLLC,2,WiFi_1,WiFi,0,0.0,0.0,0.0
99,URLLC,3,WiFi_2,WiFi,0,0.0,0.0,0.0
99,URLLC,4,WiFi_3,WiFi,0,0.0,0.0,0.0
99,URLLC,5,WiFi_4,WiFi,0,0.0,0.0,0.0
99,URLLC,6,Satellite_1,Satellite,1,3018672.373639031,14411738.088085657,3018672.373639031
99,URLLC,7,Satellite_2,Satellite,0,0.0,0.0,0.0
100,URLLC,0,6G_1,6G,0,0.0,0.0,0.0
100,URLLC,1,6G_2,6G,0,0.0,0.0,0.0
100,URLLC,2,WiFi_1,WiFi,0,0.0,0.0,0.0
100,URLLC,3,WiFi_2,WiFi,0,0.0,0.0,0.0
100,URLLC,4,WiFi_3,WiFi,0,0.0,0.0,0.0
100,URLLC,5,WiFi_4,WiFi,0,0.0,0.0,0.0
100,URLLC,6,Satellite_1,Satellite,1,5320910.623890319,14411738.088085657,5320910.623890319
100,URLLC,7,Satellite_2,Satellite,0,0.0,0.0,0.0
101,URLLC,0,6G_1,6G,0,0.0,0.0,0.0
101,URLLC,1,6G_2,6G,0,0.0,0.0,0.0
101,URLLC,2,WiFi_1,WiFi,0,0.0,0.0,0.0
101,URLLC,3,WiFi_2,WiFi,0,0.0,0.0,0.0
101,URLLC,4,WiFi_3,WiFi,0,0.0,0.0,0.0
101,URLLC,5,WiFi_4,WiFi,0,0.0,0.0,0.0
101,URLLC,6,Satellite_1,Satellite,0,0.0,0.0,0.0
101,URLLC,7,Satellite_2,Satellite,1,5106944.800011763,14411738.088085657,5106944.800011763
102,URLLC,0,6G_1,6G,0,0.0,0.0,0.0
102,URLLC,1,6G_2,6G,0,0.0,0.0,0.0
102,URLLC,2,WiFi_1,WiFi,0,0.0,0.0,0.0
102,URLLC,3,WiFi_2,WiFi,0,0.0,0.0,0.0
102,URLLC,4,WiFi_3,WiFi,0,0.0,0.0,0.0
102,URLLC,5,WiFi_4,WiFi,0,0.0,0.0,0.0
102,URLLC,6,Satellite_1,Satellite,1,1505181.398880808,14411738.088085657,1505181.398880808
102,URLLC,7,Satellite_2,Satellite,0,0.0,0.0,0.0
103,URLLC,0,6G_1,6G,0,0.0,0.0,0.0
103,URLLC,1,6G_2,6G,0,0.0,0.0,0.0
103,URLLC,2,WiFi_1,WiFi,0,0.0,0.0,0.0
103,URLLC,3,WiFi_2,WiFi,0,0.0,0.0,0.0
103,URLLC,4,WiFi_3,WiFi,0,0.0,0.0,0.0
103,URLLC,5,WiFi_4,WiFi,0,0.0,0.0,0.0
103,URLLC,6,Satellite_1,Satellite,1,99152.89339041308,14411738.088085657,99152.89339041308
103,URLLC,7,Satellite_2,Satellite,0,0.0,0.0,0.0
104,URLLC,0,6G_1,6G,0,0.0,0.0,0.0
104,URLLC,1,6G_2,6G,0,0.0,0.0,0.0
104,URLLC,2,WiFi_1,WiFi,0,0.0,0.0,0.0
104,URLLC,3,WiFi_2,WiFi,0,0.0,0.0,0.0
104,URLLC,4,WiFi_3,WiFi,0,0.0,0.0,0.0
104,URLLC,5,WiFi_4,WiFi,0,0.0,0.0,0.0
104,URLLC,6,Satellite_1,Satellite,1,2776411.3922767146,14411738.088085657,2776411.3922767146
104,URLLC,7,Satellite_2,Satellite,0,0.0,0.0,0.0
105,URLLC,0,6G_1,6G,0,0.0,0.0,0.0
105,URLLC,1,6G_2,6G,0,0.0,0.0,0.0
105,URLLC,2,WiFi_1,WiFi,0,0.0,0.0,0.0
105,URLLC,3,WiFi_2,WiFi,0,0.0,0.0,0.0
105,URLLC,4,WiFi_3,WiFi,0,0.0,0.0,0.0
105,URLLC,5,WiFi_4,WiFi,0,0.0,0.0,0.0
105,URLLC,6,Satellite_1,Satellite,1,2345047.0380314896,14411738.088085657,2345047.0380314896
105,URLLC,7,Satellite_2,Satellite,0,0.0,0.0,0.0
106,URLLC,0,6G_1,6G,0,0.0,0.0,0.0
106,URLLC,1,6G_2,6G,0,0.0,0.0,0.0
106,URLLC,2,WiFi_1,WiFi,0,0.0,0.0,0.0
106,URLLC,3,WiFi_2,WiFi,0,0.0,0.0,0.0
106,URLLC,4,WiFi_3,WiFi,0,0.0,0.0,0.0
106,URLLC,5,WiFi_4,WiFi,0,0.0,0.0,0.0
106,URLLC,6,Satellite_1,Satellite,0,0.0,0.0,0.0
106,URLLC,7,Satellite_2,Satellite,1,2617589.885090394,14411738.088085657,2617589.885090394
107,URLLC,0,6G_1,6G,0,0.0,0.0,0.0
107,URLLC,1,6G_2,6G,0,0.0,0.0,0.0
107,URLLC,2,WiFi_1,WiFi,0,0.0,0.0,0.0
107,URLLC,3,WiFi_2,WiFi,0,0.0,0.0,0.0
107,URLLC,4,WiFi_3,WiFi,0,0.0,0.0,0.0
107,URLLC,5,WiFi_4,WiFi,0,0.0,0.0,0.0
107,URLLC,6,Satellite_1,Satellite,1,2641482.2076534466,14411738.088085657,2641482.2076534466
107,URLLC,7,Satellite_2,Satellite,0,0.0,0.0,0.0
108,URLLC,0,6G_1,6G,0,0.0,0.0,0.0
108,URLLC,1,6G_2,6G,0,0.0,0.0,0.0
108,URLLC,2,WiFi_1,WiFi,0,0.0,0.0,0.0
108,URLLC,3,WiFi_2,WiFi,0,0.0,0.0,0.0
108,URLLC,4,WiFi_3,WiFi,0,0.0,0.0,0.0
108,URLLC,5,WiFi_4,WiFi,0,0.0,0.0,0.0
108,URLLC,6,Satellite_1,Satellite,1,2983746.908427784,14411738.088085657,2983746.908427784
108,URLLC,7,Satellite_2,Satellite,0,0.0,0.0,0.0
109,URLLC,0,6G_1,6G,0,0.0,0.0,0.0
109,URLLC,1,6G_2,6G,0,0.0,0.0,0.0
109,URLLC,2,WiFi_1,WiFi,0,0.0,0.0,0.0
109,URLLC,3,WiFi_2,WiFi,0,0.0,0.0,0.0
109,URLLC,4,WiFi_3,WiFi,0,0.0,0.0,0.0
109,URLLC,5,WiFi_4,WiFi,0,0.0,0.0,0.0
109,URLLC,6,Satellite_1,Satellite,1,3900793.468711836,14411738.088085657,3900793.468711836
109,URLLC,7,Satellite_2,Satellite,0,0.0,0.0,0.0
110,URLLC,0,6G_1,6G,0,0.0,0.0,0.0
110,URLLC,1,6G_2,6G,0,0.0,0.0,0.0
110,URLLC,2,WiFi_1,WiFi,0,0.0,0.0,0.0
110,URLLC,3,WiFi_2,WiFi,0,0.0,0.0,0.0
110,URLLC,4,WiFi_3,WiFi,0,0.0,0.0,0.0
110,URLLC,5,WiFi_4,WiFi,0,0.0,0.0,0.0
110,URLLC,6,Satellite_1,Satellite,1,870966.3423042415,14411738.088085657,870966.3423042415
110,URLLC,7,Satellite_2,Satellite,0,0.0,0.0,0.0
111,URLLC,0,6G_1,6G,0,0.0,0.0,0.0
111,URLLC,1,6G_2,6G,0,0.0,0.0,0.0
111,URLLC,2,WiFi_1,WiFi,0,0.0,0.0,0.0
111,URLLC,3,WiFi_2,WiFi,0,0.0,0.0,0.0
111,URLLC,4,WiFi_3,WiFi,0,0.0,0.0,0.0
111,URLLC,5,WiFi_4,WiFi,0,0.0,0.0,0.0
111,URLLC,6,Satellite_1,Satellite,0,0.0,0.0,0.0
111,URLLC,7,Satellite_2,Satellite,1,3724281.0774118644,14411738.088085657,3724281.0774118644
112,URLLC,0,6G_1,6G,0,0.0,0.0,0.0
112,URLLC,1,6G_2,6G,0,0.0,0.0,0.0
112,URLLC,2,WiFi_1,WiFi,0,0.0,0.0,0.0
112,URLLC,3,WiFi_2,WiFi,0,0.0,0.0,0.0
112,URLLC,4,WiFi_3,WiFi,0,0.0,0.0,0.0
112,URLLC,5,WiFi_4,WiFi,0,0.0,0.0,0.0
112,URLLC,6,Satellite_1,Satellite,0,0.0,0.0,0.0
112,URLLC,7,Satellite_2,Satellite,1,3898268.7665040027,14411738.088085657,3898268.7665040027
113,URLLC,0,6G_1,6G,0,0.0,0.0,0.0
113,URLLC,1,6G_2,6G,0,0.0,0.0,0.0
113,URLLC,2,WiFi_1,WiFi,0,0.0,0.0,0.0
113,URLLC,3,WiFi_2,WiFi,0,0.0,0.0,0.0
113,URLLC,4,WiFi_3,WiFi,0,0.0,0.0,0.0
113,URLLC,5,WiFi_4,WiFi,0,0.0,0.0,0.0
113,URLLC,6,Satellite_1,Satellite,0,0.0,0.0,0.0
113,URLLC,7,Satellite_2,Satellite,1,1397895.8443741468,14411738.088085657,1397895.8443741468
114,URLLC,0,6G_1,6G,0,0.0,0.0,0.0
114,URLLC,1,6G_2,6G,0,0.0,0.0,0.0
114,URLLC,2,WiFi_1,WiFi,0,0.0,0.0,0.0
114,URLLC,3,WiFi_2,WiFi,0,0.0,0.0,0.0
114,URLLC,4,WiFi_3,WiFi,0,0.0,0.0,0.0
114,URLLC,5,WiFi_4,WiFi,0,0.0,0.0,0.0
114,URLLC,6,Satellite_1,Satellite,1,3867057.7911056103,14411738.088085657,3867057.7911056103
114,URLLC,7,Satellite_2,Satellite,0,0.0,0.0,0.0
115,URLLC,0,6G_1,6G,0,0.0,0.0,0.0
115,URLLC,1,6G_2,6G,0,0.0,0.0,0.0
115,URLLC,2,WiFi_1,WiFi,0,0.0,0.0,0.0
115,URLLC,3,WiFi_2,WiFi,0,0.0,0.0,0.0
115,URLLC,4,WiFi_3,WiFi,0,0.0,0.0,0.0
115,URLLC,5,WiFi_4,WiFi,0,0.0,0.0,0.0
115,URLLC,6,Satellite_1,Satellite,0,0.0,0.0,0.0
115,URLLC,7,Satellite_2,Satellite,1,5070973.904548081,14411738.088085657,5070973.904548081
116,URLLC,0,6G_1,6G,0,0.0,0.0,0.0
116,URLLC,1,6G_2,6G,0,0.0,0.0,0.0
116,URLLC,2,WiFi_1,WiFi,0,0.0,0.0,0.0
116,URLLC,3,WiFi_2,WiFi,0,0.0,0.0,0.0
116,URLLC,4,WiFi_3,WiFi,0,0.0,0.0,0.0
116,URLLC,5,WiFi_4,WiFi,0,0.0,0.0,0.0
116,URLLC,6,Satellite_1,Satellite,1,795895.8001515594,14411738.088085657,795895.8001515594
116,URLLC,7,Satellite_2,Satellite,0,0.0,0.0,0.0
117,URLLC,0,6G_1,6G,0,0.0,0.0,0.0
117,URLLC,1,6G_2,6G,0,0.0,0.0,0.0
117,URLLC,2,WiFi_1,WiFi,0,0.0,0.0,0.0
117,URLLC,3,WiFi_2,WiFi,0,0.0,0.0,0.0
117,URLLC,4,WiFi_3,WiFi,0,0.0,0.0,0.0
117,URLLC,5,WiFi_4,WiFi,0,0.0,0.0,0.0
117,URLLC,6,Satellite_1,Satellite,1,4073591.071722103,14411738.088085657,4073591.071722103
117,URLLC,7,Satellite_2,Satellite,0,0.0,0.0,0.0
118,URLLC,0,6G_1,6G,0,0.0,0.0,0.0
118,URLLC,1,6G_2,6G,0,0.0,0.0,0.0
118,URLLC,2,WiFi_1,WiFi,0,0.0,0.0,0.0
118,URLLC,3,WiFi_2,WiFi,0,0.0,0.0,0.0
118,URLLC,4,WiFi_3,WiFi,0,0.0,0.0,0.0
118,URLLC,5,WiFi_4,WiFi,0,0.0,0.0,0.0
118,URLLC,6,Satellite_1,Satellite,1,4677456.582352945,14411738.088085657,4677456.582352945
118,URLLC,7,Satellite_2,Satellite,0,0.0,0.0,0.0
119,URLLC,0,6G_1,6G,0,0.0,0.0,0.0
119,URLLC,1,6G_2,6G,0,0.0,0.0,0.0
119,URLLC,2,WiFi_1,WiFi,0,0.0,0.0,0.0
119,URLLC,3,WiFi_2,WiFi,0,0.0,0.0,0.0
119,URLLC,4,WiFi_3,WiFi,0,0.0,0.0,0.0
119,URLLC,5,WiFi_4,WiFi,0,0.0,0.0,0.0
119,URLLC,6,Satellite_1,Satellite,1,202634.67302875812,14411738.088085657,202634.67302875812
119,URLLC,7,Satellite_2,Satellite,0,0.0,0.0,0.0
120,URLLC,0,6G_1,6G,0,0.0,0.0,0.0
120,URLLC,1,6G_2,6G,0,0.0,0.0,0.0
120,URLLC,2,WiFi_1,WiFi,0,0.0,0.0,0.0
120,URLLC,3,WiFi_2,WiFi,0,0.0,0.0,0.0
120,URLLC,4,WiFi_3,WiFi,0,0.0,0.0,0.0
120,URLLC,5,WiFi_4,WiFi,0,0.0,0.0,0.0
120,URLLC,6,Satellite_1,Satellite,0,0.0,0.0,0.0
120,URLLC,7,Satellite_2,Satellite,1,3972565.9016208015,14411738.088085657,3972565.9016208015
121,URLLC,0,6G_1,6G,0,0.0,0.0,0.0
121,URLLC,1,6G_2,6G,0,0.0,0.0,0.0
121,URLLC,2,WiFi_1,WiFi,0,0.0,0.0,0.0
121,URLLC,3,WiFi_2,WiFi,0,0.0,0.0,0.0
121,URLLC,4,WiFi_3,WiFi,0,0.0,0.0,0.0
121,URLLC,5,WiFi_4,WiFi,0,0.0,0.0,0.0
121,URLLC,6,Satellite_1,Satellite,1,4998245.797686439,14411738.088085657,4998245.797686439
121,URLLC,7,Satellite_2,Satellite,0,0.0,0.0,0.0
122,URLLC,0,6G_1,6G,0,0.0,0.0,0.0
122,URLLC,1,6G_2,6G,1,63553223.62059047,40000000.0,40000000.0
122,URLLC,2,WiFi_1,WiFi,0,0.0,0.0,0.0
122,URLLC,3,WiFi_2,WiFi,0,0.0,0.0,0.0
122,URLLC,4,WiFi_3,WiFi,0,0.0,0.0,0.0
122,URLLC,5,WiFi_4,WiFi,0,0.0,0.0,0.0
122,URLLC,6,Satellite_1,Satellite,0,0.0,0.0,0.0
122,URLLC,7,Satellite_2,Satellite,0,0.0,0.0,0.0
123,URLLC,0,6G_1,6G,0,0.0,0.0,0.0
123,URLLC,1,6G_2,6G,0,0.0,0.0,0.0
123,URLLC,2,WiFi_1,WiFi,0,0.0,0.0,0.0
123,URLLC,3,WiFi_2,WiFi,0,0.0,0.0,0.0
123,URLLC,4,WiFi_3,WiFi,0,0.0,0.0,0.0
123,URLLC,5,WiFi_4,WiFi,0,0.0,0.0,0.0
123,URLLC,6,Satellite_1,Satellite,1,5116527.434244356,14411738.088085657,5116527.434244356
123,URLLC,7,Satellite_2,Satellite,0,0.0,0.0,0.0
124,URLLC,0,6G_1,6G,0,0.0,0.0,0.0
124,URLLC,1,6G_2,6G,0,0.0,0.0,0.0
124,URLLC,2,WiFi_1,WiFi,0,0.0,0.0,0.0
124,URLLC,3,WiFi_2,WiFi,0,0.0,0.0,0.0
124,URLLC,4,WiFi_3,WiFi,0,0.0,0.0,0.0
124,URLLC,5,WiFi_4,WiFi,0,0.0,0.0,0.0
124,URLLC,6,Satellite_1,Satellite,1,6005802.452087433,14411738.088085657,6005802.452087433
124,URLLC,7,Satellite_2,Satellite,0,0.0,0.0,0.0
125,URLLC,0,6G_1,6G,0,0.0,0.0,0.0
125,URLLC,1,6G_2,6G,0,0.0,0.0,0.0
125,URLLC,2,WiFi_1,WiFi,0,0.0,0.0,0.0
125,URLLC,3,WiFi_2,WiFi,0,0.0,0.0,0.0
125,URLLC,4,WiFi_3,WiFi,0,0.0,0.0,0.0
125,URLLC,5,WiFi_4,WiFi,0,0.0,0.0,0.0
125,URLLC,6,Satellite_1,Satellite,1,1975916.8215507404,14411738.088085657,1975916.8215507404
125,URLLC,7,Satellite_2,Satellite,0,0.0,0.0,0.0
126,URLLC,0,6G_1,6G,0,0.0,0.0,0.0
126,URLLC,1,6G_2,6G,0,0.0,0.0,0.0
126,URLLC,2,WiFi_1,WiFi,0,0.0,0.0,0.0
126,URLLC,3,WiFi_2,WiFi,0,0.0,0.0,0.0
126,URLLC,4,WiFi_3,WiFi,0,0.0,0.0,0.0
126,URLLC,5,WiFi_4,WiFi,0,0.0,0.0,0.0
126,URLLC,6,Satellite_1,Satellite,0,0.0,0.0,0.0
126,URLLC,7,Satellite_2,Satellite,1,1148821.844465812,14411738.088085657,1148821.844465812
127,URLLC,0,6G_1,6G,0,0.0,0.0,0.0
127,URLLC,1,6G_2,6G,0,0.0,0.0,0.0
127,URLLC,2,WiFi_1,WiFi,0,0.0,0.0,0.0
127,URLLC,3,WiFi_2,WiFi,0,0.0,0.0,0.0
127,URLLC,4,WiFi_3,WiFi,0,0.0,0.0,0.0
127,URLLC,5,WiFi_4,WiFi,0,0.0,0.0,0.0
127,URLLC,6,Satellite_1,Satellite,0,0.0,0.0,0.0
127,URLLC,7,Satellite_2,Satellite,1,5023999.721166205,14411738.088085657,5023999.721166205
128,URLLC,0,6G_1,6G,0,0.0,0.0,0.0
128,URLLC,1,6G_2,6G,0,0.0,0.0,0.0
128,URLLC,2,WiFi_1,WiFi,0,0.0,0.0,0.0
128,URLLC,3,WiFi_2,WiFi,0,0.0,0.0,0.0
128,URLLC,4,WiFi_3,WiFi,0,0.0,0.0,0.0
128,URLLC,5,WiFi_4,WiFi,0,0.0,0.0,0.0
128,URLLC,6,Satellite_1,Satellite,0,0.0,0.0,0.0
128,URLLC,7,Satellite_2,Satellite,1,749120.858044141,14411738.088085657,749120.858044141
129,URLLC,0,6G_1,6G,0,0.0,0.0,0.0
129,URLLC,1,6G_2,6G,0,0.0,0.0,0.0
129,URLLC,2,WiFi_1,WiFi,0,0.0,0.0,0.0
129,URLLC,3,WiFi_2,WiFi,0,0.0,0.0,0.0
129,URLLC,4,WiFi_3,WiFi,0,0.0,0.0,0.0
129,URLLC,5,WiFi_4,WiFi,0,0.0,0.0,0.0
129,URLLC,6,Satellite_1,Satellite,0,0.0,0.0,0.0
129,URLLC,7,Satellite_2,Satellite,1,1758789.7324418947,14411738.088085657,1758789.7324418947
130,URLLC,0,6G_1,6G,0,0.0,0.0,0.0
130,URLLC,1,6G_2,6G,0,0.0,0.0,0.0
130,URLLC,2,WiFi_1,WiFi,0,0.0,0.0,0.0
130,URLLC,3,WiFi_2,WiFi,0,0.0,0.0,0.0
130,URLLC,4,WiFi_3,WiFi,0,0.0,0.0,0.0
130,URLLC,5,WiFi_4,WiFi,0,0.0,0.0,0.0
130,URLLC,6,Satellite_1,Satellite,1,2527336.07796849,14411738.088085657,2527336.07796849
130,URLLC,7,Satellite_2,Satellite,0,0.0,0.0,0.0
131,URLLC,0,6G_1,6G,0,0.0,0.0,0.0
131,URLLC,1,6G_2,6G,0,0.0,0.0,0.0
131,URLLC,2,WiFi_1,WiFi,0,0.0,0.0,0.0
131,URLLC,3,WiFi_2,WiFi,0,0.0,0.0,0.0
131,URLLC,4,WiFi_3,WiFi,0,0.0,0.0,0.0
131,URLLC,5,WiFi_4,WiFi,0,0.0,0.0,0.0
131,URLLC,6,Satellite_1,Satellite,0,0.0,0.0,0.0
131,URLLC,7,Satellite_2,Satellite,1,4927536.847972462,14411738.088085657,4927536.847972462
132,URLLC,0,6G_1,6G,0,0.0,0.0,0.0
132,URLLC,1,6G_2,6G,0,0.0,0.0,0.0
132,URLLC,2,WiFi_1,WiFi,0,0.0,0.0,0.0
132,URLLC,3,WiFi_2,WiFi,0,0.0,0.0,0.0
132,URLLC,4,WiFi_3,WiFi,0,0.0,0.0,0.0
132,URLLC,5,WiFi_4,WiFi,0,0.0,0.0,0.0
132,URLLC,6,Satellite_1,Satellite,0,0.0,0.0,0.0
132,URLLC,7,Satellite_2,Satellite,1,3481162.3438678943,14411738.088085657,3481162.3438678943
133,URLLC,0,6G_1,6G,0,0.0,0.0,0.0
133,URLLC,1,6G_2,6G,0,0.0,0.0,0.0
133,URLLC,2,WiFi_1,WiFi,0,0.0,0.0,0.0
133,URLLC,3,WiFi_2,WiFi,0,0.0,0.0,0.0
133,URLLC,4,WiFi_3,WiFi,0,0.0,0.0,0.0
133,URLLC,5,WiFi_4,WiFi,0,0.0,0.0,0.0
133,URLLC,6,Satellite_1,Satellite,1,937079.0605039215,14411738.088085657,937079.0605039215
133,URLLC,7,Satellite_2,Satellite,0,0.0,0.0,0.0
134,URLLC,0,6G_1,6G,0,0.0,0.0,0.0
134,URLLC,1,6G_2,6G,0,0.0,0.0,0.0
134,URLLC,2,WiFi_1,WiFi,0,0.0,0.0,0.0
134,URLLC,3,WiFi_2,WiFi,0,0.0,0.0,0.0
134,URLLC,4,WiFi_3,WiFi,0,0.0,0.0,0.0
134,URLLC,5,WiFi_4,WiFi,0,0.0,0.0,0.0
134,URLLC,6,Satellite_1,Satellite,0,0.0,0.0,0.0
134,URLLC,7,Satellite_2,Satellite,1,794256.0519252383,14411738.088085657,794256.0519252383
135,URLLC,0,6G_1,6G,0,0.0,0.0,0.0
135,URLLC,1,6G_2,6G,0,0.0,0.0,0.0
135,URLLC,2,WiFi_1,WiFi,0,0.0,0.0,0.0
135,URLLC,3,WiFi_2,WiFi,0,0.0,0.0,0.0
135,URLLC,4,WiFi_3,WiFi,0,0.0,0.0,0.0
135,URLLC,5,WiFi_4,WiFi,0,0.0,0.0,0.0
135,URLLC,6,Satellite_1,Satellite,1,2754747.667635403,14411738.088085657,2754747.667635403
135,URLLC,7,Satellite_2,Satellite,0,0.0,0.0,0.0
136,URLLC,0,6G_1,6G,0,0.0,0.0,0.0
136,URLLC,1,6G_2,6G,0,0.0,0.0,0.0
136,URLLC,2,WiFi_1,WiFi,0,0.0,0.0,0.0
136,URLLC,3,WiFi_2,WiFi,0,0.0,0.0,0.0
136,URLLC,4,WiFi_3,WiFi,0,0.0,0.0,0.0
136,URLLC,5,WiFi_4,WiFi,0,0.0,0.0,0.0
136,URLLC,6,Satellite_1,Satellite,0,0.0,0.0,0.0
136,URLLC,7,Satellite_2,Satellite,1,3898040.571140482,14411738.088085657,3898040.571140482
137,URLLC,0,6G_1,6G,0,0.0,0.0,0.0
137,URLLC,1,6G_2,6G,0,0.0,0.0,0.0
137,URLLC,2,WiFi_1,WiFi,0,0.0,0.0,0.0
137,URLLC,3,WiFi_2,WiFi,0,0.0,0.0,0.0
137,URLLC,4,WiFi_3,WiFi,0,0.0,0.0,0.0
137,URLLC,5,WiFi_4,WiFi,0,0.0,0.0,0.0
137,URLLC,6,Satellite_1,Satellite,1,4478493.09137643,14411738.088085657,4478493.09137643
137,URLLC,7,Satellite_2,Satellite,0,0.0,0.0,0.0
138,URLLC,0,6G_1,6G,0,0.0,0.0,0.0
138,URLLC,1,6G_2,6G,0,0.0,0.0,0.0
138,URLLC,2,WiFi_1,WiFi,0,0.0,0.0,0.0
138,URLLC,3,WiFi_2,WiFi,0,0.0,0.0,0.0
138,URLLC,4,WiFi_3,WiFi,0,0.0,0.0,0.0
138,URLLC,5,WiFi_4,WiFi,0,0.0,0.0,0.0
138,URLLC,6,Satellite_1,Satellite,0,0.0,0.0,0.0
138,URLLC,7,Satellite_2,Satellite,1,867817.5656105587,14411738.088085657,867817.5656105587
139,URLLC,0,6G_1,6G,0,0.0,0.0,0.0
139,URLLC,1,6G_2,6G,0,0.0,0.0,0.0
139,URLLC,2,WiFi_1,WiFi,0,0.0,0.0,0.0
139,URLLC,3,WiFi_2,WiFi,0,0.0,0.0,0.0
139,URLLC,4,WiFi_3,WiFi,0,0.0,0.0,0.0
139,URLLC,5,WiFi_4,WiFi,0,0.0,0.0,0.0
139,URLLC,6,Satellite_1,Satellite,0,0.0,0.0,0.0
139,URLLC,7,Satellite_2,Satellite,1,869249.6466929866,14411738.088085657,869249.6466929866
140,URLLC,0,6G_1,6G,0,0.0,0.0,0.0
140,URLLC,1,6G_2,6G,0,0.0,0.0,0.0
140,URLLC,2,WiFi_1,WiFi,0,0.0,0.0,0.0
140,URLLC,3,WiFi_2,WiFi,0,0.0,0.0,0.0
140,URLLC,4,WiFi_3,WiFi,0,0.0,0.0,0.0
140,URLLC,5,WiFi_4,WiFi,0,0.0,0.0,0.0
140,URLLC,6,Satellite_1,Satellite,0,0.0,0.0,0.0
140,URLLC,7,Satellite_2,Satellite,1,5824936.258496964,14411738.088085657,5824936.258496964
141,URLLC,0,6G_1,6G,0,0.0,0.0,0.0
141,URLLC,1,6G_2,6G,0,0.0,0.0,0.0
141,URLLC,2,WiFi_1,WiFi,0,0.0,0.0,0.0
141,URLLC,3,WiFi_2,WiFi,0,0.0,0.0,0.0
141,URLLC,4,WiFi_3,WiFi,0,0.0,0.0,0.0
141,URLLC,5,WiFi_4,WiFi,0,0.0,0.0,0.0
141,URLLC,6,Satellite_1,Satellite,1,4313472.495232635,14411738.088085657,4313472.495232635
141,URLLC,7,Satellite_2,Satellite,0,0.0,0.0,0.0
142,URLLC,0,6G_1,6G,0,0.0,0.0,0.0
142,URLLC,1,6G_2,6G,0,0.0,0.0,0.0
142,URLLC,2,WiFi_1,WiFi,1,8556775.587175315,20000000.0,8556775.587175315
142,URLLC,3,WiFi_2,WiFi,0,0.0,0.0,0.0
142,URLLC,4,WiFi_3,WiFi,0,0.0,0.0,0.0
142,URLLC,5,WiFi_4,WiFi,0,0.0,0.0,0.0
142,URLLC,6,Satellite_1,Satellite,0,0.0,0.0,0.0
142,URLLC,7,Satellite_2,Satellite,0,0.0,0.0,0.0
143,URLLC,0,6G_1,6G,0,0.0,0.0,0.0
143,URLLC,1,6G_2,6G,0,0.0,0.0,0.0
143,URLLC,2,WiFi_1,WiFi,0,0.0,0.0,0.0
143,URLLC,3,WiFi_2,WiFi,0,0.0,0.0,0.0
143,URLLC,4,WiFi_3,WiFi,0,0.0,0.0,0.0
143,URLLC,5,WiFi_4,WiFi,0,0.0,0.0,0.0
143,URLLC,6,Satellite_1,Satellite,0,0.0,0.0,0.0
143,URLLC,7,Satellite_2,Satellite,1,2517872.258372751,14411738.088085657,2517872.258372751
144,URLLC,0,6G_1,6G,0,0.0,0.0,0.0
144,URLLC,1,6G_2,6G,0,0.0,0.0,0.0
144,URLLC,2,WiFi_1,WiFi,0,0.0,0.0,0.0
144,URLLC,3,WiFi_2,WiFi,1,19703377.56143045,20000000.0,19703377.56143045
144,URLLC,4,WiFi_3,WiFi,0,0.0,0.0,0.0
144,URLLC,5,WiFi_4,WiFi,0,0.0,0.0,0.0
144,URLLC,6,Satellite_1,Satellite,0,0.0,0.0,0.0
144,URLLC,7,Satellite_2,Satellite,0,0.0,0.0,0.0
145,URLLC,0,6G_1,6G,0,0.0,0.0,0.0
145,URLLC,1,6G_2,6G,0,0.0,0.0,0.0
145,URLLC,2,WiFi_1,WiFi,0,0.0,0.0,0.0
145,URLLC,3,WiFi_2,WiFi,0,0.0,0.0,0.0
145,URLLC,4,WiFi_3,WiFi,0,0.0,0.0,0.0
145,URLLC,5,WiFi_4,WiFi,0,0.0,0.0,0.0
145,URLLC,6,Satellite_1,Satellite,0,0.0,0.0,0.0
145,URLLC,7,Satellite_2,Satellite,1,3890880.11871906,14411738.088085657,3890880.11871906
146,URLLC,0,6G_1,6G,0,0.0,0.0,0.0
146,URLLC,1,6G_2,6G,0,0.0,0.0,0.0
146,URLLC,2,WiFi_1,WiFi,0,0.0,0.0,0.0
146,URLLC,3,WiFi_2,WiFi,0,0.0,0.0,0.0
146,URLLC,4,WiFi_3,WiFi,0,0.0,0.0,0.0
146,URLLC,5,WiFi_4,WiFi,0,0.0,0.0,0.0
146,URLLC,6,Satellite_1,Satellite,0,0.0,0.0,0.0
146,URLLC,7,Satellite_2,Satellite,1,4103437.3847829406,14411738.088085657,4103437.3847829406
147,URLLC,0,6G_1,6G,0,0.0,0.0,0.0
147,URLLC,1,6G_2,6G,0,0.0,0.0,0.0
147,URLLC,2,WiFi_1,WiFi,0,0.0,0.0,0.0
147,URLLC,3,WiFi_2,WiFi,0,0.0,0.0,0.0
147,URLLC,4,WiFi_3,WiFi,0,0.0,0.0,0.0
147,URLLC,5,WiFi_4,WiFi,0,0.0,0.0,0.0
147,URLLC,6,Satellite_1,Satellite,0,0.0,0.0,0.0
147,URLLC,7,Satellite_2,Satellite,1,4682823.7392673455,14411738.088085657,4682823.7392673455
148,URLLC,0,6G_1,6G,0,0.0,0.0,0.0
148,URLLC,1,6G_2,6G,0,0.0,0.0,0.0
148,URLLC,2,WiFi_1,WiFi,0,0.0,0.0,0.0
148,URLLC,3,WiFi_2,WiFi,0,0.0,0.0,0.0
148,URLLC,4,WiFi_3,WiFi,0,0.0,0.0,0.0
148,URLLC,5,WiFi_4,WiFi,0,0.0,0.0,0.0
148,URLLC,6,Satellite_1,Satellite,0,0.0,0.0,0.0
148,URLLC,7,Satellite_2,Satellite,1,5022027.062040449,14411738.088085657,5022027.062040449
149,URLLC,0,6G_1,6G,0,0.0,0.0,0.0
149,URLLC,1,6G_2,6G,0,0.0,0.0,0.0
149,URLLC,2,WiFi_1,WiFi,0,0.0,0.0,0.0
149,URLLC,3,WiFi_2,WiFi,0,0.0,0.0,0.0
149,URLLC,4,WiFi_3,WiFi,0,0.0,0.0,0.0
149,URLLC,5,WiFi_4,WiFi,0,0.0,0.0,0.0
149,URLLC,6,Satellite_1,Satellite,1,5280607.638409714,14411738.088085657,5280607.638409714
149,URLLC,7,Satellite_2,Satellite,0,0.0,0.0,0.0
150,URLLC,0,6G_1,6G,0,0.0,0.0,0.0
150,URLLC,1,6G_2,6G,1,51192657.59349138,40000000.0,40000000.0
150,URLLC,2,WiFi_1,WiFi,0,0.0,0.0,0.0
150,URLLC,3,WiFi_2,WiFi,0,0.0,0.0,0.0
150,URLLC,4,WiFi_3,WiFi,0,0.0,0.0,0.0
150,URLLC,5,WiFi_4,WiFi,0,0.0,0.0,0.0
150,URLLC,6,Satellite_1,Satellite,0,0.0,0.0,0.0
150,URLLC,7,Satellite_2,Satellite,0,0.0,0.0,0.0
151,URLLC,0,6G_1,6G,0,0.0,0.0,0.0
151,URLLC,1,6G_2,6G,0,0.0,0.0,0.0
151,URLLC,2,WiFi_1,WiFi,0,0.0,0.0,0.0
151,URLLC,3,WiFi_2,WiFi,0,0.0,0.0,0.0
151,URLLC,4,WiFi_3,WiFi,0,0.0,0.0,0.0
151,URLLC,5,WiFi_4,WiFi,0,0.0,0.0,0.0
151,URLLC,6,Satellite_1,Satellite,1,1688621.0250095555,14411738.088085657,1688621.0250095555
151,URLLC,7,Satellite_2,Satellite,0,0.0,0.0,0.0
152,URLLC,0,6G_1,6G,0,0.0,0.0,0.0
152,URLLC,1,6G_2,6G,0,0.0,0.0,0.0
152,URLLC,2,WiFi_1,WiFi,0,0.0,0.0,0.0
152,URLLC,3,WiFi_2,WiFi,0,0.0,0.0,0.0
152,URLLC,4,WiFi_3,WiFi,0,0.0,0.0,0.0
152,URLLC,5,WiFi_4,WiFi,0,0.0,0.0,0.0
152,URLLC,6,Satellite_1,Satellite,1,4053897.8160070023,14411738.088085657,4053897.8160070023
152,URLLC,7,Satellite_2,Satellite,0,0.0,0.0,0.0
153,URLLC,0,6G_1,6G,0,0.0,0.0,0.0
153,URLLC,1,6G_2,6G,0,0.0,0.0,0.0
153,URLLC,2,WiFi_1,WiFi,0,0.0,0.0,0.0
153,URLLC,3,WiFi_2,WiFi,0,0.0,0.0,0.0
153,URLLC,4,WiFi_3,WiFi,0,0.0,0.0,0.0
153,URLLC,5,WiFi_4,WiFi,0,0.0,0.0,0.0
153,URLLC,6,Satellite_1,Satellite,1,4273208.882209061,14411738.088085657,4273208.882209061
153,URLLC,7,Satellite_2,Satellite,0,0.0,0.0,0.0
154,URLLC,0,6G_1,6G,0,0.0,0.0,0.0
154,URLLC,1,6G_2,6G,0,0.0,0.0,0.0
154,URLLC,2,WiFi_1,WiFi,0,0.0,0.0,0.0
154,URLLC,3,WiFi_2,WiFi,0,0.0,0.0,0.0
154,URLLC,4,WiFi_3,WiFi,0,0.0,0.0,0.0
154,URLLC,5,WiFi_4,WiFi,0,0.0,0.0,0.0
154,URLLC,6,Satellite_1,Satellite,1,4271197.868035098,14411738.088085657,4271197.868035098
154,URLLC,7,Satellite_2,Satellite,0,0.0,0.0,0.0
155,URLLC,0,6G_1,6G,0,0.0,0.0,0.0
155,URLLC,1,6G_2,6G,0,0.0,0.0,0.0
155,URLLC,2,WiFi_1,WiFi,0,0.0,0.0,0.0
155,URLLC,3,WiFi_2,WiFi,0,0.0,0.0,0.0
155,URLLC,4,WiFi_3,WiFi,0,0.0,0.0,0.0
155,URLLC,5,WiFi_4,WiFi,0,0.0,0.0,0.0
155,URLLC,6,Satellite_1,Satellite,1,4153431.8981705164,14411738.088085657,4153431.8981705164
155,URLLC,7,Satellite_2,Satellite,0,0.0,0.0,0.0
156,URLLC,0,6G_1,6G,0,0.0,0.0,0.0
156,URLLC,1,6G_2,6G,0,0.0,0.0,0.0
156,URLLC,2,WiFi_1,WiFi,0,0.0,0.0,0.0
156,URLLC,3,WiFi_2,WiFi,0,0.0,0.0,0.0
156,URLLC,4,WiFi_3,WiFi,0,0.0,0.0,0.0
156,URLLC,5,WiFi_4,WiFi,0,0.0,0.0,0.0
156,URLLC,6,Satellite_1,Satellite,1,2972371.0025089243,14411738.088085657,2972371.0025089243
156,URLLC,7,Satellite_2,Satellite,0,0.0,0.0,0.0
157,URLLC,0,6G_1,6G,0,0.0,0.0,0.0
157,URLLC,1,6G_2,6G,0,0.0,0.0,0.0
157,URLLC,2,WiFi_1,WiFi,0,0.0,0.0,0.0
157,URLLC,3,WiFi_2,WiFi,0,0.0,0.0,0.0
157,URLLC,4,WiFi_3,WiFi,0,0.0,0.0,0.0
157,URLLC,5,WiFi_4,WiFi,0,0.0,0.0,0.0
157,URLLC,6,Satellite_1,Satellite,1,4349177.019111386,14411738.088085657,4349177.019111386
157,URLLC,7,Satellite_2,Satellite,0,0.0,0.0,0.0
158,URLLC,0,6G_1,6G,0,0.0,0.0,0.0
158,URLLC,1,6G_2,6G,0,0.0,0.0,0.0
158,URLLC,2,WiFi_1,WiFi,0,0.0,0.0,0.0
158,URLLC,3,WiFi_2,WiFi,0,0.0,0.0,0.0
158,URLLC,4,WiFi_3,WiFi,0,0.0,0.0,0.0
158,URLLC,5,WiFi_4,WiFi,0,0.0,0.0,0.0
158,URLLC,6,Satellite_1,Satellite,1,3889872.369800041,14411738.088085657,3889872.369800041
158,URLLC,7,Satellite_2,Satellite,0,0.0,0.0,0.0
159,URLLC,0,6G_1,6G,0,0.0,0.0,0.0
159,URLLC,1,6G_2,6G,0,0.0,0.0,0.0
159,URLLC,2,WiFi_1,WiFi,0,0.0,0.0,0.0
159,URLLC,3,WiFi_2,WiFi,1,4173896.3977451907,20000000.0,4173896.3977451907
159,URLLC,4,WiFi_3,WiFi,0,0.0,0.0,0.0
159,URLLC,5,WiFi_4,WiFi,0,0.0,0.0,0.0
159,URLLC,6,Satellite_1,Satellite,0,0.0,0.0,0.0
159,URLLC,7,Satellite_2,Satellite,0,0.0,0.0,0.0
160,URLLC,0,6G_1,6G,0,0.0,0.0,0.0
160,URLLC,1,6G_2,6G,0,0.0,0.0,0.0
160,URLLC,2,WiFi_1,WiFi,0,0.0,0.0,0.0
160,URLLC,3,WiFi_2,WiFi,0,0.0,0.0,0.0
160,URLLC,4,WiFi_3,WiFi,0,0.0,0.0,0.0
160,URLLC,5,WiFi_4,WiFi,0,0.0,0.0,0.0
160,URLLC,6,Satellite_1,Satellite,1,3594846.382499793,14411738.088085657,3594846.382499793
160,URLLC,7,Satellite_2,Satellite,0,0.0,0.0,0.0
161,URLLC,0,6G_1,6G,0,0.0,0.0,0.0
161,URLLC,1,6G_2,6G,0,0.0,0.0,0.0
161,URLLC,2,WiFi_1,WiFi,0,0.0,0.0,0.0
161,URLLC,3,WiFi_2,WiFi,0,0.0,0.0,0.0
161,URLLC,4,WiFi_3,WiFi,0,0.0,0.0,0.0
161,URLLC,5,WiFi_4,WiFi,0,0.0,0.0,0.0
161,URLLC,6,Satellite_1,Satellite,1,2913951.5480199684,14411738.088085657,2913951.5480199684
161,URLLC,7,Satellite_2,Satellite,0,0.0,0.0,0.0
162,URLLC,0,6G_1,6G,0,0.0,0.0,0.0
162,URLLC,1,6G_2,6G,0,0.0,0.0,0.0
162,URLLC,2,WiFi_1,WiFi,0,0.0,0.0,0.0
162,URLLC,3,WiFi_2,WiFi,0,0.0,0.0,0.0
162,URLLC,4,WiFi_3,WiFi,0,0.0,0.0,0.0
162,URLLC,5,WiFi_4,WiFi,0,0.0,0.0,0.0
162,URLLC,6,Satellite_1,Satellite,1,5256239.4671507515,14411738.088085657,5256239.4671507515
162,URLLC,7,Satellite_2,Satellite,0,0.0,0.0,0.0
163,URLLC,0,6G_1,6G,0,0.0,0.0,0.0
163,URLLC,1,6G_2,6G,1,22097182.382938348,40000000.0,22097182.382938348
163,URLLC,2,WiFi_1,WiFi,0,0.0,0.0,0.0
163,URLLC,3,WiFi_2,WiFi,0,0.0,0.0,0.0
163,URLLC,4,WiFi_3,WiFi,0,0.0,0.0,0.0
163,URLLC,5,WiFi_4,WiFi,0,0.0,0.0,0.0
163,URLLC,6,Satellite_1,Satellite,0,0.0,0.0,0.0
163,URLLC,7,Satellite_2,Satellite,0,0.0,0.0,0.0
164,URLLC,0,6G_1,6G,0,0.0,0.0,0.0
164,URLLC,1,6G_2,6G,0,0.0,0.0,0.0
164,URLLC,2,WiFi_1,WiFi,0,0.0,0.0,0.0
164,URLLC,3,WiFi_2,WiFi,0,0.0,0.0,0.0
164,URLLC,4,WiFi_3,WiFi,0,0.0,0.0,0.0
164,URLLC,5,WiFi_4,WiFi,0,0.0,0.0,0.0
164,URLLC,6,Satellite_1,Satellite,0,0.0,0.0,0.0
164,URLLC,7,Satellite_2,Satellite,1,4682636.371874859,14411738.088085657,4682636.371874859
165,URLLC,0,6G_1,6G,0,0.0,0.0,0.0
165,URLLC,1,6G_2,6G,0,0.0,0.0,0.0
165,URLLC,2,WiFi_1,WiFi,0,0.0,0.0,0.0
165,URLLC,3,WiFi_2,WiFi,0,0.0,0.0,0.0
165,URLLC,4,WiFi_3,WiFi,0,0.0,0.0,0.0
165,URLLC,5,WiFi_4,WiFi,0,0.0,0.0,0.0
165,URLLC,6,Satellite_1,Satellite,0,0.0,0.0,0.0
165,URLLC,7,Satellite_2,Satellite,1,3261774.5204939195,14411738.088085657,3261774.5204939195
166,URLLC,0,6G_1,6G,0,0.0,0.0,0.0
166,URLLC,1,6G_2,6G,0,0.0,0.0,0.0
166,URLLC,2,WiFi_1,WiFi,0,0.0,0.0,0.0
166,URLLC,3,WiFi_2,WiFi,0,0.0,0.0,0.0
166,URLLC,4,WiFi_3,WiFi,0,0.0,0.0,0.0
166,URLLC,5,WiFi_4,WiFi,0,0.0,0.0,0.0
166,URLLC,6,Satellite_1,Satellite,0,0.0,0.0,0.0
166,URLLC,7,Satellite_2,Satellite,1,1278214.7939771013,14411738.088085657,1278214.7939771013
167,URLLC,0,6G_1,6G,0,0.0,0.0,0.0
167,URLLC,1,6G_2,6G,0,0.0,0.0,0.0
167,URLLC,2,WiFi_1,WiFi,0,0.0,0.0,0.0
167,URLLC,3,WiFi_2,WiFi,0,0.0,0.0,0.0
167,URLLC,4,WiFi_3,WiFi,0,0.0,0.0,0.0
167,URLLC,5,WiFi_4,WiFi,0,0.0,0.0,0.0
167,URLLC,6,Satellite_1,Satellite,0,0.0,0.0,0.0
167,URLLC,7,Satellite_2,Satellite,1,2389702.676207443,14411738.088085657,2389702.676207443
168,URLLC,0,6G_1,6G,0,0.0,0.0,0.0
168,URLLC,1,6G_2,6G,0,0.0,0.0,0.0
168,URLLC,2,WiFi_1,WiFi,0,0.0,0.0,0.0
168,URLLC,3,WiFi_2,WiFi,0,0.0,0.0,0.0
168,URLLC,4,WiFi_3,WiFi,0,0.0,0.0,0.0
168,URLLC,5,WiFi_4,WiFi,0,0.0,0.0,0.0
168,URLLC,6,Satellite_1,Satellite,0,0.0,0.0,0.0
168,URLLC,7,Satellite_2,Satellite,1,1835135.990965762,14411738.088085657,1835135.990965762
169,URLLC,0,6G_1,6G,0,0.0,0.0,0.0
169,URLLC,1,6G_2,6G,0,0.0,0.0,0.0
169,URLLC,2,WiFi_1,WiFi,0,0.0,0.0,0.0
169,URLLC,3,WiFi_2,WiFi,1,37444395.91752748,20000000.0,20000000.0
169,URLLC,4,WiFi_3,WiFi,0,0.0,0.0,0.0
169,URLLC,5,WiFi_4,WiFi,0,0.0,0.0,0.0
169,URLLC,6,Satellite_1,Satellite,0,0.0,0.0,0.0
169,URLLC,7,Satellite_2,Satellite,0,0.0,0.0,0.0
170,URLLC,0,6G_1,6G,0,0.0,0.0,0.0
170,URLLC,1,6G_2,6G,0,0.0,0.0,0.0
170,URLLC,2,WiFi_1,WiFi,0,0.0,0.0,0.0
170,URLLC,3,WiFi_2,WiFi,0,0.0,0.0,0.0
170,URLLC,4,WiFi_3,WiFi,0,0.0,0.0,0.0
170,URLLC,5,WiFi_4,WiFi,0,0.0,0.0,0.0
170,URLLC,6,Satellite_1,Satellite,1,1736562.2134981733,14411738.088085657,1736562.2134981733
170,URLLC,7,Satellite_2,Satellite,0,0.0,0.0,0.0
171,URLLC,0,6G_1,6G,0,0.0,0.0,0.0
171,URLLC,1,6G_2,6G,0,0.0,0.0,0.0
171,URLLC,2,WiFi_1,WiFi,0,0.0,0.0,0.0
171,URLLC,3,WiFi_2,WiFi,0,0.0,0.0,0.0
171,URLLC,4,WiFi_3,WiFi,0,0.0,0.0,0.0
171,URLLC,5,WiFi_4,WiFi,0,0.0,0.0,0.0
171,URLLC,6,Satellite_1,Satellite,1,1261438.1903028048,14411738.088085657,1261438.1903028048
171,URLLC,7,Satellite_2,Satellite,0,0.0,0.0,0.0
172,URLLC,0,6G_1,6G,0,0.0,0.0,0.0
172,URLLC,1,6G_2,6G,0,0.0,0.0,0.0
172,URLLC,2,WiFi_1,WiFi,0,0.0,0.0,0.0
172,URLLC,3,WiFi_2,WiFi,0,0.0,0.0,0.0
172,URLLC,4,WiFi_3,WiFi,0,0.0,0.0,0.0
172,URLLC,5,WiFi_4,WiFi,0,0.0,0.0,0.0
172,URLLC,6,Satellite_1,Satellite,0,0.0,0.0,0.0
172,URLLC,7,Satellite_2,Satellite,1,2263802.601825819,14411738.088085657,2263802.601825819
173,URLLC,0,6G_1,6G,0,0.0,0.0,0.0
173,URLLC,1,6G_2,6G,0,0.0,0.0,0.0
173,URLLC,2,WiFi_1,WiFi,0,0.0,0.0,0.0
173,URLLC,3,WiFi_2,WiFi,0,0.0,0.0,0.0
173,URLLC,4,WiFi_3,WiFi,0,0.0,0.0,0.0
173,URLLC,5,WiFi_4,WiFi,0,0.0,0.0,0.0
173,URLLC,6,Satellite_1,Satellite,0,0.0,0.0,0.0
173,URLLC,7,Satellite_2,Satellite,1,4481004.564164318,14411738.088085657,4481004.564164318
174,URLLC,0,6G_1,6G,0,0.0,0.0,0.0
174,URLLC,1,6G_2,6G,0,0.0,0.0,0.0
174,URLLC,2,WiFi_1,WiFi,0,0.0,0.0,0.0
174,URLLC,3,WiFi_2,WiFi,0,0.0,0.0,0.0
174,URLLC,4,WiFi_3,WiFi,0,0.0,0.0,0.0
174,URLLC,5,WiFi_4,WiFi,0,0.0,0.0,0.0
174,URLLC,6,Satellite_1,Satellite,1,3623449.341799962,14411738.088085657,3623449.341799962
174,URLLC,7,Satellite_2,Satellite,0,0.0,0.0,0.0
175,URLLC,0,6G_1,6G,0,0.0,0.0,0.0
175,URLLC,1,6G_2,6G,0,0.0,0.0,0.0
175,URLLC,2,WiFi_1,WiFi,0,0.0,0.0,0.0
175,URLLC,3,WiFi_2,WiFi,0,0.0,0.0,0.0
175,URLLC,4,WiFi_3,WiFi,0,0.0,0.0,0.0
175,URLLC,5,WiFi_4,WiFi,0,0.0,0.0,0.0
175,URLLC,6,Satellite_1,Satellite,0,0.0,0.0,0.0
175,URLLC,7,Satellite_2,Satellite,1,5902127.333926795,14411738.088085657,5902127.333926795
176,URLLC,0,6G_1,6G,1,61437301.985541545,40000000.0,40000000.0
176,URLLC,1,6G_2,6G,0,0.0,0.0,0.0
176,URLLC,2,WiFi_1,WiFi,0,0.0,0.0,0.0
176,URLLC,3,WiFi_2,WiFi,0,0.0,0.0,0.0
176,URLLC,4,WiFi_3,WiFi,0,0.0,0.0,0.0
176,URLLC,5,WiFi_4,WiFi,0,0.0,0.0,0.0
176,URLLC,6,Satellite_1,Satellite,0,0.0,0.0,0.0
176,URLLC,7,Satellite_2,Satellite,0,0.0,0.0,0.0
177,URLLC,0,6G_1,6G,0,0.0,0.0,0.0
177,URLLC,1,6G_2,6G,1,32552659.963971276,40000000.0,32552659.963971276
177,URLLC,2,WiFi_1,WiFi,0,0.0,0.0,0.0
177,URLLC,3,WiFi_2,WiFi,0,0.0,0.0,0.0
177,URLLC,4,WiFi_3,WiFi,0,0.0,0.0,0.0
177,URLLC,5,WiFi_4,WiFi,0,0.0,0.0,0.0
177,URLLC,6,Satellite_1,Satellite,0,0.0,0.0,0.0
177,URLLC,7,Satellite_2,Satellite,0,0.0,0.0,0.0
178,URLLC,0,6G_1,6G,0,0.0,0.0,0.0
178,URLLC,1,6G_2,6G,0,0.0,0.0,0.0
178,URLLC,2,WiFi_1,WiFi,0,0.0,0.0,0.0
178,URLLC,3,WiFi_2,WiFi,0,0.0,0.0,0.0
178,URLLC,4,WiFi_3,WiFi,0,0.0,0.0,0.0
178,URLLC,5,WiFi_4,WiFi,0,0.0,0.0,0.0
178,URLLC,6,Satellite_1,Satellite,0,0.0,0.0,0.0
178,URLLC,7,Satellite_2,Satellite,1,3284875.9090272947,14411738.088085657,3284875.9090272947
179,URLLC,0,6G_1,6G,0,0.0,0.0,0.0
179,URLLC,1,6G_2,6G,0,0.0,0.0,0.0
179,URLLC,2,WiFi_1,WiFi,0,0.0,0.0,0.0
179,URLLC,3,WiFi_2,WiFi,0,0.0,0.0,0.0
179,URLLC,4,WiFi_3,WiFi,0,0.0,0.0,0.0
179,URLLC,5,WiFi_4,WiFi,0,0.0,0.0,0.0
179,URLLC,6,Satellite_1,Satellite,1,3725893.1559497346,14411738.088085657,3725893.1559497346
179,URLLC,7,Satellite_2,Satellite,0,0.0,0.0,0.0
180,eMBB,0,6G_1,6G,0,0.0,0.0,0.0
180,eMBB,1,6G_2,6G,1,28094802.657202516,40000000.0,28094802.657202516
180,eMBB,2,WiFi_1,WiFi,0,0.0,0.0,0.0
180,eMBB,3,WiFi_2,WiFi,0,0.0,0.0,0.0
180,eMBB,4,WiFi_3,WiFi,1,6210552.571008914,20000000.0,6210552.571008914
180,eMBB,5,WiFi_4,WiFi,0,0.0,0.0,0.0
180,eMBB,6,Satellite_1,Satellite,0,0.0,0.0,0.0
180,eMBB,7,Satellite_2,Satellite,0,0.0,0.0,0.0
181,eMBB,0,6G_1,6G,1,14306366.894631999,40000000.0,14306366.894631999
181,eMBB,1,6G_2,6G,0,0.0,0.0,0.0
181,eMBB,2,WiFi_1,WiFi,1,20000000.0,20000000.0,20000000.0
181,eMBB,3,WiFi_2,WiFi,0,0.0,0.0,0.0
181,eMBB,4,WiFi_3,WiFi,0,0.0,0.0,0.0
181,eMBB,5,WiFi_4,WiFi,0,0.0,0.0,0.0
181,eMBB,6,Satellite_1,Satellite,0,0.0,0.0,0.0
181,eMBB,7,Satellite_2,Satellite,0,0.0,0.0,0.0
182,eMBB,0,6G_1,6G,1,40000000.0,40000000.0,40000000.0
182,eMBB,1,6G_2,6G,0,0.0,0.0,0.0
182,eMBB,2,WiFi_1,WiFi,0,0.0,0.0,0.0
182,eMBB,3,WiFi_2,WiFi,1,20000000.0,20000000.0,20000000.0
182,eMBB,4,WiFi_3,WiFi,0,0.0,0.0,0.0
182,eMBB,5,WiFi_4,WiFi,0,0.0,0.0,0.0
182,eMBB,6,Satellite_1,Satellite,0,0.0,0.0,0.0
182,eMBB,7,Satellite_2,Satellite,0,0.0,0.0,0.0
183,eMBB,0,6G_1,6G,1,40000000.0,40000000.0,40000000.0
183,eMBB,1,6G_2,6G,0,0.0,0.0,0.0
183,eMBB,2,WiFi_1,WiFi,0,0.0,0.0,0.0
183,eMBB,3,WiFi_2,WiFi,0,0.0,0.0,0.0
183,eMBB,4,WiFi_3,WiFi,1,20000000.0,20000000.0,20000000.0
183,eMBB,5,WiFi_4,WiFi,0,0.0,0.0,0.0
183,eMBB,6,Satellite_1,Satellite,0,0.0,0.0,0.0
183,eMBB,7,Satellite_2,Satellite,0,0.0,0.0,0.0
184,eMBB,0,6G_1,6G,1,15336170.766502544,40000000.0,15336170.766502544
184,eMBB,1,6G_2,6G,0,0.0,0.0,0.0
184,eMBB,2,WiFi_1,WiFi,0,0.0,0.0,0.0
184,eMBB,3,WiFi_2,WiFi,1,20000000.0,20000000.0,20000000.0
184,eMBB,4,WiFi_3,WiFi,0,0.0,0.0,0.0
184,eMBB,5,WiFi_4,WiFi,0,0.0,0.0,0.0
184,eMBB,6,Satellite_1,Satellite,0,0.0,0.0,0.0
184,eMBB,7,Satellite_2,Satellite,0,0.0,0.0,0.0
185,eMBB,0,6G_1,6G,0,0.0,0.0,0.0
185,eMBB,1,6G_2,6G,1,6214693.613617991,40000000.0,6214693.613617991
185,eMBB,2,WiFi_1,WiFi,0,0.0,0.0,0.0
185,eMBB,3,WiFi_2,WiFi,0,0.0,0.0,0.0
185,eMBB,4,WiFi_3,WiFi,0,0.0,0.0,0.0
185,eMBB,5,WiFi_4,WiFi,1,8427755.976883514,20000000.0,8427755.976883514
185,eMBB,6,Satellite_1,Satellite,0,0.0,0.0,0.0
185,eMBB,7,Satellite_2,Satellite,0,0.0,0.0,0.0
186,eMBB,0,6G_1,6G,1,40000000.0,40000000.0,40000000.0
186,eMBB,1,6G_2,6G,0,0.0,0.0,0.0
186,eMBB,2,WiFi_1,WiFi,1,17083610.88576281,20000000.0,17083610.88576281
186,eMBB,3,WiFi_2,WiFi,0,0.0,0.0,0.0
186,eMBB,4,WiFi_3,WiFi,0,0.0,0.0,0.0
186,eMBB,5,WiFi_4,WiFi,0,0.0,0.0,0.0
186,eMBB,6,Satellite_1,Satellite,0,0.0,0.0,0.0
186,eMBB,7,Satellite_2,Satellite,0,0.0,0.0,0.0
187,eMBB,0,6G_1,6G,1,40000000.0,40000000.0,40000000.0
187,eMBB,1,6G_2,6G,0,0.0,0.0,0.0
187,eMBB,2,WiFi_1,WiFi,1,20000000.0,20000000.0,20000000.0
187,eMBB,3,WiFi_2,WiFi,0,0.0,0.0,0.0
187,eMBB,4,WiFi_3,WiFi,0,0.0,0.0,0.0
187,eMBB,5,WiFi_4,WiFi,0,0.0,0.0,0.0
187,eMBB,6,Satellite_1,Satellite,0,0.0,0.0,0.0
187,eMBB,7,Satellite_2,Satellite,0,0.0,0.0,0.0
188,eMBB,0,6G_1,6G,0,0.0,0.0,0.0
188,eMBB,1,6G_2,6G,1,40000000.0,40000000.0,40000000.0
188,eMBB,2,WiFi_1,WiFi,0,0.0,0.0,0.0
188,eMBB,3,WiFi_2,WiFi,0,0.0,0.0,0.0
188,eMBB,4,WiFi_3,WiFi,0,0.0,0.0,0.0
188,eMBB,5,WiFi_4,WiFi,1,8501452.0471415,20000000.0,8501452.0471415
188,eMBB,6,Satellite_1,Satellite,0,0.0,0.0,0.0
188,eMBB,7,Satellite_2,Satellite,0,0.0,0.0,0.0
189,eMBB,0,6G_1,6G,0,0.0,0.0,0.0
189,eMBB,1,6G_2,6G,1,22191728.82242698,40000000.0,22191728.82242698
189,eMBB,2,WiFi_1,WiFi,0,0.0,0.0,0.0
189,eMBB,3,WiFi_2,WiFi,0,0.0,0.0,0.0
189,eMBB,4,WiFi_3,WiFi,1,19721582.339959837,20000000.0,19721582.339959837
189,eMBB,5,WiFi_4,WiFi,0,0.0,0.0,0.0
189,eMBB,6,Satellite_1,Satellite,0,0.0,0.0,0.0
189,eMBB,7,Satellite_2,Satellite,0,0.0,0.0,0.0
190,eMBB,0,6G_1,6G,0,0.0,0.0,0.0
190,eMBB,1,6G_2,6G,1,40000000.0,40000000.0,40000000.0
190,eMBB,2,WiFi_1,WiFi,0,0.0,0.0,0.0
190,eMBB,3,WiFi_2,WiFi,1,20000000.0,20000000.0,20000000.0
190,eMBB,4,WiFi_3,WiFi,0,0.0,0.0,0.0
190,eMBB,5,WiFi_4,WiFi,0,0.0,0.0,0.0
190,eMBB,6,Satellite_1,Satellite,0,0.0,0.0,0.0
190,eMBB,7,Satellite_2,Satellite,0,0.0,0.0,0.0
191,eMBB,0,6G_1,6G,1,26182172.37073848,40000000.0,26182172.37073848
191,eMBB,1,6G_2,6G,0,0.0,0.0,0.0
191,eMBB,2,WiFi_1,WiFi,0,0.0,0.0,0.0
191,eMBB,3,WiFi_2,WiFi,1,20000000.0,20000000.0,20000000.0
191,eMBB,4,WiFi_3,WiFi,0,0.0,0.0,0.0
191,eMBB,5,WiFi_4,WiFi,0,0.0,0.0,0.0
191,eMBB,6,Satellite_1,Satellite,0,0.0,0.0,0.0
191,eMBB,7,Satellite_2,Satellite,0,0.0,0.0,0.0
192,eMBB,0,6G_1,6G,1,40000000.0,40000000.0,40000000.0
192,eMBB,1,6G_2,6G,0,0.0,0.0,0.0
192,eMBB,2,WiFi_1,WiFi,0,0.0,0.0,0.0
192,eMBB,3,WiFi_2,WiFi,0,0.0,0.0,0.0
192,eMBB,4,WiFi_3,WiFi,0,0.0,0.0,0.0
192,eMBB,5,WiFi_4,WiFi,1,20000000.0,20000000.0,20000000.0
192,eMBB,6,Satellite_1,Satellite,0,0.0,0.0,0.0
192,eMBB,7,Satellite_2,Satellite,0,0.0,0.0,0.0
193,eMBB,0,6G_1,6G,0,0.0,0.0,0.0
193,eMBB,1,6G_2,6G,1,40000000.0,40000000.0,40000000.0
193,eMBB,2,WiFi_1,WiFi,0,0.0,0.0,0.0
193,eMBB,3,WiFi_2,WiFi,0,0.0,0.0,0.0
193,eMBB,4,WiFi_3,WiFi,0,0.0,0.0,0.0
193,eMBB,5,WiFi_4,WiFi,1,20000000.0,20000000.0,20000000.0
193,eMBB,6,Satellite_1,Satellite,0,0.0,0.0,0.0
193,eMBB,7,Satellite_2,Satellite,0,0.0,0.0,0.0
194,eMBB,0,6G_1,6G,0,0.0,0.0,0.0
194,eMBB,1,6G_2,6G,1,20228214.825514976,40000000.0,20228214.825514976
194,eMBB,2,WiFi_1,WiFi,0,0.0,0.0,0.0
194,eMBB,3,WiFi_2,WiFi,1,20000000.0,20000000.0,20000000.0
194,eMBB,4,WiFi_3,WiFi,0,0.0,0.0,0.0
194,eMBB,5,WiFi_4,WiFi,0,0.0,0.0,0.0
194,eMBB,6,Satellite_1,Satellite,0,0.0,0.0,0.0
194,eMBB,7,Satellite_2,Satellite,0,0.0,0.0,0.0
195,eMBB,0,6G_1,6G,0,0.0,0.0,0.0
195,eMBB,1,6G_2,6G,1,40000000.0,40000000.0,40000000.0
195,eMBB,2,WiFi_1,WiFi,0,0.0,0.0,0.0
195,eMBB,3,WiFi_2,WiFi,0,0.0,0.0,0.0
195,eMBB,4,WiFi_3,WiFi,1,12343950.494484764,20000000.0,12343950.494484764
195,eMBB,5,WiFi_4,WiFi,0,0.0,0.0,0.0
195,eMBB,6,Satellite_1,Satellite,0,0.0,0.0,0.0
195,eMBB,7,Satellite_2,Satellite,0,0.0,0.0,0.0
196,eMBB,0,6G_1,6G,0,0.0,0.0,0.0
196,eMBB,1,6G_2,6G,1,34632096.54293251,40000000.0,34632096.54293251
196,eMBB,2,WiFi_1,WiFi,1,9666511.84012225,20000000.0,9666511.84012225
196,eMBB,3,WiFi_2,WiFi,0,0.0,0.0,0.0
196,eMBB,4,WiFi_3,WiFi,0,0.0,0.0,0.0
196,eMBB,5,WiFi_4,WiFi,0,0.0,0.0,0.0
196,eMBB,6,Satellite_1,Satellite,0,0.0,0.0,0.0
196,eMBB,7,Satellite_2,Satellite,0,0.0,0.0,0.0
197,eMBB,0,6G_1,6G,1,40000000.0,40000000.0,40000000.0
197,eMBB,1,6G_2,6G,0,0.0,0.0,0.0
197,eMBB,2,WiFi_1,WiFi,0,0.0,0.0,0.0
197,eMBB,3,WiFi_2,WiFi,0,0.0,0.0,0.0
197,eMBB,4,WiFi_3,WiFi,1,20000000.0,20000000.0,20000000.0
197,eMBB,5,WiFi_4,WiFi,0,0.0,0.0,0.0
197,eMBB,6,Satellite_1,Satellite,0,0.0,0.0,0.0
197,eMBB,7,Satellite_2,Satellite,0,0.0,0.0,0.0
198,eMBB,0,6G_1,6G,1,33034300.479737088,40000000.0,33034300.479737088
198,eMBB,1,6G_2,6G,0,0.0,0.0,0.0
198,eMBB,2,WiFi_1,WiFi,1,20000000.0,20000000.0,20000000.0
198,eMBB,3,WiFi_2,WiFi,0,0.0,0.0,0.0
198,eMBB,4,WiFi_3,WiFi,0,0.0,0.0,0.0
198,eMBB,5,WiFi_4,WiFi,0,0.0,0.0,0.0
198,eMBB,6,Satellite_1,Satellite,0,0.0,0.0,0.0
198,eMBB,7,Satellite_2,Satellite,0,0.0,0.0,0.0
199,eMBB,0,6G_1,6G,1,40000000.0,40000000.0,40000000.0
199,eMBB,1,6G_2,6G,0,0.0,0.0,0.0
199,eMBB,2,WiFi_1,WiFi,0,0.0,0.0,0.0
199,eMBB,3,WiFi_2,WiFi,1,323636.6296122624,20000000.0,323636.6296122624
199,eMBB,4,WiFi_3,WiFi,0,0.0,0.0,0.0
199,eMBB,5,WiFi_4,WiFi,0,0.0,0.0,0.0
199,eMBB,6,Satellite_1,Satellite,0,0.0,0.0,0.0
199,eMBB,7,Satellite_2,Satellite,0,0.0,0.0,0.0
200,eMBB,0,6G_1,6G,0,0.0,0.0,0.0
200,eMBB,1,6G_2,6G,1,40000000.0,40000000.0,40000000.0
200,eMBB,2,WiFi_1,WiFi,0,0.0,0.0,0.0
200,eMBB,3,WiFi_2,WiFi,1,20000000.000000004,20000000.0,20000000.0
200,eMBB,4,WiFi_3,WiFi,0,0.0,0.0,0.0
200,eMBB,5,WiFi_4,WiFi,0,0.0,0.0,0.0
200,eMBB,6,Satellite_1,Satellite,0,0.0,0.0,0.0
200,eMBB,7,Satellite_2,Satellite,0,0.0,0.0,0.0
201,eMBB,0,6G_1,6G,1,9018454.949808087,40000000.0,9018454.949808087
201,eMBB,1,6G_2,6G,0,0.0,0.0,0.0
201,eMBB,2,WiFi_1,WiFi,0,0.0,0.0,0.0
201,eMBB,3,WiFi_2,WiFi,0,0.0,0.0,0.0
201,eMBB,4,WiFi_3,WiFi,0,0.0,0.0,0.0
201,eMBB,5,WiFi_4,WiFi,1,17815533.12268497,20000000.0,17815533.12268497
201,eMBB,6,Satellite_1,Satellite,0,0.0,0.0,0.0
201,eMBB,7,Satellite_2,Satellite,0,0.0,0.0,0.0
202,eMBB,0,6G_1,6G,1,35857277.511214346,40000000.0,35857277.511214346
202,eMBB,1,6G_2,6G,0,0.0,0.0,0.0
202,eMBB,2,WiFi_1,WiFi,0,0.0,0.0,0.0
202,eMBB,3,WiFi_2,WiFi,0,0.0,0.0,0.0
202,eMBB,4,WiFi_3,WiFi,0,0.0,0.0,0.0
202,eMBB,5,WiFi_4,WiFi,1,6900223.979622339,20000000.0,6900223.979622339
202,eMBB,6,Satellite_1,Satellite,0,0.0,0.0,0.0
202,eMBB,7,Satellite_2,Satellite,0,0.0,0.0,0.0
203,eMBB,0,6G_1,6G,1,21968839.99113568,40000000.0,21968839.99113568
203,eMBB,1,6G_2,6G,0,0.0,0.0,0.0
203,eMBB,2,WiFi_1,WiFi,0,0.0,0.0,0.0
203,eMBB,3,WiFi_2,WiFi,1,20000000.0,20000000.0,20000000.0
203,eMBB,4,WiFi_3,WiFi,0,0.0,0.0,0.0
203,eMBB,5,WiFi_4,WiFi,0,0.0,0.0,0.0
203,eMBB,6,Satellite_1,Satellite,0,0.0,0.0,0.0
203,eMBB,7,Satellite_2,Satellite,0,0.0,0.0,0.0
204,eMBB,0,6G_1,6G,0,0.0,0.0,0.0
204,eMBB,1,6G_2,6G,1,12112007.407597195,40000000.0,12112007.407597195
204,eMBB,2,WiFi_1,WiFi,0,0.0,0.0,0.0
204,eMBB,3,WiFi_2,WiFi,0,0.0,0.0,0.0
204,eMBB,4,WiFi_3,WiFi,0,0.0,0.0,0.0
204,eMBB,5,WiFi_4,WiFi,1,20000000.0,20000000.0,20000000.0
204,eMBB,6,Satellite_1,Satellite,0,0.0,0.0,0.0
204,eMBB,7,Satellite_2,Satellite,0,0.0,0.0,0.0
205,eMBB,0,6G_1,6G,0,0.0,0.0,0.0
205,eMBB,1,6G_2,6G,1,40000000.0,40000000.0,40000000.0
205,eMBB,2,WiFi_1,WiFi,0,0.0,0.0,0.0
205,eMBB,3,WiFi_2,WiFi,0,0.0,0.0,0.0
205,eMBB,4,WiFi_3,WiFi,1,20000000.0,20000000.0,20000000.0
205,eMBB,5,WiFi_4,WiFi,0,0.0,0.0,0.0
205,eMBB,6,Satellite_1,Satellite,0,0.0,0.0,0.0
205,eMBB,7,Satellite_2,Satellite,0,0.0,0.0,0.0
206,eMBB,0,6G_1,6G,0,0.0,0.0,0.0
206,eMBB,1,6G_2,6G,1,40000000.0,40000000.0,40000000.0
206,eMBB,2,WiFi_1,WiFi,1,20000000.0,20000000.0,20000000.0
206,eMBB,3,WiFi_2,WiFi,0,0.0,0.0,0.0
206,eMBB,4,WiFi_3,WiFi,0,0.0,0.0,0.0
206,eMBB,5,WiFi_4,WiFi,0,0.0,0.0,0.0
206,eMBB,6,Satellite_1,Satellite,0,0.0,0.0,0.0
206,eMBB,7,Satellite_2,Satellite,0,0.0,0.0,0.0
207,eMBB,0,6G_1,6G,1,40000000.0,40000000.0,40000000.0
207,eMBB,1,6G_2,6G,0,0.0,0.0,0.0
207,eMBB,2,WiFi_1,WiFi,1,20000000.0,20000000.0,20000000.0
207,eMBB,3,WiFi_2,WiFi,0,0.0,0.0,0.0
207,eMBB,4,WiFi_3,WiFi,0,0.0,0.0,0.0
207,eMBB,5,WiFi_4,WiFi,0,0.0,0.0,0.0
207,eMBB,6,Satellite_1,Satellite,0,0.0,0.0,0.0
207,eMBB,7,Satellite_2,Satellite,0,0.0,0.0,0.0
208,eMBB,0,6G_1,6G,1,28470138.085146908,40000000.0,28470138.085146908
208,eMBB,1,6G_2,6G,0,0.0,0.0,0.0
208,eMBB,2,WiFi_1,WiFi,0,0.0,0.0,0.0
208,eMBB,3,WiFi_2,WiFi,0,0.0,0.0,0.0
208,eMBB,4,WiFi_3,WiFi,1,3333228.0582553013,20000000.0,3333228.0582553013
208,eMBB,5,WiFi_4,WiFi,0,0.0,0.0,0.0
208,eMBB,6,Satellite_1,Satellite,0,0.0,0.0,0.0
208,eMBB,7,Satellite_2,Satellite,0,0.0,0.0,0.0
209,eMBB,0,6G_1,6G,1,40000000.0,40000000.0,40000000.0
209,eMBB,1,6G_2,6G,0,0.0,0.0,0.0
209,eMBB,2,WiFi_1,WiFi,0,0.0,0.0,0.0
209,eMBB,3,WiFi_2,WiFi,0,0.0,0.0,0.0
209,eMBB,4,WiFi_3,WiFi,1,17022852.837998517,20000000.0,17022852.837998517
209,eMBB,5,WiFi_4,WiFi,0,0.0,0.0,0.0
209,eMBB,6,Satellite_1,Satellite,0,0.0,0.0,0.0
209,eMBB,7,Satellite_2,Satellite,0,0.0,0.0,0.0
210,eMBB,0,6G_1,6G,0,0.0,0.0,0.0
210,eMBB,1,6G_2,6G,1,31128697.506592166,40000000.0,31128697.506592166
210,eMBB,2,WiFi_1,WiFi,0,0.0,0.0,0.0
210,eMBB,3,WiFi_2,WiFi,0,0.0,0.0,0.0
210,eMBB,4,WiFi_3,WiFi,1,8351943.68161455,20000000.0,8351943.68161455
210,eMBB,5,WiFi_4,WiFi,0,0.0,0.0,0.0
210,eMBB,6,Satellite_1,Satellite,0,0.0,0.0,0.0
210,eMBB,7,Satellite_2,Satellite,0,0.0,0.0,0.0
211,eMBB,0,6G_1,6G,1,40000000.0,40000000.0,40000000.0
211,eMBB,1,6G_2,6G,0,0.0,0.0,0.0
211,eMBB,2,WiFi_1,WiFi,1,20000000.0,20000000.0,20000000.0
211,eMBB,3,WiFi_2,WiFi,0,0.0,0.0,0.0
211,eMBB,4,WiFi_3,WiFi,0,0.0,0.0,0.0
211,eMBB,5,WiFi_4,WiFi,0,0.0,0.0,0.0
211,eMBB,6,Satellite_1,Satellite,0,0.0,0.0,0.0
211,eMBB,7,Satellite_2,Satellite,0,0.0,0.0,0.0
212,eMBB,0,6G_1,6G,0,0.0,0.0,0.0
212,eMBB,1,6G_2,6G,1,40000000.0,40000000.0,40000000.0
212,eMBB,2,WiFi_1,WiFi,0,0.0,0.0,0.0
212,eMBB,3,WiFi_2,WiFi,1,20000000.0,20000000.0,20000000.0
212,eMBB,4,WiFi_3,WiFi,0,0.0,0.0,0.0
212,eMBB,5,WiFi_4,WiFi,0,0.0,0.0,0.0
212,eMBB,6,Satellite_1,Satellite,0,0.0,0.0,0.0
212,eMBB,7,Satellite_2,Satellite,0,0.0,0.0,0.0
213,eMBB,0,6G_1,6G,0,0.0,0.0,0.0
213,eMBB,1,6G_2,6G,1,27393557.201421555,40000000.0,27393557.201421555
213,eMBB,2,WiFi_1,WiFi,1,9086758.659648275,20000000.0,9086758.659648275
213,eMBB,3,WiFi_2,WiFi,0,0.0,0.0,0.0
213,eMBB,4,WiFi_3,WiFi,0,0.0,0.0,0.0
213,eMBB,5,WiFi_4,WiFi,0,0.0,0.0,0.0
213,eMBB,6,Satellite_1,Satellite,0,0.0,0.0,0.0
213,eMBB,7,Satellite_2,Satellite,0,0.0,0.0,0.0
214,eMBB,0,6G_1,6G,0,0.0,0.0,0.0
214,eMBB,1,6G_2,6G,1,40000000.0,40000000.0,40000000.0
214,eMBB,2,WiFi_1,WiFi,1,20000000.0,20000000.0,20000000.0
214,eMBB,3,WiFi_2,WiFi,0,0.0,0.0,0.0
214,eMBB,4,WiFi_3,WiFi,0,0.0,0.0,0.0
214,eMBB,5,WiFi_4,WiFi,0,0.0,0.0,0.0
214,eMBB,6,Satellite_1,Satellite,0,0.0,0.0,0.0
214,eMBB,7,Satellite_2,Satellite,0,0.0,0.0,0.0
215,eMBB,0,6G_1,6G,1,40000000.0,40000000.0,40000000.0
215,eMBB,1,6G_2,6G,0,0.0,0.0,0.0
215,eMBB,2,WiFi_1,WiFi,0,0.0,0.0,0.0
215,eMBB,3,WiFi_2,WiFi,1,20000000.0,20000000.0,20000000.0
215,eMBB,4,WiFi_3,WiFi,0,0.0,0.0,0.0
215,eMBB,5,WiFi_4,WiFi,0,0.0,0.0,0.0
215,eMBB,6,Satellite_1,Satellite,0,0.0,0.0,0.0
215,eMBB,7,Satellite_2,Satellite,0,0.0,0.0,0.0
216,eMBB,0,6G_1,6G,1,40000000.0,40000000.0,40000000.0
216,eMBB,1,6G_2,6G,0,0.0,0.0,0.0
216,eMBB,2,WiFi_1,WiFi,0,0.0,0.0,0.0
216,eMBB,3,WiFi_2,WiFi,1,4008860.03848616,20000000.0,4008860.03848616
216,eMBB,4,WiFi_3,WiFi,0,0.0,0.0,0.0
216,eMBB,5,WiFi_4,WiFi,0,0.0,0.0,0.0
216,eMBB,6,Satellite_1,Satellite,0,0.0,0.0,0.0
216,eMBB,7,Satellite_2,Satellite,0,0.0,0.0,0.0
217,eMBB,0,6G_1,6G,0,0.0,0.0,0.0
217,eMBB,1,6G_2,6G,1,2082058.494919254,40000000.0,2082058.494919254
217,eMBB,2,WiFi_1,WiFi,0,0.0,0.0,0.0
217,eMBB,3,WiFi_2,WiFi,0,0.0,0.0,0.0
217,eMBB,4,WiFi_3,WiFi,1,20000000.0,20000000.0,20000000.0
217,eMBB,5,WiFi_4,WiFi,0,0.0,0.0,0.0
217,eMBB,6,Satellite_1,Satellite,0,0.0,0.0,0.0
217,eMBB,7,Satellite_2,Satellite,0,0.0,0.0,0.0
218,eMBB,0,6G_1,6G,1,40000000.0,40000000.0,40000000.0
218,eMBB,1,6G_2,6G,0,0.0,0.0,0.0
218,eMBB,2,WiFi_1,WiFi,1,20000000.0,20000000.0,20000000.0
218,eMBB,3,WiFi_2,WiFi,0,0.0,0.0,0.0
218,eMBB,4,WiFi_3,WiFi,0,0.0,0.0,0.0
218,eMBB,5,WiFi_4,WiFi,0,0.0,0.0,0.0
218,eMBB,6,Satellite_1,Satellite,0,0.0,0.0,0.0
218,eMBB,7,Satellite_2,Satellite,0,0.0,0.0,0.0
219,eMBB,0,6G_1,6G,0,0.0,0.0,0.0
219,eMBB,1,6G_2,6G,1,40000000.0,40000000.0,40000000.0
219,eMBB,2,WiFi_1,WiFi,0,0.0,0.0,0.0
219,eMBB,3,WiFi_2,WiFi,0,0.0,0.0,0.0
219,eMBB,4,WiFi_3,WiFi,0,0.0,0.0,0.0
219,eMBB,5,WiFi_4,WiFi,1,20000000.0,20000000.0,20000000.0
219,eMBB,6,Satellite_1,Satellite,0,0.0,0.0,0.0
219,eMBB,7,Satellite_2,Satellite,0,0.0,0.0,0.0
220,eMBB,0,6G_1,6G,1,30818452.86195124,40000000.0,30818452.86195124
220,eMBB,1,6G_2,6G,0,0.0,0.0,0.0
220,eMBB,2,WiFi_1,WiFi,0,0.0,0.0,0.0
220,eMBB,3,WiFi_2,WiFi,1,20000000.0,20000000.0,20000000.0
220,eMBB,4,WiFi_3,WiFi,0,0.0,0.0,0.0
220,eMBB,5,WiFi_4,WiFi,0,0.0,0.0,0.0
220,eMBB,6,Satellite_1,Satellite,0,0.0,0.0,0.0
220,eMBB,7,Satellite_2,Satellite,0,0.0,0.0,0.0
221,eMBB,0,6G_1,6G,1,14623463.957307315,40000000.0,14623463.957307315
221,eMBB,1,6G_2,6G,0,0.0,0.0,0.0
221,eMBB,2,WiFi_1,WiFi,0,0.0,0.0,0.0
221,eMBB,3,WiFi_2,WiFi,0,0.0,0.0,0.0
221,eMBB,4,WiFi_3,WiFi,1,20000000.0,20000000.0,20000000.0
221,eMBB,5,WiFi_4,WiFi,0,0.0,0.0,0.0
221,eMBB,6,Satellite_1,Satellite,0,0.0,0.0,0.0
221,eMBB,7,Satellite_2,Satellite,0,0.0,0.0,0.0
222,eMBB,0,6G_1,6G,1,1795792.6939689275,40000000.0,1795792.6939689275
222,eMBB,1,6G_2,6G,0,0.0,0.0,0.0
222,eMBB,2,WiFi_1,WiFi,1,11805870.262007361,20000000.0,11805870.262007361
222,eMBB,3,WiFi_2,WiFi,0,0.0,0.0,0.0
222,eMBB,4,WiFi_3,WiFi,0,0.0,0.0,0.0
222,eMBB,5,WiFi_4,WiFi,0,0.0,0.0,0.0
222,eMBB,6,Satellite_1,Satellite,0,0.0,0.0,0.0
222,eMBB,7,Satellite_2,Satellite,0,0.0,0.0,0.0
223,eMBB,0,6G_1,6G,0,0.0,0.0,0.0
223,eMBB,1,6G_2,6G,1,40000000.0,40000000.0,40000000.0
223,eMBB,2,WiFi_1,WiFi,0,0.0,0.0,0.0
223,eMBB,3,WiFi_2,WiFi,1,6804108.0127568515,20000000.0,6804108.0127568515
223,eMBB,4,WiFi_3,WiFi,0,0.0,0.0,0.0
223,eMBB,5,WiFi_4,WiFi,0,0.0,0.0,0.0
223,eMBB,6,Satellite_1,Satellite,0,0.0,0.0,0.0
223,eMBB,7,Satellite_2,Satellite,0,0.0,0.0,0.0
224,eMBB,0,6G_1,6G,0,0.0,0.0,0.0
224,eMBB,1,6G_2,6G,1,40000000.0,40000000.0,40000000.0
224,eMBB,2,WiFi_1,WiFi,0,0.0,0.0,0.0
224,eMBB,3,WiFi_2,WiFi,0,0.0,0.0,0.0
224,eMBB,4,WiFi_3,WiFi,0,0.0,0.0,0.0
224,eMBB,5,WiFi_4,WiFi,1,18062132.728707317,20000000.0,18062132.728707317
224,eMBB,6,Satellite_1,Satellite,0,0.0,0.0,0.0
224,eMBB,7,Satellite_2,Satellite,0,0.0,0.0,0.0
225,eMBB,0,6G_1,6G,0,0.0,0.0,0.0
225,eMBB,1,6G_2,6G,1,40000000.0,40000000.0,40000000.0
225,eMBB,2,WiFi_1,WiFi,0,0.0,0.0,0.0
225,eMBB,3,WiFi_2,WiFi,0,0.0,0.0,0.0
225,eMBB,4,WiFi_3,WiFi,0,0.0,0.0,0.0
225,eMBB,5,WiFi_4,WiFi,1,20000000.0,20000000.0,20000000.0
225,eMBB,6,Satellite_1,Satellite,0,0.0,0.0,0.0
225,eMBB,7,Satellite_2,Satellite,0,0.0,0.0,0.0
226,eMBB,0,6G_1,6G,1,22290572.321428765,40000000.0,22290572.321428765
226,eMBB,1,6G_2,6G,0,0.0,0.0,0.0
226,eMBB,2,WiFi_1,WiFi,0,0.0,0.0,0.0
226,eMBB,3,WiFi_2,WiFi,0,0.0,0.0,0.0
226,eMBB,4,WiFi_3,WiFi,0,0.0,0.0,0.0
226,eMBB,5,WiFi_4,WiFi,1,20000000.0,20000000.0,20000000.0
226,eMBB,6,Satellite_1,Satellite,0,0.0,0.0,0.0
226,eMBB,7,Satellite_2,Satellite,0,0.0,0.0,0.0
227,eMBB,0,6G_1,6G,1,17972660.163209528,40000000.0,17972660.163209528
227,eMBB,1,6G_2,6G,0,0.0,0.0,0.0
227,eMBB,2,WiFi_1,WiFi,0,0.0,0.0,0.0
227,eMBB,3,WiFi_2,WiFi,1,20000000.0,20000000.0,20000000.0
227,eMBB,4,WiFi_3,WiFi,0,0.0,0.0,0.0
227,eMBB,5,WiFi_4,WiFi,0,0.0,0.0,0.0
227,eMBB,6,Satellite_1,Satellite,0,0.0,0.0,0.0
227,eMBB,7,Satellite_2,Satellite,0,0.0,0.0,0.0
228,eMBB,0,6G_1,6G,1,37261552.165101886,40000000.0,37261552.165101886
228,eMBB,1,6G_2,6G,0,0.0,0.0,0.0
228,eMBB,2,WiFi_1,WiFi,0,0.0,0.0,0.0
228,eMBB,3,WiFi_2,WiFi,0,0.0,0.0,0.0
228,eMBB,4,WiFi_3,WiFi,0,0.0,0.0,0.0
228,eMBB,5,WiFi_4,WiFi,1,4798897.548696958,20000000.0,4798897.548696958
228,eMBB,6,Satellite_1,Satellite,0,0.0,0.0,0.0
228,eMBB,7,Satellite_2,Satellite,0,0.0,0.0,0.0
229,eMBB,0,6G_1,6G,0,0.0,0.0,0.0
229,eMBB,1,6G_2,6G,1,40000000.0,40000000.0,40000000.0
229,eMBB,2,WiFi_1,WiFi,1,15460343.721345147,20000000.0,15460343.721345147
229,eMBB,3,WiFi_2,WiFi,0,0.0,0.0,0.0
229,eMBB,4,WiFi_3,WiFi,0,0.0,0.0,0.0
229,eMBB,5,WiFi_4,WiFi,0,0.0,0.0,0.0
229,eMBB,6,Satellite_1,Satellite,0,0.0,0.0,0.0
229,eMBB,7,Satellite_2,Satellite,0,0.0,0.0,0.0
230,eMBB,0,6G_1,6G,1,39999999.99999999,40000000.0,39999999.99999999
230,eMBB,1,6G_2,6G,0,0.0,0.0,0.0
230,eMBB,2,WiFi_1,WiFi,1,10400945.115279876,20000000.0,10400945.115279876
230,eMBB,3,WiFi_2,WiFi,0,0.0,0.0,0.0
230,eMBB,4,WiFi_3,WiFi,0,0.0,0.0,0.0
230,eMBB,5,WiFi_4,WiFi,0,0.0,0.0,0.0
230,eMBB,6,Satellite_1,Satellite,0,0.0,0.0,0.0
230,eMBB,7,Satellite_2,Satellite,0,0.0,0.0,0.0
231,eMBB,0,6G_1,6G,1,40000000.0,40000000.0,40000000.0
231,eMBB,1,6G_2,6G,0,0.0,0.0,0.0
231,eMBB,2,WiFi_1,WiFi,0,0.0,0.0,0.0
231,eMBB,3,WiFi_2,WiFi,1,20000000.0,20000000.0,20000000.0
231,eMBB,4,WiFi_3,WiFi,0,0.0,0.0,0.0
231,eMBB,5,WiFi_4,WiFi,0,0.0,0.0,0.0
231,eMBB,6,Satellite_1,Satellite,0,0.0,0.0,0.0
231,eMBB,7,Satellite_2,Satellite,0,0.0,0.0,0.0
232,eMBB,0,6G_1,6G,0,0.0,0.0,0.0
232,eMBB,1,6G_2,6G,1,19771506.590839837,40000000.0,19771506.590839837
232,eMBB,2,WiFi_1,WiFi,0,0.0,0.0,0.0
232,eMBB,3,WiFi_2,WiFi,0,0.0,0.0,0.0
232,eMBB,4,WiFi_3,WiFi,1,20000000.0,20000000.0,20000000.0
232,eMBB,5,WiFi_4,WiFi,0,0.0,0.0,0.0
232,eMBB,6,Satellite_1,Satellite,0,0.0,0.0,0.0
232,eMBB,7,Satellite_2,Satellite,0,0.0,0.0,0.0
233,eMBB,0,6G_1,6G,0,0.0,0.0,0.0
233,eMBB,1,6G_2,6G,1,40000000.0,40000000.0,40000000.0
233,eMBB,2,WiFi_1,WiFi,1,20000000.0,20000000.0,20000000.0
233,eMBB,3,WiFi_2,WiFi,0,0.0,0.0,0.0
233,eMBB,4,WiFi_3,WiFi,0,0.0,0.0,0.0
233,eMBB,5,WiFi_4,WiFi,0,0.0,0.0,0.0
233,eMBB,6,Satellite_1,Satellite,0,0.0,0.0,0.0
233,eMBB,7,Satellite_2,Satellite,0,0.0,0.0,0.0
234,eMBB,0,6G_1,6G,0,0.0,0.0,0.0
234,eMBB,1,6G_2,6G,1,1586439.7430553436,40000000.0,1586439.7430553436
234,eMBB,2,WiFi_1,WiFi,0,0.0,0.0,0.0
234,eMBB,3,WiFi_2,WiFi,0,0.0,0.0,0.0
234,eMBB,4,WiFi_3,WiFi,0,0.0,0.0,0.0
234,eMBB,5,WiFi_4,WiFi,1,7097101.058264662,20000000.0,7097101.058264662
234,eMBB,6,Satellite_1,Satellite,0,0.0,0.0,0.0
234,eMBB,7,Satellite_2,Satellite,0,0.0,0.0,0.0
235,eMBB,0,6G_1,6G,0,0.0,0.0,0.0
235,eMBB,1,6G_2,6G,1,40000000.0,40000000.0,40000000.0
235,eMBB,2,WiFi_1,WiFi,0,0.0,0.0,0.0
235,eMBB,3,WiFi_2,WiFi,0,0.0,0.0,0.0
235,eMBB,4,WiFi_3,WiFi,1,20000000.0,20000000.0,20000000.0
235,eMBB,5,WiFi_4,WiFi,0,0.0,0.0,0.0
235,eMBB,6,Satellite_1,Satellite,0,0.0,0.0,0.0
235,eMBB,7,Satellite_2,Satellite,0,0.0,0.0,0.0
236,eMBB,0,6G_1,6G,0,0.0,0.0,0.0
236,eMBB,1,6G_2,6G,1,40000000.0,40000000.0,40000000.0
236,eMBB,2,WiFi_1,WiFi,0,0.0,0.0,0.0
236,eMBB,3,WiFi_2,WiFi,0,0.0,0.0,0.0
236,eMBB,4,WiFi_3,WiFi,1,19135614.324434523,20000000.0,19135614.324434523
236,eMBB,5,WiFi_4,WiFi,0,0.0,0.0,0.0
236,eMBB,6,Satellite_1,Satellite,0,0.0,0.0,0.0
236,eMBB,7,Satellite_2,Satellite,0,0.0,0.0,0.0
237,eMBB,0,6G_1,6G,1,36161743.235206455,40000000.0,36161743.235206455
237,eMBB,1,6G_2,6G,0,0.0,0.0,0.0
237,eMBB,2,WiFi_1,WiFi,0,0.0,0.0,0.0
237,eMBB,3,WiFi_2,WiFi,0,0.0,0.0,0.0
237,eMBB,4,WiFi_3,WiFi,1,13428080.297792133,20000000.0,13428080.297792133
237,eMBB,5,WiFi_4,WiFi,0,0.0,0.0,0.0
237,eMBB,6,Satellite_1,Satellite,0,0.0,0.0,0.0
237,eMBB,7,Satellite_2,Satellite,0,0.0,0.0,0.0
238,eMBB,0,6G_1,6G,0,0.0,0.0,0.0
238,eMBB,1,6G_2,6G,1,40000000.0,40000000.0,40000000.0
238,eMBB,2,WiFi_1,WiFi,0,0.0,0.0,0.0
238,eMBB,3,WiFi_2,WiFi,0,0.0,0.0,0.0
238,eMBB,4,WiFi_3,WiFi,0,0.0,0.0,0.0
238,eMBB,5,WiFi_4,WiFi,1,20000000.0,20000000.0,20000000.0
238,eMBB,6,Satellite_1,Satellite,0,0.0,0.0,0.0
238,eMBB,7,Satellite_2,Satellite,0,0.0,0.0,0.0
239,eMBB,0,6G_1,6G,0,0.0,0.0,0.0
239,eMBB,1,6G_2,6G,1,34533945.590551406,40000000.0,34533945.590551406
239,eMBB,2,WiFi_1,WiFi,0,0.0,0.0,0.0
239,eMBB,3,WiFi_2,WiFi,0,0.0,0.0,0.0
239,eMBB,4,WiFi_3,WiFi,0,0.0,0.0,0.0
239,eMBB,5,WiFi_4,WiFi,1,13609813.517334407,20000000.0,13609813.517334407
239,eMBB,6,Satellite_1,Satellite,0,0.0,0.0,0.0
239,eMBB,7,Satellite_2,Satellite,0,0.0,0.0,0.0
240,eMBB,0,6G_1,6G,0,0.0,0.0,0.0
240,eMBB,1,6G_2,6G,0,0.0,0.0,0.0
240,eMBB,2,WiFi_1,WiFi,0,0.0,0.0,0.0
240,eMBB,3,WiFi_2,WiFi,0,0.0,0.0,0.0
240,eMBB,4,WiFi_3,WiFi,0,0.0,0.0,0.0
240,eMBB,5,WiFi_4,WiFi,0,0.0,0.0,0.0
240,eMBB,6,Satellite_1,Satellite,1,3707797.050140111,1913736.619396082,1913736.619396082
240,eMBB,7,Satellite_2,Satellite,0,0.0,0.0,0.0
241,eMBB,0,6G_1,6G,0,0.0,0.0,0.0
241,eMBB,1,6G_2,6G,0,0.0,0.0,0.0
241,eMBB,2,WiFi_1,WiFi,0,0.0,0.0,0.0
241,eMBB,3,WiFi_2,WiFi,0,0.0,0.0,0.0
241,eMBB,4,WiFi_3,WiFi,0,0.0,0.0,0.0
241,eMBB,5,WiFi_4,WiFi,0,0.0,0.0,0.0
241,eMBB,6,Satellite_1,Satellite,1,3495991.8350781016,1576444.3906874042,1576444.3906874042
241,eMBB,7,Satellite_2,Satellite,0,0.0,0.0,0.0
242,eMBB,0,6G_1,6G,0,0.0,0.0,0.0
242,eMBB,1,6G_2,6G,0,0.0,0.0,0.0
242,eMBB,2,WiFi_1,WiFi,0,0.0,0.0,0.0
242,eMBB,3,WiFi_2,WiFi,0,0.0,0.0,0.0
242,eMBB,4,WiFi_3,WiFi,0,0.0,0.0,0.0
242,eMBB,5,WiFi_4,WiFi,0,0.0,0.0,0.0
242,eMBB,6,Satellite_1,Satellite,1,2917815.507770456,1652204.1302408332,1652204.1302408332
242,eMBB,7,Satellite_2,Satellite,0,0.0,0.0,0.0
243,eMBB,0,6G_1,6G,0,0.0,0.0,0.0
243,eMBB,1,6G_2,6G,0,0.0,0.0,0.0
243,eMBB,2,WiFi_1,WiFi,0,0.0,0.0,0.0
243,eMBB,3,WiFi_2,WiFi,0,0.0,0.0,0.0
243,eMBB,4,WiFi_3,WiFi,0,0.0,0.0,0.0
243,eMBB,5,WiFi_4,WiFi,0,0.0,0.0,0.0
243,eMBB,6,Satellite_1,Satellite,0,0.0,0.0,0.0
243,eMBB,7,Satellite_2,Satellite,1,1605231.937823625,1605231.937823625,1605231.937823625
244,eMBB,0,6G_1,6G,0,0.0,0.0,0.0
244,eMBB,1,6G_2,6G,0,0.0,0.0,0.0
244,eMBB,2,WiFi_1,WiFi,0,0.0,0.0,0.0
244,eMBB,3,WiFi_2,WiFi,0,0.0,0.0,0.0
244,eMBB,4,WiFi_3,WiFi,0,0.0,0.0,0.0
244,eMBB,5,WiFi_4,WiFi,0,0.0,0.0,0.0
244,eMBB,6,Satellite_1,Satellite,1,3964986.048135527,1684917.339769543,1684917.339769543
244,eMBB,7,Satellite_2,Satellite,0,0.0,0.0,0.0
245,eMBB,0,6G_1,6G,0,0.0,0.0,0.0
245,eMBB,1,6G_2,6G,0,0.0,0.0,0.0
245,eMBB,2,WiFi_1,WiFi,0,0.0,0.0,0.0
245,eMBB,3,WiFi_2,WiFi,0,0.0,0.0,0.0
245,eMBB,4,WiFi_3,WiFi,0,0.0,0.0,0.0
245,eMBB,5,WiFi_4,WiFi,0,0.0,0.0,0.0
245,eMBB,6,Satellite_1,Satellite,1,1806560.8373416213,1444525.8796769138,1444525.8796769138
245,eMBB,7,Satellite_2,Satellite,0,0.0,0.0,0.0
246,eMBB,0,6G_1,6G,0,0.0,0.0,0.0
246,eMBB,1,6G_2,6G,0,0.0,0.0,0.0
246,eMBB,2,WiFi_1,WiFi,0,0.0,0.0,0.0
246,eMBB,3,WiFi_2,WiFi,0,0.0,0.0,0.0
246,eMBB,4,WiFi_3,WiFi,0,0.0,0.0,0.0
246,eMBB,5,WiFi_4,WiFi,0,0.0,0.0,0.0
246,eMBB,6,Satellite_1,Satellite,0,0.0,0.0,0.0
246,eMBB,7,Satellite_2,Satellite,1,2384768.4624774926,1748172.0185747303,1748172.0185747303
247,eMBB,0,6G_1,6G,0,0.0,0.0,0.0
247,eMBB,1,6G_2,6G,0,0.0,0.0,0.0
247,eMBB,2,WiFi_1,WiFi,0,0.0,0.0,0.0
247,eMBB,3,WiFi_2,WiFi,0,0.0,0.0,0.0
247,eMBB,4,WiFi_3,WiFi,0,0.0,0.0,0.0
247,eMBB,5,WiFi_4,WiFi,0,0.0,0.0,0.0
247,eMBB,6,Satellite_1,Satellite,1,2029141.2712276825,1449171.7828780685,1449171.7828780685
247,eMBB,7,Satellite_2,Satellite,0,0.0,0.0,0.0
248,eMBB,0,6G_1,6G,0,0.0,0.0,0.0
248,eMBB,1,6G_2,6G,0,0.0,0.0,0.0
248,eMBB,2,WiFi_1,WiFi,0,0.0,0.0,0.0
248,eMBB,3,WiFi_2,WiFi,0,0.0,0.0,0.0
248,eMBB,4,WiFi_3,WiFi,0,0.0,0.0,0.0
248,eMBB,5,WiFi_4,WiFi,0,0.0,0.0,0.0
248,eMBB,6,Satellite_1,Satellite,0,0.0,0.0,0.0
248,eMBB,7,Satellite_2,Satellite,1,4817660.3523508245,1306728.29839249,1306728.29839249
249,eMBB,0,6G_1,6G,0,0.0,0.0,0.0
249,eMBB,1,6G_2,6G,0,0.0,0.0,0.0
249,eMBB,2,WiFi_1,WiFi,0,0.0,0.0,0.0
249,eMBB,3,WiFi_2,WiFi,0,0.0,0.0,0.0
249,eMBB,4,WiFi_3,WiFi,0,0.0,0.0,0.0
249,eMBB,5,WiFi_4,WiFi,0,0.0,0.0,0.0
249,eMBB,6,Satellite_1,Satellite,1,2531156.3314573904,2531156.3314573904,2531156.3314573904
249,eMBB,7,Satellite_2,Satellite,0,0.0,0.0,0.0
250,eMBB,0,6G_1,6G,0,0.0,0.0,0.0
250,eMBB,1,6G_2,6G,0,0.0,0.0,0.0
250,eMBB,2,WiFi_1,WiFi,0,0.0,0.0,0.0
250,eMBB,3,WiFi_2,WiFi,0,0.0,0.0,0.0
250,eMBB,4,WiFi_3,WiFi,0,0.0,0.0,0.0
250,eMBB,5,WiFi_4,WiFi,0,0.0,0.0,0.0
250,eMBB,6,Satellite_1,Satellite,1,2542853.0759200254,1772442.4832169446,1772442.4832169446
250,eMBB,7,Satellite_2,Satellite,0,0.0,0.0,0.0
251,eMBB,0,6G_1,6G,0,0.0,0.0,0.0
251,eMBB,1,6G_2,6G,0,0.0,0.0,0.0
251,eMBB,2,WiFi_1,WiFi,0,0.0,0.0,0.0
251,eMBB,3,WiFi_2,WiFi,0,0.0,0.0,0.0
251,eMBB,4,WiFi_3,WiFi,0,0.0,0.0,0.0
251,eMBB,5,WiFi_4,WiFi,0,0.0,0.0,0.0
251,eMBB,6,Satellite_1,Satellite,0,0.0,0.0,0.0
251,eMBB,7,Satellite_2,Satellite,1,2452685.2395796054,2452685.2395796054,2452685.2395796054
252,eMBB,0,6G_1,6G,0,0.0,0.0,0.0
252,eMBB,1,6G_2,6G,0,0.0,0.0,0.0
252,eMBB,2,WiFi_1,WiFi,0,0.0,0.0,0.0
252,eMBB,3,WiFi_2,WiFi,0,0.0,0.0,0.0
252,eMBB,4,WiFi_3,WiFi,0,0.0,0.0,0.0
252,eMBB,5,WiFi_4,WiFi,0,0.0,0.0,0.0
252,eMBB,6,Satellite_1,Satellite,0,0.0,0.0,0.0
252,eMBB,7,Satellite_2,Satellite,1,4382805.470251587,2401295.6909511024,2401295.6909511024
253,eMBB,0,6G_1,6G,0,0.0,0.0,0.0
253,eMBB,1,6G_2,6G,0,0.0,0.0,0.0
253,eMBB,2,WiFi_1,WiFi,0,0.0,0.0,0.0
253,eMBB,3,WiFi_2,WiFi,0,0.0,0.0,0.0
253,eMBB,4,WiFi_3,WiFi,0,0.0,0.0,0.0
253,eMBB,5,WiFi_4,WiFi,0,0.0,0.0,0.0
253,eMBB,6,Satellite_1,Satellite,1,4664698.914049819,1614911.1357641509,1614911.1357641509
253,eMBB,7,Satellite_2,Satellite,0,0.0,0.0,0.0
254,eMBB,0,6G_1,6G,0,0.0,0.0,0.0
254,eMBB,1,6G_2,6G,0,0.0,0.0,0.0
254,eMBB,2,WiFi_1,WiFi,0,0.0,0.0,0.0
254,eMBB,3,WiFi_2,WiFi,0,0.0,0.0,0.0
254,eMBB,4,WiFi_3,WiFi,0,0.0,0.0,0.0
254,eMBB,5,WiFi_4,WiFi,0,0.0,0.0,0.0
254,eMBB,6,Satellite_1,Satellite,1,2364199.7729783943,1612476.3050918938,1612476.3050918938
254,eMBB,7,Satellite_2,Satellite,0,0.0,0.0,0.0
255,eMBB,0,6G_1,6G,0,0.0,0.0,0.0
255,eMBB,1,6G_2,6G,0,0.0,0.0,0.0
255,eMBB,2,WiFi_1,WiFi,0,0.0,0.0,0.0
255,eMBB,3,WiFi_2,WiFi,0,0.0,0.0,0.0
255,eMBB,4,WiFi_3,WiFi,0,0.0,0.0,0.0
255,eMBB,5,WiFi_4,WiFi,0,0.0,0.0,0.0
255,eMBB,6,Satellite_1,Satellite,0,0.0,0.0,0.0
255,eMBB,7,Satellite_2,Satellite,1,4792377.617225573,1808608.0356386625,1808608.0356386625
256,eMBB,0,6G_1,6G,0,0.0,0.0,0.0
256,eMBB,1,6G_2,6G,0,0.0,0.0,0.0
256,eMBB,2,WiFi_1,WiFi,0,0.0,0.0,0.0
256,eMBB,3,WiFi_2,WiFi,0,0.0,0.0,0.0
256,eMBB,4,WiFi_3,WiFi,0,0.0,0.0,0.0
256,eMBB,5,WiFi_4,WiFi,0,0.0,0.0,0.0
256,eMBB,6,Satellite_1,Satellite,0,0.0,0.0,0.0
256,eMBB,7,Satellite_2,Satellite,1,1340827.8231280039,1340827.8231280036,1340827.8231280036
257,eMBB,0,6G_1,6G,0,0.0,0.0,0.0
257,eMBB,1,6G_2,6G,0,0.0,0.0,0.0
257,eMBB,2,WiFi_1,WiFi,0,0.0,0.0,0.0
257,eMBB,3,WiFi_2,WiFi,0,0.0,0.0,0.0
257,eMBB,4,WiFi_3,WiFi,0,0.0,0.0,0.0
257,eMBB,5,WiFi_4,WiFi,0,0.0,0.0,0.0
257,eMBB,6,Satellite_1,Satellite,1,4732792.8823817065,1910138.0306729348,1910138.0306729348
257,eMBB,7,Satellite_2,Satellite,0,0.0,0.0,0.0
258,eMBB,0,6G_1,6G,0,0.0,0.0,0.0
258,eMBB,1,6G_2,6G,0,0.0,0.0,0.0
258,eMBB,2,WiFi_1,WiFi,0,0.0,0.0,0.0
258,eMBB,3,WiFi_2,WiFi,0,0.0,0.0,0.0
258,eMBB,4,WiFi_3,WiFi,0,0.0,0.0,0.0
258,eMBB,5,WiFi_4,WiFi,0,0.0,0.0,0.0
258,eMBB,6,Satellite_1,Satellite,0,0.0,0.0,0.0
258,eMBB,7,Satellite_2,Satellite,1,6335403.142608428,1666154.3623915017,1666154.3623915017
259,eMBB,0,6G_1,6G,0,0.0,0.0,0.0
259,eMBB,1,6G_2,6G,0,0.0,0.0,0.0
259,eMBB,2,WiFi_1,WiFi,0,0.0,0.0,0.0
259,eMBB,3,WiFi_2,WiFi,0,0.0,0.0,0.0
259,eMBB,4,WiFi_3,WiFi,0,0.0,0.0,0.0
259,eMBB,5,WiFi_4,WiFi,0,0.0,0.0,0.0
259,eMBB,6,Satellite_1,Satellite,1,2673283.813211112,2102601.784540843,2102601.784540843
259,eMBB,7,Satellite_2,Satellite,0,0.0,0.0,0.0
260,eMBB,0,6G_1,6G,0,0.0,0.0,0.0
260,eMBB,1,6G_2,6G,0,0.0,0.0,0.0
260,eMBB,2,WiFi_1,WiFi,0,0.0,0.0,0.0
260,eMBB,3,WiFi_2,WiFi,0,0.0,0.0,0.0
260,eMBB,4,WiFi_3,WiFi,0,0.0,0.0,0.0
260,eMBB,5,WiFi_4,WiFi,0,0.0,0.0,0.0
260,eMBB,6,Satellite_1,Satellite,0,0.0,0.0,0.0
260,eMBB,7,Satellite_2,Satellite,1,1626284.4873112522,929621.7854474699,929621.7854474699
261,eMBB,0,6G_1,6G,0,0.0,0.0,0.0
261,eMBB,1,6G_2,6G,0,0.0,0.0,0.0
261,eMBB,2,WiFi_1,WiFi,0,0.0,0.0,0.0
261,eMBB,3,WiFi_2,WiFi,0,0.0,0.0,0.0
261,eMBB,4,WiFi_3,WiFi,0,0.0,0.0,0.0
261,eMBB,5,WiFi_4,WiFi,0,0.0,0.0,0.0
261,eMBB,6,Satellite_1,Satellite,0,0.0,0.0,0.0
261,eMBB,7,Satellite_2,Satellite,1,4045249.0355319693,2182831.6352603636,2182831.6352603636
262,eMBB,0,6G_1,6G,0,0.0,0.0,0.0
262,eMBB,1,6G_2,6G,0,0.0,0.0,0.0
262,eMBB,2,WiFi_1,WiFi,0,0.0,0.0,0.0
262,eMBB,3,WiFi_2,WiFi,0,0.0,0.0,0.0
262,eMBB,4,WiFi_3,WiFi,0,0.0,0.0,0.0
262,eMBB,5,WiFi_4,WiFi,0,0.0,0.0,0.0
262,eMBB,6,Satellite_1,Satellite,1,2066741.8357253575,2066741.8357253573,2066741.8357253573
262,eMBB,7,Satellite_2,Satellite,0,0.0,0.0,0.0
263,eMBB,0,6G_1,6G,0,0.0,0.0,0.0
263,eMBB,1,6G_2,6G,0,0.0,0.0,0.0
263,eMBB,2,WiFi_1,WiFi,0,0.0,0.0,0.0
263,eMBB,3,WiFi_2,WiFi,0,0.0,0.0,0.0
263,eMBB,4,WiFi_3,WiFi,0,0.0,0.0,0.0
263,eMBB,5,WiFi_4,WiFi,0,0.0,0.0,0.0
263,eMBB,6,Satellite_1,Satellite,0,0.0,0.0,0.0
263,eMBB,7,Satellite_2,Satellite,1,1348681.5262859962,1348681.5262859962,1348681.5262859962
264,eMBB,0,6G_1,6G,0,0.0,0.0,0.0
264,eMBB,1,6G_2,6G,0,0.0,0.0,0.0
264,eMBB,2,WiFi_1,WiFi,0,0.0,0.0,0.0
264,eMBB,3,WiFi_2,WiFi,0,0.0,0.0,0.0
264,eMBB,4,WiFi_3,WiFi,0,0.0,0.0,0.0
264,eMBB,5,WiFi_4,WiFi,0,0.0,0.0,0.0
264,eMBB,6,Satellite_1,Satellite,0,0.0,0.0,0.0
264,eMBB,7,Satellite_2,Satellite,1,3486047.768551681,2663308.4718476757,2663308.4718476757
265,eMBB,0,6G_1,6G,0,0.0,0.0,0.0
265,eMBB,1,6G_2,6G,0,0.0,0.0,0.0
265,eMBB,2,WiFi_1,WiFi,0,0.0,0.0,0.0
265,eMBB,3,WiFi_2,WiFi,0,0.0,0.0,0.0
265,eMBB,4,WiFi_3,WiFi,0,0.0,0.0,0.0
265,eMBB,5,WiFi_4,WiFi,0,0.0,0.0,0.0
265,eMBB,6,Satellite_1,Satellite,0,0.0,0.0,0.0
265,eMBB,7,Satellite_2,Satellite,1,3743477.1042672666,1823564.5430756074,1823564.5430756074
266,eMBB,0,6G_1,6G,0,0.0,0.0,0.0
266,eMBB,1,6G_2,6G,0,0.0,0.0,0.0
266,eMBB,2,WiFi_1,WiFi,0,0.0,0.0,0.0
266,eMBB,3,WiFi_2,WiFi,0,0.0,0.0,0.0
266,eMBB,4,WiFi_3,WiFi,0,0.0,0.0,0.0
266,eMBB,5,WiFi_4,WiFi,0,0.0,0.0,0.0
266,eMBB,6,Satellite_1,Satellite,0,0.0,0.0,0.0
266,eMBB,7,Satellite_2,Satellite,1,1651962.1043687772,1651962.1043687772,1651962.1043687772
267,eMBB,0,6G_1,6G,0,0.0,0.0,0.0
267,eMBB,1,6G_2,6G,0,0.0,0.0,0.0
267,eMBB,2,WiFi_1,WiFi,0,0.0,0.0,0.0
267,eMBB,3,WiFi_2,WiFi,0,0.0,0.0,0.0
267,eMBB,4,WiFi_3,WiFi,0,0.0,0.0,0.0
267,eMBB,5,WiFi_4,WiFi,0,0.0,0.0,0.0
267,eMBB,6,Satellite_1,Satellite,1,6670032.509972487,1276398.1244112547,1276398.1244112547
267,eMBB,7,Satellite_2,Satellite,0,0.0,0.0,0.0
268,eMBB,0,6G_1,6G,0,0.0,0.0,0.0
268,eMBB,1,6G_2,6G,0,0.0,0.0,0.0
268,eMBB,2,WiFi_1,WiFi,0,0.0,0.0,0.0
268,eMBB,3,WiFi_2,WiFi,0,0.0,0.0,0.0
268,eMBB,4,WiFi_3,WiFi,0,0.0,0.0,0.0
268,eMBB,5,WiFi_4,WiFi,0,0.0,0.0,0.0
268,eMBB,6,Satellite_1,Satellite,0,0.0,0.0,0.0
268,eMBB,7,Satellite_2,Satellite,1,5597348.876857232,2464041.4417433785,2464041.4417433785
269,eMBB,0,6G_1,6G,0,0.0,0.0,0.0
269,eMBB,1,6G_2,6G,0,0.0,0.0,0.0
269,eMBB,2,WiFi_1,WiFi,0,0.0,0.0,0.0
269,eMBB,3,WiFi_2,WiFi,0,0.0,0.0,0.0
269,eMBB,4,WiFi_3,WiFi,0,0.0,0.0,0.0
269,eMBB,5,WiFi_4,WiFi,0,0.0,0.0,0.0
269,eMBB,6,Satellite_1,Satellite,0,0.0,0.0,0.0
269,eMBB,7,Satellite_2,Satellite,1,4012153.3149057874,1922286.2444900481,1922286.2444900481
270,eMBB,0,6G_1,6G,0,0.0,0.0,0.0
270,eMBB,1,6G_2,6G,0,0.0,0.0,0.0
270,eMBB,2,WiFi_1,WiFi,0,0.0,0.0,0.0
270,eMBB,3,WiFi_2,WiFi,0,0.0,0.0,0.0
270,eMBB,4,WiFi_3,WiFi,0,0.0,0.0,0.0
270,eMBB,5,WiFi_4,WiFi,0,0.0,0.0,0.0
270,eMBB,6,Satellite_1,Satellite,1,4250591.60010445,2204493.72533891,2204493.72533891
270,eMBB,7,Satellite_2,Satellite,0,0.0,0.0,0.0
271,eMBB,0,6G_1,6G,0,0.0,0.0,0.0
271,eMBB,1,6G_2,6G,0,0.0,0.0,0.0
271,eMBB,2,WiFi_1,WiFi,0,0.0,0.0,0.0
271,eMBB,3,WiFi_2,WiFi,0,0.0,0.0,0.0
271,eMBB,4,WiFi_3,WiFi,0,0.0,0.0,0.0
271,eMBB,5,WiFi_4,WiFi,0,0.0,0.0,0.0
271,eMBB,6,Satellite_1,Satellite,1,5414579.77510787,2414458.843219193,2414458.843219193
271,eMBB,7,Satellite_2,Satellite,0,0.0,0.0,0.0
272,eMBB,0,6G_1,6G,0,0.0,0.0,0.0
272,eMBB,1,6G_2,6G,0,0.0,0.0,0.0
272,eMBB,2,WiFi_1,WiFi,0,0.0,0.0,0.0
272,eMBB,3,WiFi_2,WiFi,0,0.0,0.0,0.0
272,eMBB,4,WiFi_3,WiFi,0,0.0,0.0,0.0
272,eMBB,5,WiFi_4,WiFi,0,0.0,0.0,0.0
272,eMBB,6,Satellite_1,Satellite,1,3379465.490439077,2829864.7705091266,2829864.7705091266
272,eMBB,7,Satellite_2,Satellite,0,0.0,0.0,0.0
273,eMBB,0,6G_1,6G,0,0.0,0.0,0.0
273,eMBB,1,6G_2,6G,0,0.0,0.0,0.0
273,eMBB,2,WiFi_1,WiFi,0,0.0,0.0,0.0
273,eMBB,3,WiFi_2,WiFi,0,0.0,0.0,0.0
273,eMBB,4,WiFi_3,WiFi,0,0.0,0.0,0.0
273,eMBB,5,WiFi_4,WiFi,0,0.0,0.0,0.0
273,eMBB,6,Satellite_1,Satellite,1,2205801.2875967245,1902595.968768509,1902595.968768509
273,eMBB,7,Satellite_2,Satellite,0,0.0,0.0,0.0
274,eMBB,0,6G_1,6G,0,0.0,0.0,0.0
274,eMBB,1,6G_2,6G,0,0.0,0.0,0.0
274,eMBB,2,WiFi_1,WiFi,0,0.0,0.0,0.0
274,eMBB,3,WiFi_2,WiFi,0,0.0,0.0,0.0
274,eMBB,4,WiFi_3,WiFi,0,0.0,0.0,0.0
274,eMBB,5,WiFi_4,WiFi,0,0.0,0.0,0.0
274,eMBB,6,Satellite_1,Satellite,0,0.0,0.0,0.0
274,eMBB,7,Satellite_2,Satellite,1,4269645.69172528,2223464.00713534,2223464.00713534
275,eMBB,0,6G_1,6G,0,0.0,0.0,0.0
275,eMBB,1,6G_2,6G,0,0.0,0.0,0.0
275,eMBB,2,WiFi_1,WiFi,0,0.0,0.0,0.0
275,eMBB,3,WiFi_2,WiFi,0,0.0,0.0,0.0
275,eMBB,4,WiFi_3,WiFi,0,0.0,0.0,0.0
275,eMBB,5,WiFi_4,WiFi,0,0.0,0.0,0.0
275,eMBB,6,Satellite_1,Satellite,1,3007498.859645704,1274982.350123382,1274982.350123382
275,eMBB,7,Satellite_2,Satellite,0,0.0,0.0,0.0
276,eMBB,0,6G_1,6G,0,0.0,0.0,0.0
276,eMBB,1,6G_2,6G,0,0.0,0.0,0.0
276,eMBB,2,WiFi_1,WiFi,0,0.0,0.0,0.0
276,eMBB,3,WiFi_2,WiFi,0,0.0,0.0,0.0
276,eMBB,4,WiFi_3,WiFi,0,0.0,0.0,0.0
276,eMBB,5,WiFi_4,WiFi,0,0.0,0.0,0.0
276,eMBB,6,Satellite_1,Satellite,1,2889208.412062114,2745878.123901818,2745878.123901818
276,eMBB,7,Satellite_2,Satellite,0,0.0,0.0,0.0
277,eMBB,0,6G_1,6G,0,0.0,0.0,0.0
277,eMBB,1,6G_2,6G,0,0.0,0.0,0.0
277,eMBB,2,WiFi_1,WiFi,0,0.0,0.0,0.0
277,eMBB,3,WiFi_2,WiFi,0,0.0,0.0,0.0
277,eMBB,4,WiFi_3,WiFi,0,0.0,0.0,0.0
277,eMBB,5,WiFi_4,WiFi,0,0.0,0.0,0.0
277,eMBB,6,Satellite_1,Satellite,0,0.0,0.0,0.0
277,eMBB,7,Satellite_2,Satellite,1,1909021.4043452535,1834924.6759037073,1834924.6759037073
278,eMBB,0,6G_1,6G,0,0.0,0.0,0.0
278,eMBB,1,6G_2,6G,0,0.0,0.0,0.0
278,eMBB,2,WiFi_1,WiFi,0,0.0,0.0,0.0
278,eMBB,3,WiFi_2,WiFi,0,0.0,0.0,0.0
278,eMBB,4,WiFi_3,WiFi,0,0.0,0.0,0.0
278,eMBB,5,WiFi_4,WiFi,0,0.0,0.0,0.0
278,eMBB,6,Satellite_1,Satellite,0,0.0,0.0,0.0
278,eMBB,7,Satellite_2,Satellite,1,2855939.1059095,2397680.8864999874,2397680.8864999874
279,eMBB,0,6G_1,6G,0,0.0,0.0,0.0
279,eMBB,1,6G_2,6G,0,0.0,0.0,0.0
279,eMBB,2,WiFi_1,WiFi,0,0.0,0.0,0.0
279,eMBB,3,WiFi_2,WiFi,0,0.0,0.0,0.0
279,eMBB,4,WiFi_3,WiFi,0,0.0,0.0,0.0
279,eMBB,5,WiFi_4,WiFi,0,0.0,0.0,0.0
279,eMBB,6,Satellite_1,Satellite,1,2330155.0423261295,2227703.9367699474,2227703.9367699474
279,eMBB,7,Satellite_2,Satellite,0,0.0,0.0,0.0
280,eMBB,0,6G_1,6G,0,0.0,0.0,0.0
280,eMBB,1,6G_2,6G,0,0.0,0.0,0.0
280,eMBB,2,WiFi_1,WiFi,0,0.0,0.0,0.0
280,eMBB,3,WiFi_2,WiFi,0,0.0,0.0,0.0
280,eMBB,4,WiFi_3,WiFi,0,0.0,0.0,0.0
280,eMBB,5,WiFi_4,WiFi,0,0.0,0.0,0.0
280,eMBB,6,Satellite_1,Satellite,0,0.0,0.0,0.0
280,eMBB,7,Satellite_2,Satellite,1,3751668.9828599375,1762659.2250626641,1762659.2250626641
281,eMBB,0,6G_1,6G,0,0.0,0.0,0.0
281,eMBB,1,6G_2,6G,0,0.0,0.0,0.0
281,eMBB,2,WiFi_1,WiFi,0,0.0,0.0,0.0
281,eMBB,3,WiFi_2,WiFi,0,0.0,0.0,0.0
281,eMBB,4,WiFi_3,WiFi,0,0.0,0.0,0.0
281,eMBB,5,WiFi_4,WiFi,0,0.0,0.0,0.0
281,eMBB,6,Satellite_1,Satellite,1,3699762.2260691025,1867627.1683517187,1867627.1683517187
281,eMBB,7,Satellite_2,Satellite,0,0.0,0.0,0.0
282,eMBB,0,6G_1,6G,0,0.0,0.0,0.0
282,eMBB,1,6G_2,6G,0,0.0,0.0,0.0
282,eMBB,2,WiFi_1,WiFi,0,0.0,0.0,0.0
282,eMBB,3,WiFi_2,WiFi,0,0.0,0.0,0.0
282,eMBB,4,WiFi_3,WiFi,0,0.0,0.0,0.0
282,eMBB,5,WiFi_4,WiFi,0,0.0,0.0,0.0
282,eMBB,6,Satellite_1,Satellite,1,5145178.241431134,1957078.3074133126,1957078.3074133126
282,eMBB,7,Satellite_2,Satellite,0,0.0,0.0,0.0
283,eMBB,0,6G_1,6G,0,0.0,0.0,0.0
283,eMBB,1,6G_2,6G,0,0.0,0.0,0.0
283,eMBB,2,WiFi_1,WiFi,0,0.0,0.0,0.0
283,eMBB,3,WiFi_2,WiFi,0,0.0,0.0,0.0
283,eMBB,4,WiFi_3,WiFi,0,0.0,0.0,0.0
283,eMBB,5,WiFi_4,WiFi,0,0.0,0.0,0.0
283,eMBB,6,Satellite_1,Satellite,1,5092774.423704247,2753076.969435758,2753076.969435758
283,eMBB,7,Satellite_2,Satellite,0,0.0,0.0,0.0
284,eMBB,0,6G_1,6G,0,0.0,0.0,0.0
284,eMBB,1,6G_2,6G,0,0.0,0.0,0.0
284,eMBB,2,WiFi_1,WiFi,0,0.0,0.0,0.0
284,eMBB,3,WiFi_2,WiFi,0,0.0,0.0,0.0
284,eMBB,4,WiFi_3,WiFi,0,0.0,0.0,0.0
284,eMBB,5,WiFi_4,WiFi,0,0.0,0.0,0.0
284,eMBB,6,Satellite_1,Satellite,0,0.0,0.0,0.0
284,eMBB,7,Satellite_2,Satellite,1,2758517.9132689186,2217441.1375662214,2217441.1375662214
285,eMBB,0,6G_1,6G,0,0.0,0.0,0.0
285,eMBB,1,6G_2,6G,0,0.0,0.0,0.0
285,eMBB,2,WiFi_1,WiFi,0,0.0,0.0,0.0
285,eMBB,3,WiFi_2,WiFi,0,0.0,0.0,0.0
285,eMBB,4,WiFi_3,WiFi,0,0.0,0.0,0.0
285,eMBB,5,WiFi_4,WiFi,0,0.0,0.0,0.0
285,eMBB,6,Satellite_1,Satellite,1,3003486.130339974,2333379.893291188,2333379.893291188
285,eMBB,7,Satellite_2,Satellite,0,0.0,0.0,0.0
286,eMBB,0,6G_1,6G,0,0.0,0.0,0.0
286,eMBB,1,6G_2,6G,0,0.0,0.0,0.0
286,eMBB,2,WiFi_1,WiFi,0,0.0,0.0,0.0
286,eMBB,3,WiFi_2,WiFi,0,0.0,0.0,0.0
286,eMBB,4,WiFi_3,WiFi,0,0.0,0.0,0.0
286,eMBB,5,WiFi_4,WiFi,0,0.0,0.0,0.0
286,eMBB,6,Satellite_1,Satellite,0,0.0,0.0,0.0
286,eMBB,7,Satellite_2,Satellite,1,3056931.576646969,1249328.9419437125,1249328.9419437125
287,eMBB,0,6G_1,6G,0,0.0,0.0,0.0
287,eMBB,1,6G_2,6G,0,0.0,0.0,0.0
287,eMBB,2,WiFi_1,WiFi,0,0.0,0.0,0.0
287,eMBB,3,WiFi_2,WiFi,0,0.0,0.0,0.0
287,eMBB,4,WiFi_3,WiFi,0,0.0,0.0,0.0
287,eMBB,5,WiFi_4,WiFi,0,0.0,0.0,0.0
287,eMBB,6,Satellite_1,Satellite,0,0.0,0.0,0.0
287,eMBB,7,Satellite_2,Satellite,1,3337769.139805482,2244685.284199722,2244685.284199722
288,eMBB,0,6G_1,6G,0,0.0,0.0,0.0
288,eMBB,1,6G_2,6G,0,0.0,0.0,0.0
288,eMBB,2,WiFi_1,WiFi,0,0.0,0.0,0.0
288,eMBB,3,WiFi_2,WiFi,0,0.0,0.0,0.0
288,eMBB,4,WiFi_3,WiFi,0,0.0,0.0,0.0
288,eMBB,5,WiFi_4,WiFi,0,0.0,0.0,0.0
288,eMBB,6,Satellite_1,Satellite,0,0.0,0.0,0.0
288,eMBB,7,Satellite_2,Satellite,1,2042755.3341535397,2042755.3341535397,2042755.3341535397
289,eMBB,0,6G_1,6G,0,0.0,0.0,0.0
289,eMBB,1,6G_2,6G,0,0.0,0.0,0.0
289,eMBB,2,WiFi_1,WiFi,0,0.0,0.0,0.0
289,eMBB,3,WiFi_2,WiFi,0,0.0,0.0,0.0
289,eMBB,4,WiFi_3,WiFi,0,0.0,0.0,0.0
289,eMBB,5,WiFi_4,WiFi,0,0.0,0.0,0.0
289,eMBB,6,Satellite_1,Satellite,1,4137743.1025372045,2524355.57339536,2524355.57339536
289,eMBB,7,Satellite_2,Satellite,0,0.0,0.0,0.0
290,eMBB,0,6G_1,6G,0,0.0,0.0,0.0
290,eMBB,1,6G_2,6G,0,0.0,0.0,0.0
290,eMBB,2,WiFi_1,WiFi,0,0.0,0.0,0.0
290,eMBB,3,WiFi_2,WiFi,0,0.0,0.0,0.0
290,eMBB,4,WiFi_3,WiFi,0,0.0,0.0,0.0
290,eMBB,5,WiFi_4,WiFi,0,0.0,0.0,0.0
290,eMBB,6,Satellite_1,Satellite,0,0.0,0.0,0.0
290,eMBB,7,Satellite_2,Satellite,1,3610104.6553413146,1298580.8387411737,1298580.8387411737
291,eMBB,0,6G_1,6G,0,0.0,0.0,0.0
291,eMBB,1,6G_2,6G,0,0.0,0.0,0.0
291,eMBB,2,WiFi_1,WiFi,0,0.0,0.0,0.0
291,eMBB,3,WiFi_2,WiFi,0,0.0,0.0,0.0
291,eMBB,4,WiFi_3,WiFi,0,0.0,0.0,0.0
291,eMBB,5,WiFi_4,WiFi,0,0.0,0.0,0.0
291,eMBB,6,Satellite_1,Satellite,1,3505238.0227213465,2176820.4556439496,2176820.4556439496
291,eMBB,7,Satellite_2,Satellite,0,0.0,0.0,0.0
292,eMBB,0,6G_1,6G,0,0.0,0.0,0.0
292,eMBB,1,6G_2,6G,0,0.0,0.0,0.0
292,eMBB,2,WiFi_1,WiFi,0,0.0,0.0,0.0
292,eMBB,3,WiFi_2,WiFi,0,0.0,0.0,0.0
292,eMBB,4,WiFi_3,WiFi,0,0.0,0.0,0.0
292,eMBB,5,WiFi_4,WiFi,0,0.0,0.0,0.0
292,eMBB,6,Satellite_1,Satellite,0,0.0,0.0,0.0
292,eMBB,7,Satellite_2,Satellite,1,3792678.4404431786,1290640.5233651777,1290640.5233651777
293,eMBB,0,6G_1,6G,0,0.0,0.0,0.0
293,eMBB,1,6G_2,6G,0,0.0,0.0,0.0
293,eMBB,2,WiFi_1,WiFi,0,0.0,0.0,0.0
293,eMBB,3,WiFi_2,WiFi,0,0.0,0.0,0.0
293,eMBB,4,WiFi_3,WiFi,0,0.0,0.0,0.0
293,eMBB,5,WiFi_4,WiFi,0,0.0,0.0,0.0
293,eMBB,6,Satellite_1,Satellite,1,3559870.4919735976,1343095.7523588457,1343095.7523588457
293,eMBB,7,Satellite_2,Satellite,0,0.0,0.0,0.0
294,eMBB,0,6G_1,6G,0,0.0,0.0,0.0
294,eMBB,1,6G_2,6G,0,0.0,0.0,0.0
294,eMBB,2,WiFi_1,WiFi,0,0.0,0.0,0.0
294,eMBB,3,WiFi_2,WiFi,0,0.0,0.0,0.0
294,eMBB,4,WiFi_3,WiFi,0,0.0,0.0,0.0
294,eMBB,5,WiFi_4,WiFi,0,0.0,0.0,0.0
294,eMBB,6,Satellite_1,Satellite,0,0.0,0.0,0.0
294,eMBB,7,Satellite_2,Satellite,1,5214756.576940694,1638227.6498619255,1638227.6498619255
295,eMBB,0,6G_1,6G,0,0.0,0.0,0.0
295,eMBB,1,6G_2,6G,0,0.0,0.0,0.0
295,eMBB,2,WiFi_1,WiFi,0,0.0,0.0,0.0
295,eMBB,3,WiFi_2,WiFi,0,0.0,0.0,0.0
295,eMBB,4,WiFi_3,WiFi,0,0.0,0.0,0.0
295,eMBB,5,WiFi_4,WiFi,0,0.0,0.0,0.0
295,eMBB,6,Satellite_1,Satellite,0,0.0,0.0,0.0
295,eMBB,7,Satellite_2,Satellite,1,5379254.836960324,1430349.1102775554,1430349.1102775554
296,eMBB,0,6G_1,6G,0,0.0,0.0,0.0
296,eMBB,1,6G_2,6G,0,0.0,0.0,0.0
296,eMBB,2,WiFi_1,WiFi,0,0.0,0.0,0.0
296,eMBB,3,WiFi_2,WiFi,0,0.0,0.0,0.0
296,eMBB,4,WiFi_3,WiFi,0,0.0,0.0,0.0
296,eMBB,5,WiFi_4,WiFi,0,0.0,0.0,0.0
296,eMBB,6,Satellite_1,Satellite,0,0.0,0.0,0.0
296,eMBB,7,Satellite_2,Satellite,1,3781568.086939925,2660920.0176246963,2660920.0176246963
297,eMBB,0,6G_1,6G,0,0.0,0.0,0.0
297,eMBB,1,6G_2,6G,0,0.0,0.0,0.0
297,eMBB,2,WiFi_1,WiFi,0,0.0,0.0,0.0
297,eMBB,3,WiFi_2,WiFi,0,0.0,0.0,0.0
297,eMBB,4,WiFi_3,WiFi,0,0.0,0.0,0.0
297,eMBB,5,WiFi_4,WiFi,0,0.0,0.0,0.0
297,eMBB,6,Satellite_1,Satellite,1,5432276.200605042,1371684.541235081,1371684.541235081
297,eMBB,7,Satellite_2,Satellite,0,0.0,0.0,0.0
298,eMBB,0,6G_1,6G,0,0.0,0.0,0.0
298,eMBB,1,6G_2,6G,0,0.0,0.0,0.0
298,eMBB,2,WiFi_1,WiFi,0,0.0,0.0,0.0
298,eMBB,3,WiFi_2,WiFi,0,0.0,0.0,0.0
298,eMBB,4,WiFi_3,WiFi,0,0.0,0.0,0.0
298,eMBB,5,WiFi_4,WiFi,0,0.0,0.0,0.0
298,eMBB,6,Satellite_1,Satellite,0,0.0,0.0,0.0
298,eMBB,7,Satellite_2,Satellite,1,2630695.21089919,2417489.485129126,2417489.485129126
299,eMBB,0,6G_1,6G,0,0.0,0.0,0.0
299,eMBB,1,6G_2,6G,0,0.0,0.0,0.0
299,eMBB,2,WiFi_1,WiFi,0,0.0,0.0,0.0
299,eMBB,3,WiFi_2,WiFi,0,0.0,0.0,0.0
299,eMBB,4,WiFi_3,WiFi,0,0.0,0.0,0.0
299,eMBB,5,WiFi_4,WiFi,0,0.0,0.0,0.0
299,eMBB,6,Satellite_1,Satellite,0,0.0,0.0,0.0
299,eMBB,7,Satellite_2,Satellite,1,2110184.537275457,2110184.537275457,2110184.537275457
300,eMBB,0,6G_1,6G,0,0.0,0.0,0.0
300,eMBB,1,6G_2,6G,1,23224014.190915685,40000000.0,23224014.190915685
300,eMBB,2,WiFi_1,WiFi,0,0.0,0.0,0.0
300,eMBB,3,WiFi_2,WiFi,0,0.0,0.0,0.0
300,eMBB,4,WiFi_3,WiFi,1,10617024.370129677,20000000.0,10617024.370129677
300,eMBB,5,WiFi_4,WiFi,0,0.0,0.0,0.0
300,eMBB,6,Satellite_1,Satellite,0,0.0,0.0,0.0
300,eMBB,7,Satellite_2,Satellite,1,2394160.4423071845,579081.4684521744,579081.4684521744
301,eMBB,0,6G_1,6G,1,15571747.431774456,40000000.0,15571747.431774456
301,eMBB,1,6G_2,6G,0,0.0,0.0,0.0
301,eMBB,2,WiFi_1,WiFi,1,20000000.0,20000000.0,20000000.0
301,eMBB,3,WiFi_2,WiFi,0,0.0,0.0,0.0
301,eMBB,4,WiFi_3,WiFi,0,0.0,0.0,0.0
301,eMBB,5,WiFi_4,WiFi,0,0.0,0.0,0.0
301,eMBB,6,Satellite_1,Satellite,0,0.0,0.0,0.0
301,eMBB,7,Satellite_2,Satellite,1,1050805.1797181275,284767.76542739285,284767.76542739285
302,eMBB,0,6G_1,6G,0,0.0,0.0,0.0
302,eMBB,1,6G_2,6G,1,10968168.410533817,40000000.0,10968168.410533817
302,eMBB,2,WiFi_1,WiFi,0,0.0,0.0,0.0
302,eMBB,3,WiFi_2,WiFi,1,16002523.131685624,20000000.0,16002523.131685624
302,eMBB,4,WiFi_3,WiFi,0,0.0,0.0,0.0
302,eMBB,5,WiFi_4,WiFi,0,0.0,0.0,0.0
302,eMBB,6,Satellite_1,Satellite,1,1467045.5751633474,1467045.5751633474,1467045.5751633474
302,eMBB,7,Satellite_2,Satellite,0,0.0,0.0,0.0
303,eMBB,0,6G_1,6G,0,0.0,0.0,0.0
303,eMBB,1,6G_2,6G,1,40000000.0,40000000.0,40000000.0
303,eMBB,2,WiFi_1,WiFi,1,16916191.38015309,20000000.0,16916191.38015309
303,eMBB,3,WiFi_2,WiFi,0,0.0,0.0,0.0
303,eMBB,4,WiFi_3,WiFi,0,0.0,0.0,0.0
303,eMBB,5,WiFi_4,WiFi,0,0.0,0.0,0.0
303,eMBB,6,Satellite_1,Satellite,0,0.0,0.0,0.0
303,eMBB,7,Satellite_2,Satellite,1,3203428.810359752,305679.683146955,305679.683146955
304,eMBB,0,6G_1,6G,0,0.0,0.0,0.0
304,eMBB,1,6G_2,6G,1,40000000.0,40000000.0,40000000.0
304,eMBB,2,WiFi_1,WiFi,0,0.0,0.0,0.0
304,eMBB,3,WiFi_2,WiFi,0,0.0,0.0,0.0
304,eMBB,4,WiFi_3,WiFi,1,17701800.96739085,20000000.0,17701800.96739085
304,eMBB,5,WiFi_4,WiFi,0,0.0,0.0,0.0
304,eMBB,6,Satellite_1,Satellite,1,643090.959416068,643090.959416068,643090.959416068
304,eMBB,7,Satellite_2,Satellite,0,0.0,0.0,0.0
305,eMBB,0,6G_1,6G,0,0.0,0.0,0.0
305,eMBB,1,6G_2,6G,1,40000000.0,40000000.0,40000000.0
305,eMBB,2,WiFi_1,WiFi,0,0.0,0.0,0.0
305,eMBB,3,WiFi_2,WiFi,0,0.0,0.0,0.0
305,eMBB,4,WiFi_3,WiFi,1,1195245.99020075,20000000.0,1195245.99020075
305,eMBB,5,WiFi_4,WiFi,0,0.0,0.0,0.0
305,eMBB,6,Satellite_1,Satellite,1,2050783.345332242,554792.7863905507,554792.7863905507
305,eMBB,7,Satellite_2,Satellite,0,0.0,0.0,0.0
306,eMBB,0,6G_1,6G,1,13970751.119156037,40000000.0,13970751.119156037
306,eMBB,1,6G_2,6G,0,0.0,0.0,0.0
306,eMBB,2,WiFi_1,WiFi,0,0.0,0.0,0.0
306,eMBB,3,WiFi_2,WiFi,0,0.0,0.0,0.0
306,eMBB,4,WiFi_3,WiFi,0,0.0,0.0,0.0
306,eMBB,5,WiFi_4,WiFi,1,20000000.0,20000000.0,20000000.0
306,eMBB,6,Satellite_1,Satellite,1,3039184.737820201,1378440.6168145293,1378440.6168145293
306,eMBB,7,Satellite_2,Satellite,0,0.0,0.0,0.0
307,eMBB,0,6G_1,6G,1,31235353.28296083,40000000.0,31235353.28296083
307,eMBB,1,6G_2,6G,0,0.0,0.0,0.0
307,eMBB,2,WiFi_1,WiFi,1,15304596.389573399,20000000.0,15304596.389573399
307,eMBB,3,WiFi_2,WiFi,0,0.0,0.0,0.0
307,eMBB,4,WiFi_3,WiFi,0,0.0,0.0,0.0
307,eMBB,5,WiFi_4,WiFi,0,0.0,0.0,0.0
307,eMBB,6,Satellite_1,Satellite,1,1691865.080648338,502000.5959590554,502000.5959590554
307,eMBB,7,Satellite_2,Satellite,0,0.0,0.0,0.0
308,eMBB,0,6G_1,6G,0,0.0,0.0,0.0
308,eMBB,1,6G_2,6G,1,39999999.99999999,40000000.0,39999999.99999999
308,eMBB,2,WiFi_1,WiFi,1,19205442.668873552,20000000.0,19205442.668873552
308,eMBB,3,WiFi_2,WiFi,0,0.0,0.0,0.0
308,eMBB,4,WiFi_3,WiFi,0,0.0,0.0,0.0
308,eMBB,5,WiFi_4,WiFi,0,0.0,0.0,0.0
308,eMBB,6,Satellite_1,Satellite,1,1623489.6427868232,1623489.6427868232,1623489.6427868232
308,eMBB,7,Satellite_2,Satellite,0,0.0,0.0,0.0
309,eMBB,0,6G_1,6G,0,0.0,0.0,0.0
309,eMBB,1,6G_2,6G,1,40000000.0,40000000.0,40000000.0
309,eMBB,2,WiFi_1,WiFi,0,0.0,0.0,0.0
309,eMBB,3,WiFi_2,WiFi,0,0.0,0.0,0.0
309,eMBB,4,WiFi_3,WiFi,0,0.0,0.0,0.0
309,eMBB,5,WiFi_4,WiFi,1,20000000.0,20000000.0,20000000.0
309,eMBB,6,Satellite_1,Satellite,1,2513953.943837134,602178.1174086353,602178.1174086353
309,eMBB,7,Satellite_2,Satellite,0,0.0,0.0,0.0
310,eMBB,0,6G_1,6G,1,40000000.0,40000000.0,40000000.0
310,eMBB,1,6G_2,6G,0,0.0,0.0,0.0
310,eMBB,2,WiFi_1,WiFi,1,15887679.557892079,20000000.0,15887679.557892079
310,eMBB,3,WiFi_2,WiFi,0,0.0,0.0,0.0
310,eMBB,4,WiFi_3,WiFi,0,0.0,0.0,0.0
310,eMBB,5,WiFi_4,WiFi,0,0.0,0.0,0.0
310,eMBB,6,Satellite_1,Satellite,1,4851886.931508586,1364635.4462299487,1364635.4462299487
310,eMBB,7,Satellite_2,Satellite,0,0.0,0.0,0.0
311,eMBB,0,6G_1,6G,0,0.0,0.0,0.0
311,eMBB,1,6G_2,6G,1,15982801.082104266,40000000.0,15982801.082104266
311,eMBB,2,WiFi_1,WiFi,0,0.0,0.0,0.0
311,eMBB,3,WiFi_2,WiFi,0,0.0,0.0,0.0
311,eMBB,4,WiFi_3,WiFi,1,15050031.959951341,20000000.0,15050031.959951341
311,eMBB,5,WiFi_4,WiFi,0,0.0,0.0,0.0
311,eMBB,6,Satellite_1,Satellite,0,0.0,0.0,0.0
311,eMBB,7,Satellite_2,Satellite,1,2050337.916188312,120340.448006144,120340.448006144
312,eMBB,0,6G_1,6G,0,0.0,0.0,0.0
312,eMBB,1,6G_2,6G,1,17351685.509842243,40000000.0,17351685.509842243
312,eMBB,2,WiFi_1,WiFi,0,0.0,0.0,0.0
312,eMBB,3,WiFi_2,WiFi,0,0.0,0.0,0.0
312,eMBB,4,WiFi_3,WiFi,0,0.0,0.0,0.0
312,eMBB,5,WiFi_4,WiFi,1,19348384.104933847,20000000.0,19348384.104933847
312,eMBB,6,Satellite_1,Satellite,1,2119467.3419136354,2119467.3419136354,2119467.3419136354
312,eMBB,7,Satellite_2,Satellite,0,0.0,0.0,0.0
313,eMBB,0,6G_1,6G,0,0.0,0.0,0.0
313,eMBB,1,6G_2,6G,1,3278253.5001838994,40000000.0,3278253.5001838994
313,eMBB,2,WiFi_1,WiFi,0,0.0,0.0,0.0
313,eMBB,3,WiFi_2,WiFi,0,0.0,0.0,0.0
313,eMBB,4,WiFi_3,WiFi,1,11283244.473273085,20000000.0,11283244.473273085
313,eMBB,5,WiFi_4,WiFi,0,0.0,0.0,0.0
313,eMBB,6,Satellite_1,Satellite,1,1309572.28247792,1309572.28247792,1309572.28247792
313,eMBB,7,Satellite_2,Satellite,0,0.0,0.0,0.0
314,eMBB,0,6G_1,6G,1,40000000.0,40000000.0,40000000.0
314,eMBB,1,6G_2,6G,0,0.0,0.0,0.0
314,eMBB,2,WiFi_1,WiFi,1,17023793.695011914,20000000.0,17023793.695011914
314,eMBB,3,WiFi_2,WiFi,0,0.0,0.0,0.0
314,eMBB,4,WiFi_3,WiFi,0,0.0,0.0,0.0
314,eMBB,5,WiFi_4,WiFi,0,0.0,0.0,0.0
314,eMBB,6,Satellite_1,Satellite,1,4750506.001832881,2079087.9520446681,2079087.9520446681
314,eMBB,7,Satellite_2,Satellite,0,0.0,0.0,0.0
315,eMBB,0,6G_1,6G,0,0.0,0.0,0.0
315,eMBB,1,6G_2,6G,1,40000000.0,40000000.0,40000000.0
315,eMBB,2,WiFi_1,WiFi,1,12127221.791472573,20000000.0,12127221.791472573
315,eMBB,3,WiFi_2,WiFi,0,0.0,0.0,0.0
315,eMBB,4,WiFi_3,WiFi,0,0.0,0.0,0.0
315,eMBB,5,WiFi_4,WiFi,0,0.0,0.0,0.0
315,eMBB,6,Satellite_1,Satellite,0,0.0,0.0,0.0
315,eMBB,7,Satellite_2,Satellite,1,691557.8682290051,691557.8682290051,691557.8682290051
316,eMBB,0,6G_1,6G,0,0.0,0.0,0.0
316,eMBB,1,6G_2,6G,1,27587030.056877878,40000000.0,27587030.056877878
316,eMBB,2,WiFi_1,WiFi,0,0.0,0.0,0.0
316,eMBB,3,WiFi_2,WiFi,0,0.0,0.0,0.0
316,eMBB,4,WiFi_3,WiFi,0,0.0,0.0,0.0
316,eMBB,5,WiFi_4,WiFi,1,6946027.91292172,20000000.0,6946027.91292172
316,eMBB,6,Satellite_1,Satellite,0,0.0,0.0,0.0
316,eMBB,7,Satellite_2,Satellite,1,2962257.5023277993,750691.4509288996,750691.4509288996
317,eMBB,0,6G_1,6G,1,40000000.0,40000000.0,40000000.0
317,eMBB,1,6G_2,6G,0,0.0,0.0,0.0
317,eMBB,2,WiFi_1,WiFi,0,0.0,0.0,0.0
317,eMBB,3,WiFi_2,WiFi,0,0.0,0.0,0.0
317,eMBB,4,WiFi_3,WiFi,0,0.0,0.0,0.0
317,eMBB,5,WiFi_4,WiFi,1,20000000.0,20000000.0,20000000.0
317,eMBB,6,Satellite_1,Satellite,0,0.0,0.0,0.0
317,eMBB,7,Satellite_2,Satellite,1,998155.2992463371,998155.2992463371,998155.2992463371
318,eMBB,0,6G_1,6G,1,40000000.0,40000000.0,40000000.0
318,eMBB,1,6G_2,6G,0,0.0,0.0,0.0
318,eMBB,2,WiFi_1,WiFi,0,0.0,0.0,0.0
318,eMBB,3,WiFi_2,WiFi,0,0.0,0.0,0.0
318,eMBB,4,WiFi_3,WiFi,0,0.0,0.0,0.0
318,eMBB,5,WiFi_4,WiFi,1,20000000.0,20000000.0,20000000.0
318,eMBB,6,Satellite_1,Satellite,1,1834319.2256929763,889218.6353762683,889218.6353762683
318,eMBB,7,Satellite_2,Satellite,0,0.0,0.0,0.0
319,eMBB,0,6G_1,6G,1,40000000.0,40000000.0,40000000.0
319,eMBB,1,6G_2,6G,0,0.0,0.0,0.0
319,eMBB,2,WiFi_1,WiFi,0,0.0,0.0,0.0
319,eMBB,3,WiFi_2,WiFi,1,20000000.0,20000000.0,20000000.0
319,eMBB,4,WiFi_3,WiFi,0,0.0,0.0,0.0
319,eMBB,5,WiFi_4,WiFi,0,0.0,0.0,0.0
319,eMBB,6,Satellite_1,Satellite,1,3644223.7221513344,1812877.5338162398,1812877.5338162398
319,eMBB,7,Satellite_2,Satellite,0,0.0,0.0,0.0
320,eMBB,0,6G_1,6G,1,3236618.185674555,40000000.0,3236618.185674555
320,eMBB,1,6G_2,6G,0,0.0,0.0,0.0
320,eMBB,2,WiFi_1,WiFi,0,0.0,0.0,0.0
320,eMBB,3,WiFi_2,WiFi,1,1602530.469399344,20000000.0,1602530.469399344
320,eMBB,4,WiFi_3,WiFi,0,0.0,0.0,0.0
320,eMBB,5,WiFi_4,WiFi,0,0.0,0.0,0.0
320,eMBB,6,Satellite_1,Satellite,0,0.0,0.0,0.0
320,eMBB,7,Satellite_2,Satellite,1,1891409.60527516,189946.4237632699,189946.4237632699
321,eMBB,0,6G_1,6G,0,0.0,0.0,0.0
321,eMBB,1,6G_2,6G,1,11547836.745013256,40000000.0,11547836.745013256
321,eMBB,2,WiFi_1,WiFi,0,0.0,0.0,0.0
321,eMBB,3,WiFi_2,WiFi,1,17423189.07293905,20000000.0,17423189.07293905
321,eMBB,4,WiFi_3,WiFi,0,0.0,0.0,0.0
321,eMBB,5,WiFi_4,WiFi,0,0.0,0.0,0.0
321,eMBB,6,Satellite_1,Satellite,1,3651101.272697818,284810.4929457438,284810.4929457438
321,eMBB,7,Satellite_2,Satellite,0,0.0,0.0,0.0
322,eMBB,0,6G_1,6G,1,40000000.0,40000000.0,40000000.0
322,eMBB,1,6G_2,6G,0,0.0,0.0,0.0
322,eMBB,2,WiFi_1,WiFi,0,0.0,0.0,0.0
322,eMBB,3,WiFi_2,WiFi,1,4435810.819626608,20000000.0,4435810.819626608
322,eMBB,4,WiFi_3,WiFi,0,0.0,0.0,0.0
322,eMBB,5,WiFi_4,WiFi,0,0.0,0.0,0.0
322,eMBB,6,Satellite_1,Satellite,1,1313571.8775869387,419846.57304066693,419846.57304066693
322,eMBB,7,Satellite_2,Satellite,0,0.0,0.0,0.0
323,eMBB,0,6G_1,6G,1,23494008.756539255,40000000.0,23494008.756539255
323,eMBB,1,6G_2,6G,0,0.0,0.0,0.0
323,eMBB,2,WiFi_1,WiFi,1,20000000.0,20000000.0,20000000.0
323,eMBB,3,WiFi_2,WiFi,0,0.0,0.0,0.0
323,eMBB,4,WiFi_3,WiFi,0,0.0,0.0,0.0
323,eMBB,5,WiFi_4,WiFi,0,0.0,0.0,0.0
323,eMBB,6,Satellite_1,Satellite,0,0.0,0.0,0.0
323,eMBB,7,Satellite_2,Satellite,1,2051214.1198743084,2051214.1198743084,2051214.1198743084
324,eMBB,0,6G_1,6G,1,36958045.870248534,40000000.0,36958045.870248534
324,eMBB,1,6G_2,6G,0,0.0,0.0,0.0
324,eMBB,2,WiFi_1,WiFi,0,0.0,0.0,0.0
324,eMBB,3,WiFi_2,WiFi,1,20000000.0,20000000.0,20000000.0
324,eMBB,4,WiFi_3,WiFi,0,0.0,0.0,0.0
324,eMBB,5,WiFi_4,WiFi,0,0.0,0.0,0.0
324,eMBB,6,Satellite_1,Satellite,0,0.0,0.0,0.0
324,eMBB,7,Satellite_2,Satellite,1,2521034.7267880347,2521034.7267880347,2521034.7267880347
325,eMBB,0,6G_1,6G,0,0.0,0.0,0.0
325,eMBB,1,6G_2,6G,1,40000000.0,40000000.0,40000000.0
325,eMBB,2,WiFi_1,WiFi,0,0.0,0.0,0.0
325,eMBB,3,WiFi_2,WiFi,1,20000000.0,20000000.0,20000000.0
325,eMBB,4,WiFi_3,WiFi,0,0.0,0.0,0.0
325,eMBB,5,WiFi_4,WiFi,0,0.0,0.0,0.0
325,eMBB,6,Satellite_1,Satellite,0,0.0,0.0,0.0
325,eMBB,7,Satellite_2,Satellite,1,234803.4356348744,234803.4356348744,234803.4356348744
326,eMBB,0,6G_1,6G,1,38594180.15866919,40000000.0,38594180.15866919
326,eMBB,1,6G_2,6G,0,0.0,0.0,0.0
326,eMBB,2,WiFi_1,WiFi,0,0.0,0.0,0.0
326,eMBB,3,WiFi_2,WiFi,0,0.0,0.0,0.0
326,eMBB,4,WiFi_3,WiFi,1,20000000.0,20000000.0,20000000.0
326,eMBB,5,WiFi_4,WiFi,0,0.0,0.0,0.0
326,eMBB,6,Satellite_1,Satellite,1,1529782.6296422046,1529782.6296422046,1529782.6296422046
326,eMBB,7,Satellite_2,Satellite,0,0.0,0.0,0.0
327,eMBB,0,6G_1,6G,0,0.0,0.0,0.0
327,eMBB,1,6G_2,6G,1,27832962.60480914,40000000.0,27832962.60480914
327,eMBB,2,WiFi_1,WiFi,0,0.0,0.0,0.0
327,eMBB,3,WiFi_2,WiFi,0,0.0,0.0,0.0
327,eMBB,4,WiFi_3,WiFi,0,0.0,0.0,0.0
327,eMBB,5,WiFi_4,WiFi,1,17682973.98383592,20000000.0,17682973.98383592
327,eMBB,6,Satellite_1,Satellite,1,1365155.1466592634,121507.8162738645,121507.8162738645
327,eMBB,7,Satellite_2,Satellite,0,0.0,0.0,0.0
328,eMBB,0,6G_1,6G,1,40000000.0,40000000.0,40000000.0
328,eMBB,1,6G_2,6G,0,0.0,0.0,0.0
328,eMBB,2,WiFi_1,WiFi,0,0.0,0.0,0.0
328,eMBB,3,WiFi_2,WiFi,1,15782397.156519325,20000000.0,15782397.156519325
328,eMBB,4,WiFi_3,WiFi,0,0.0,0.0,0.0
328,eMBB,5,WiFi_4,WiFi,0,0.0,0.0,0.0
328,eMBB,6,Satellite_1,Satellite,1,5696584.784633836,58257.484921286676,58257.484921286676
328,eMBB,7,Satellite_2,Satellite,0,0.0,0.0,0.0
329,eMBB,0,6G_1,6G,0,0.0,0.0,0.0
329,eMBB,1,6G_2,6G,1,40000000.0,40000000.0,40000000.0
329,eMBB,2,WiFi_1,WiFi,1,10163978.657848082,20000000.0,10163978.657848082
329,eMBB,3,WiFi_2,WiFi,0,0.0,0.0,0.0
329,eMBB,4,WiFi_3,WiFi,0,0.0,0.0,0.0
329,eMBB,5,WiFi_4,WiFi,0,0.0,0.0,0.0
329,eMBB,6,Satellite_1,Satellite,1,3513584.2005231334,42739.885046060626,42739.885046060626
329,eMBB,7,Satellite_2,Satellite,0,0.0,0.0,0.0
330,eMBB,0,6G_1,6G,1,15803724.277857987,40000000.0,15803724.277857987
330,eMBB,1,6G_2,6G,0,0.0,0.0,0.0
330,eMBB,2,WiFi_1,WiFi,0,0.0,0.0,0.0
330,eMBB,3,WiFi_2,WiFi,0,0.0,0.0,0.0
330,eMBB,4,WiFi_3,WiFi,1,10605252.402952127,20000000.0,10605252.402952127
330,eMBB,5,WiFi_4,WiFi,0,0.0,0.0,0.0
330,eMBB,6,Satellite_1,Satellite,1,3856250.8450747337,1645712.8557635455,1645712.8557635455
330,eMBB,7,Satellite_2,Satellite,0,0.0,0.0,0.0
331,eMBB,0,6G_1,6G,1,19277805.905661922,40000000.0,19277805.905661922
331,eMBB,1,6G_2,6G,0,0.0,0.0,0.0
331,eMBB,2,WiFi_1,WiFi,0,0.0,0.0,0.0
331,eMBB,3,WiFi_2,WiFi,1,17234133.955036223,20000000.0,17234133.955036223
331,eMBB,4,WiFi_3,WiFi,0,0.0,0.0,0.0
331,eMBB,5,WiFi_4,WiFi,0,0.0,0.0,0.0
331,eMBB,6,Satellite_1,Satellite,1,1924591.6790959237,1875919.2293639304,1875919.2293639304
331,eMBB,7,Satellite_2,Satellite,0,0.0,0.0,0.0
332,eMBB,0,6G_1,6G,0,0.0,0.0,0.0
332,eMBB,1,6G_2,6G,1,40000000.0,40000000.0,40000000.0
332,eMBB,2,WiFi_1,WiFi,1,20000000.0,20000000.0,20000000.0
332,eMBB,3,WiFi_2,WiFi,0,0.0,0.0,0.0
332,eMBB,4,WiFi_3,WiFi,0,0.0,0.0,0.0
332,eMBB,5,WiFi_4,WiFi,0,0.0,0.0,0.0
332,eMBB,6,Satellite_1,Satellite,1,4980973.651662331,784583.7789787836,784583.7789787836
332,eMBB,7,Satellite_2,Satellite,0,0.0,0.0,0.0
333,eMBB,0,6G_1,6G,1,33867058.41770288,40000000.0,33867058.41770288
333,eMBB,1,6G_2,6G,0,0.0,0.0,0.0
333,eMBB,2,WiFi_1,WiFi,1,3371449.260550488,20000000.0,3371449.260550488
333,eMBB,3,WiFi_2,WiFi,0,0.0,0.0,0.0
333,eMBB,4,WiFi_3,WiFi,0,0.0,0.0,0.0
333,eMBB,5,WiFi_4,WiFi,0,0.0,0.0,0.0
333,eMBB,6,Satellite_1,Satellite,1,4926768.4201020645,1627254.1790537343,1627254.1790537343
333,eMBB,7,Satellite_2,Satellite,0,0.0,0.0,0.0
334,eMBB,0,6G_1,6G,0,0.0,0.0,0.0
334,eMBB,1,6G_2,6G,1,40000000.0,40000000.0,40000000.0
334,eMBB,2,WiFi_1,WiFi,0,0.0,0.0,0.0
334,eMBB,3,WiFi_2,WiFi,1,19977010.370380078,20000000.0,19977010.370380078
334,eMBB,4,WiFi_3,WiFi,0,0.0,0.0,0.0
334,eMBB,5,WiFi_4,WiFi,0,0.0,0.0,0.0
334,eMBB,6,Satellite_1,Satellite,0,0.0,0.0,0.0
334,eMBB,7,Satellite_2,Satellite,1,3463419.8997550393,773025.2604445097,773025.2604445097
335,eMBB,0,6G_1,6G,1,40000000.0,40000000.0,40000000.0
335,eMBB,1,6G_2,6G,0,0.0,0.0,0.0
335,eMBB,2,WiFi_1,WiFi,0,0.0,0.0,0.0
335,eMBB,3,WiFi_2,WiFi,1,20000000.0,20000000.0,20000000.0
335,eMBB,4,WiFi_3,WiFi,0,0.0,0.0,0.0
335,eMBB,5,WiFi_4,WiFi,0,0.0,0.0,0.0
335,eMBB,6,Satellite_1,Satellite,1,1874819.1093385427,112461.5132689077,112461.5132689077
335,eMBB,7,Satellite_2,Satellite,0,0.0,0.0,0.0
336,eMBB,0,6G_1,6G,0,0.0,0.0,0.0
336,eMBB,1,6G_2,6G,1,31692910.225853465,40000000.0,31692910.225853465
336,eMBB,2,WiFi_1,WiFi,0,0.0,0.0,0.0
336,eMBB,3,WiFi_2,WiFi,0,0.0,0.0,0.0
336,eMBB,4,WiFi_3,WiFi,0,0.0,0.0,0.0
336,eMBB,5,WiFi_4,WiFi,1,20000000.0,20000000.0,20000000.0
336,eMBB,6,Satellite_1,Satellite,1,2324284.9309608033,807282.474767787,807282.474767787
336,eMBB,7,Satellite_2,Satellite,0,0.0,0.0,0.0
337,eMBB,0,6G_1,6G,1,40000000.0,40000000.0,40000000.0
337,eMBB,1,6G_2,6G,0,0.0,0.0,0.0
337,eMBB,2,WiFi_1,WiFi,0,0.0,0.0,0.0
337,eMBB,3,WiFi_2,WiFi,0,0.0,0.0,0.0
337,eMBB,4,WiFi_3,WiFi,1,20000000.0,20000000.0,20000000.0
337,eMBB,5,WiFi_4,WiFi,0,0.0,0.0,0.0
337,eMBB,6,Satellite_1,Satellite,0,0.0,0.0,0.0
337,eMBB,7,Satellite_2,Satellite,1,4726075.203791901,1679415.3093679838,1679415.3093679838
338,eMBB,0,6G_1,6G,0,0.0,0.0,0.0
338,eMBB,1,6G_2,6G,1,5818378.511729173,40000000.0,5818378.511729173
338,eMBB,2,WiFi_1,WiFi,0,0.0,0.0,0.0
338,eMBB,3,WiFi_2,WiFi,1,11947369.335810218,20000000.0,11947369.335810218
338,eMBB,4,WiFi_3,WiFi,0,0.0,0.0,0.0
338,eMBB,5,WiFi_4,WiFi,0,0.0,0.0,0.0
338,eMBB,6,Satellite_1,Satellite,0,0.0,0.0,0.0
338,eMBB,7,Satellite_2,Satellite,1,4551430.431521866,951220.1289547688,951220.1289547688
339,eMBB,0,6G_1,6G,1,40000000.0,40000000.0,40000000.0
339,eMBB,1,6G_2,6G,0,0.0,0.0,0.0
339,eMBB,2,WiFi_1,WiFi,0,0.0,0.0,0.0
339,eMBB,3,WiFi_2,WiFi,0,0.0,0.0,0.0
339,eMBB,4,WiFi_3,WiFi,1,20000000.0,20000000.0,20000000.0
339,eMBB,5,WiFi_4,WiFi,0,0.0,0.0,0.0
339,eMBB,6,Satellite_1,Satellite,0,0.0,0.0,0.0
339,eMBB,7,Satellite_2,Satellite,1,452116.623685237,452116.6236852371,452116.623685237
340,eMBB,0,6G_1,6G,0,0.0,0.0,0.0
340,eMBB,1,6G_2,6G,1,32088531.152020607,40000000.0,32088531.152020607
340,eMBB,2,WiFi_1,WiFi,0,0.0,0.0,0.0
340,eMBB,3,WiFi_2,WiFi,0,0.0,0.0,0.0
340,eMBB,4,WiFi_3,WiFi,0,0.0,0.0,0.0
340,eMBB,5,WiFi_4,WiFi,1,20000000.0,20000000.0,20000000.0
340,eMBB,6,Satellite_1,Satellite,0,0.0,0.0,0.0
340,eMBB,7,Satellite_2,Satellite,1,1529097.6420654152,1529097.6420654152,1529097.6420654152
341,eMBB,0,6G_1,6G,0,0.0,0.0,0.0
341,eMBB,1,6G_2,6G,1,7805010.350009144,40000000.0,7805010.350009144
341,eMBB,2,WiFi_1,WiFi,0,0.0,0.0,0.0
341,eMBB,3,WiFi_2,WiFi,1,11032054.691326495,20000000.0,11032054.691326495
341,eMBB,4,WiFi_3,WiFi,0,0.0,0.0,0.0
341,eMBB,5,WiFi_4,WiFi,0,0.0,0.0,0.0
341,eMBB,6,Satellite_1,Satellite,1,3781365.264904582,1840209.1732230633,1840209.1732230633
341,eMBB,7,Satellite_2,Satellite,0,0.0,0.0,0.0
342,eMBB,0,6G_1,6G,1,40000000.0,40000000.0,40000000.0
342,eMBB,1,6G_2,6G,0,0.0,0.0,0.0
342,eMBB,2,WiFi_1,WiFi,0,0.0,0.0,0.0
342,eMBB,3,WiFi_2,WiFi,0,0.0,0.0,0.0
342,eMBB,4,WiFi_3,WiFi,1,20000000.0,20000000.0,20000000.0
342,eMBB,5,WiFi_4,WiFi,0,0.0,0.0,0.0
342,eMBB,6,Satellite_1,Satellite,1,1408879.4013750686,1408879.4013750686,1408879.4013750686
342,eMBB,7,Satellite_2,Satellite,0,0.0,0.0,0.0
343,eMBB,0,6G_1,6G,0,0.0,0.0,0.0
343,eMBB,1,6G_2,6G,1,40000000.0,40000000.0,40000000.0
343,eMBB,2,WiFi_1,WiFi,0,0.0,0.0,0.0
343,eMBB,3,WiFi_2,WiFi,0,0.0,0.0,0.0
343,eMBB,4,WiFi_3,WiFi,1,20000000.0,20000000.0,20000000.0
343,eMBB,5,WiFi_4,WiFi,0,0.0,0.0,0.0
343,eMBB,6,Satellite_1,Satellite,0,0.0,0.0,0.0
343,eMBB,7,Satellite_2,Satellite,1,215540.31815309555,215540.31815309558,215540.31815309555
344,eMBB,0,6G_1,6G,1,40000000.0,40000000.0,40000000.0
344,eMBB,1,6G_2,6G,0,0.0,0.0,0.0
344,eMBB,2,WiFi_1,WiFi,0,0.0,0.0,0.0
344,eMBB,3,WiFi_2,WiFi,0,0.0,0.0,0.0
344,eMBB,4,WiFi_3,WiFi,0,0.0,0.0,0.0
344,eMBB,5,WiFi_4,WiFi,1,20000000.0,20000000.0,20000000.0
344,eMBB,6,Satellite_1,Satellite,0,0.0,0.0,0.0
344,eMBB,7,Satellite_2,Satellite,1,2349373.3981146603,77745.04441418157,77745.04441418157
345,eMBB,0,6G_1,6G,1,36340078.121711485,40000000.0,36340078.121711485
345,eMBB,1,6G_2,6G,0,0.0,0.0,0.0
345,eMBB,2,WiFi_1,WiFi,0,0.0,0.0,0.0
345,eMBB,3,WiFi_2,WiFi,1,5589701.564572904,20000000.0,5589701.564572904
345,eMBB,4,WiFi_3,WiFi,0,0.0,0.0,0.0
345,eMBB,5,WiFi_4,WiFi,0,0.0,0.0,0.0
345,eMBB,6,Satellite_1,Satellite,1,1177403.453340737,1177403.453340737,1177403.453340737
345,eMBB,7,Satellite_2,Satellite,0,0.0,0.0,0.0
346,eMBB,0,6G_1,6G,1,7225985.768554748,40000000.0,7225985.768554748
346,eMBB,1,6G_2,6G,0,0.0,0.0,0.0
346,eMBB,2,WiFi_1,WiFi,0,0.0,0.0,0.0
346,eMBB,3,WiFi_2,WiFi,1,20000000.0,20000000.0,20000000.0
346,eMBB,4,WiFi_3,WiFi,0,0.0,0.0,0.0
346,eMBB,5,WiFi_4,WiFi,0,0.0,0.0,0.0
346,eMBB,6,Satellite_1,Satellite,0,0.0,0.0,0.0
346,eMBB,7,Satellite_2,Satellite,1,4190120.7489816328,1810105.4335701868,1810105.4335701868
347,eMBB,0,6G_1,6G,0,0.0,0.0,0.0
347,eMBB,1,6G_2,6G,1,40000000.0,40000000.0,40000000.0
347,eMBB,2,WiFi_1,WiFi,0,0.0,0.0,0.0
347,eMBB,3,WiFi_2,WiFi,0,0.0,0.0,0.0
347,eMBB,4,WiFi_3,WiFi,0,0.0,0.0,0.0
347,eMBB,5,WiFi_4,WiFi,1,15641517.84943661,20000000.0,15641517.84943661
347,eMBB,6,Satellite_1,Satellite,0,0.0,0.0,0.0
347,eMBB,7,Satellite_2,Satellite,1,1250308.5143861661,1250308.5143861661,1250308.5143861661
348,eMBB,0,6G_1,6G,0,0.0,0.0,0.0
348,eMBB,1,6G_2,6G,1,39233005.25685382,40000000.0,39233005.25685382
348,eMBB,2,WiFi_1,WiFi,0,0.0,0.0,0.0
348,eMBB,3,WiFi_2,WiFi,0,0.0,0.0,0.0
348,eMBB,4,WiFi_3,WiFi,0,0.0,0.0,0.0
348,eMBB,5,WiFi_4,WiFi,1,17566310.18166205,20000000.0,17566310.18166205
348,eMBB,6,Satellite_1,Satellite,0,0.0,0.0,0.0
348,eMBB,7,Satellite_2,Satellite,1,965907.3448598332,965907.3448598332,965907.3448598332
349,eMBB,0,6G_1,6G,0,0.0,0.0,0.0
349,eMBB,1,6G_2,6G,1,18573369.469906513,40000000.0,18573369.469906513
349,eMBB,2,WiFi_1,WiFi,0,0.0,0.0,0.0
349,eMBB,3,WiFi_2,WiFi,1,14339771.667130983,20000000.0,14339771.667130983
349,eMBB,4,WiFi_3,WiFi,0,0.0,0.0,0.0
349,eMBB,5,WiFi_4,WiFi,0,0.0,0.0,0.0
349,eMBB,6,Satellite_1,Satellite,1,2919980.828051717,146673.92102601522,146673.92102601522
349,eMBB,7,Satellite_2,Satellite,0,0.0,0.0,0.0
350,eMBB,0,6G_1,6G,0,0.0,0.0,0.0
350,eMBB,1,6G_2,6G,1,18346737.249858793,40000000.0,18346737.249858793
350,eMBB,2,WiFi_1,WiFi,0,0.0,0.0,0.0
350,eMBB,3,WiFi_2,WiFi,0,0.0,0.0,0.0
350,eMBB,4,WiFi_3,WiFi,1,489446.45654427836,20000000.0,489446.45654427836
350,eMBB,5,WiFi_4,WiFi,0,0.0,0.0,0.0
350,eMBB,6,Satellite_1,Satellite,0,0.0,0.0,0.0
350,eMBB,7,Satellite_2,Satellite,1,3941095.864083504,1569757.564302307,1569757.564302307
351,eMBB,0,6G_1,6G,1,40000000.0,40000000.0,40000000.0
351,eMBB,1,6G_2,6G,0,0.0,0.0,0.0
351,eMBB,2,WiFi_1,WiFi,0,0.0,0.0,0.0
351,eMBB,3,WiFi_2,WiFi,0,0.0,0.0,0.0
351,eMBB,4,WiFi_3,WiFi,1,20000000.0,20000000.0,20000000.0
351,eMBB,5,WiFi_4,WiFi,0,0.0,0.0,0.0
351,eMBB,6,Satellite_1,Satellite,1,1214235.1515871915,1214235.1515871915,1214235.1515871915
351,eMBB,7,Satellite_2,Satellite,0,0.0,0.0,0.0
352,eMBB,0,6G_1,6G,1,40000000.0,40000000.0,40000000.0
352,eMBB,1,6G_2,6G,0,0.0,0.0,0.0
352,eMBB,2,WiFi_1,WiFi,0,0.0,0.0,0.0
352,eMBB,3,WiFi_2,WiFi,0,0.0,0.0,0.0
352,eMBB,4,WiFi_3,WiFi,0,0.0,0.0,0.0
352,eMBB,5,WiFi_4,WiFi,1,6691531.186967154,20000000.0,6691531.186967154
352,eMBB,6,Satellite_1,Satellite,0,0.0,0.0,0.0
352,eMBB,7,Satellite_2,Satellite,1,2604939.6732084886,1626359.3530647052,1626359.3530647052
353,eMBB,0,6G_1,6G,0,0.0,0.0,0.0
353,eMBB,1,6G_2,6G,1,25265575.136707872,40000000.0,25265575.136707872
353,eMBB,2,WiFi_1,WiFi,0,0.0,0.0,0.0
353,eMBB,3,WiFi_2,WiFi,0,0.0,0.0,0.0
353,eMBB,4,WiFi_3,WiFi,1,20000000.0,20000000.0,20000000.0
353,eMBB,5,WiFi_4,WiFi,0,0.0,0.0,0.0
353,eMBB,6,Satellite_1,Satellite,0,0.0,0.0,0.0
353,eMBB,7,Satellite_2,Satellite,1,2307880.7997758524,1595862.3551108271,1595862.3551108271
354,eMBB,0,6G_1,6G,1,40000000.0,40000000.0,40000000.0
354,eMBB,1,6G_2,6G,0,0.0,0.0,0.0
354,eMBB,2,WiFi_1,WiFi,1,20000000.0,20000000.0,20000000.0
354,eMBB,3,WiFi_2,WiFi,0,0.0,0.0,0.0
354,eMBB,4,WiFi_3,WiFi,0,0.0,0.0,0.0
354,eMBB,5,WiFi_4,WiFi,0,0.0,0.0,0.0
354,eMBB,6,Satellite_1,Satellite,1,3096391.245566294,684782.6152175495,684782.6152175495
354,eMBB,7,Satellite_2,Satellite,0,0.0,0.0,0.0
355,eMBB,0,6G_1,6G,1,40000000.0,40000000.0,40000000.0
355,eMBB,1,6G_2,6G,0,0.0,0.0,0.0
355,eMBB,2,WiFi_1,WiFi,0,0.0,0.0,0.0
355,eMBB,3,WiFi_2,WiFi,0,0.0,0.0,0.0
355,eMBB,4,WiFi_3,WiFi,0,0.0,0.0,0.0
355,eMBB,5,WiFi_4,WiFi,1,14902385.225908058,20000000.0,14902385.225908058
355,eMBB,6,Satellite_1,Satellite,1,3462380.895374738,1317203.5938876464,1317203.5938876464
355,eMBB,7,Satellite_2,Satellite,0,0.0,0.0,0.0
356,eMBB,0,6G_1,6G,0,0.0,0.0,0.0
356,eMBB,1,6G_2,6G,1,40000000.0,40000000.0,40000000.0
356,eMBB,2,WiFi_1,WiFi,0,0.0,0.0,0.0
356,eMBB,3,WiFi_2,WiFi,0,0.0,0.0,0.0
356,eMBB,4,WiFi_3,WiFi,0,0.0,0.0,0.0
356,eMBB,5,WiFi_4,WiFi,1,20000000.0,20000000.0,20000000.0
356,eMBB,6,Satellite_1,Satellite,0,0.0,0.0,0.0
356,eMBB,7,Satellite_2,Satellite,1,2297649.015191819,276228.2365275539,276228.2365275539
357,eMBB,0,6G_1,6G,0,0.0,0.0,0.0
357,eMBB,1,6G_2,6G,1,25409454.381974626,40000000.0,25409454.381974626
357,eMBB,2,WiFi_1,WiFi,0,0.0,0.0,0.0
357,eMBB,3,WiFi_2,WiFi,0,0.0,0.0,0.0
357,eMBB,4,WiFi_3,WiFi,1,20000000.0,20000000.0,20000000.0
357,eMBB,5,WiFi_4,WiFi,0,0.0,0.0,0.0
357,eMBB,6,Satellite_1,Satellite,0,0.0,0.0,0.0
357,eMBB,7,Satellite_2,Satellite,1,1717777.2514583038,1717777.2514583038,1717777.2514583038
358,eMBB,0,6G_1,6G,1,40000000.0,40000000.0,40000000.0
358,eMBB,1,6G_2,6G,0,0.0,0.0,0.0
358,eMBB,2,WiFi_1,WiFi,1,20000000.0,20000000.0,20000000.0
358,eMBB,3,WiFi_2,WiFi,0,0.0,0.0,0.0
358,eMBB,4,WiFi_3,WiFi,0,0.0,0.0,0.0
358,eMBB,5,WiFi_4,WiFi,0,0.0,0.0,0.0
358,eMBB,6,Satellite_1,Satellite,0,0.0,0.0,0.0
358,eMBB,7,Satellite_2,Satellite,1,6161332.449669001,1527677.652949339,1527677.652949339
359,eMBB,0,6G_1,6G,0,0.0,0.0,0.0
359,eMBB,1,6G_2,6G,1,40000000.0,40000000.0,40000000.0
359,eMBB,2,WiFi_1,WiFi,1,20000000.0,20000000.0,20000000.0
359,eMBB,3,WiFi_2,WiFi,0,0.0,0.0,0.0
359,eMBB,4,WiFi_3,WiFi,0,0.0,0.0,0.0
359,eMBB,5,WiFi_4,WiFi,0,0.0,0.0,0.0
359,eMBB,6,Satellite_1,Satellite,0,0.0,0.0,0.0
359,eMBB,7,Satellite_2,Satellite,1,4316944.592513369,2789136.2970185997,2789136.2970185997
