user_id,user_type,rat_id,rat_name,rat_type,selected,uplink_rate,downlink_rate,effective_e2e_rate
0,URLLC,0,6G_1,6G,0,0.0,0.0,0.0
0,URLLC,1,6G_2,6G,1,47718593.11605756,40000000.0,40000000.0
0,URLLC,2,WiFi_1,WiFi,0,0.0,0.0,0.0
0,URLLC,3,WiFi_2,WiFi,0,0.0,0.0,0.0
0,URLLC,4,WiFi_3,WiFi,0,0.0,0.0,0.0
0,URLLC,5,WiFi_4,WiFi,0,0.0,0.0,0.0
0,URLLC,6,Satellite_1,Satellite,0,0.0,0.0,0.0
0,URLLC,7,Satellite_2,Satellite,0,0.0,0.0,0.0
1,URLLC,0,6G_1,6G,1,98169359.16426697,40000000.0,40000000.0
1,URLLC,1,6G_2,6G,0,0.0,0.0,0.0
1,URLLC,2,WiFi_1,WiFi,0,0.0,0.0,0.0
1,URLLC,3,WiFi_2,WiFi,0,0.0,0.0,0.0
1,URLLC,4,WiFi_3,WiFi,0,0.0,0.0,0.0
1,URLLC,5,WiFi_4,WiFi,0,0.0,0.0,0.0
1,URLLC,6,Satellite_1,Satellite,0,0.0,0.0,0.0
1,URLLC,7,Satellite_2,Satellite,0,0.0,0.0,0.0
2,URLLC,0,6G_1,6G,0,0.0,0.0,0.0
2,URLLC,1,6G_2,6G,0,0.0,0.0,0.0
2,URLLC,2,WiFi_1,WiFi,1,24020359.591397665,20000000.0,20000000.0
2,URLLC,3,WiFi_2,WiFi,0,0.0,0.0,0.0
2,URLLC,4,WiFi_3,WiFi,0,0.0,0.0,0.0
2,URLLC,5,WiFi_4,WiFi,0,0.0,0.0,0.0
2,URLLC,6,Satellite_1,Satellite,0,0.0,0.0,0.0
2,URLLC,7,Satellite_2,Satellite,0,0.0,0.0,0.0
3,URLLC,0,6G_1,6G,0,0.0,0.0,0.0
3,URLLC,1,6G_2,6G,1,60679382.85387776,40000000.0,40000000.0
3,URLLC,2,WiFi_1,WiFi,0,0.0,0.0,0.0
3,URLLC,3,WiFi_2,WiFi,0,0.0,0.0,0.0
3,URLLC,4,WiFi_3,WiFi,0,0.0,0.0,0.0
3,URLLC,5,WiFi_4,WiFi,0,0.0,0.0,0.0
3,URLLC,6,Satellite_1,Satellite,0,0.0,0.0,0.0
3,URLLC,7,Satellite_2,Satellite,0,0.0,0.0,0.0
4,URLLC,0,6G_1,6G,1,28484653.768544387,40000000.0,28484653.768544387
4,URLLC,1,6G_2,6G,0,0.0,0.0,0.0
4,URLLC,2,WiFi_1,WiFi,0,0.0,0.0,0.0
4,URLLC,3,WiFi_2,WiFi,0,0.0,0.0,0.0
4,URLLC,4,WiFi_3,WiFi,0,0.0,0.0,0.0
4,URLLC,5,WiFi_4,WiFi,0,0.0,0.0,0.0
4,URLLC,6,Satellite_1,Satellite,0,0.0,0.0,0.0
4,URLLC,7,Satellite_2,Satellite,0,0.0,0.0,0.0
5,URLLC,0,6G_1,6G,1,43120954.31128808,40000000.0,40000000.0
5,URLLC,1,6G_2,6G,0,0.0,0.0,0.0
5,URLLC,2,WiFi_1,WiFi,0,0.0,0.0,0.0
5,URLLC,3,WiFi_2,WiFi,0,0.0,0.0,0.0
5,URLLC,4,WiFi_3,WiFi,0,0.0,0.0,0.0
5,URLLC,5,WiFi_4,WiFi,0,0.0,0.0,0.0
5,URLLC,6,Satellite_1,Satellite,0,0.0,0.0,0.0
5,URLLC,7,Satellite_2,Satellite,0,0.0,0.0,0.0
6,URLLC,0,6G_1,6G,0,0.0,0.0,0.0
6,URLLC,1,6G_2,6G,1,94089453.23186544,40000000.0,40000000.0
6,URLLC,2,WiFi_1,WiFi,0,0.0,0.0,0.0
6,URLLC,3,WiFi_2,WiFi,0,0.0,0.0,0.0
6,URLLC,4,WiFi_3,WiFi,0,0.0,0.0,0.0
6,URLLC,5,WiFi_4,WiFi,0,0.0,0.0,0.0
6,URLLC,6,Satellite_1,Satellite,0,0.0,0.0,0.0
6,URLLC,7,Satellite_2,Satellite,0,0.0,0.0,0.0
7,URLLC,0,6G_1,6G,0,0.0,0.0,0.0
7,URLLC,1,6G_2,6G,0,0.0,0.0,0.0
7,URLLC,2,WiFi_1,WiFi,0,0.0,0.0,0.0
7,URLLC,3,WiFi_2,WiFi,0,0.0,0.0,0.0
7,URLLC,4,WiFi_3,WiFi,1,11631750.07526745,20000000.0,11631750.07526745
7,URLLC,5,WiFi_4,WiFi,0,0.0,0.0,0.0
7,URLLC,6,Satellite_1,Satellite,0,0.0,0.0,0.0
7,URLLC,7,Satellite_2,Satellite,0,0.0,0.0,0.0
8,URLLC,0,6G_1,6G,0,0.0,0.0,0.0
8,URLLC,1,6G_2,6G,1,65381741.118854724,40000000.0,40000000.0
8,URLLC,2,WiFi_1,WiFi,0,0.0,0.0,0.0
8,URLLC,3,WiFi_2,WiFi,0,0.0,0.0,0.0
8,URLLC,4,WiFi_3,WiFi,0,0.0,0.0,0.0
8,URLLC,5,WiFi_4,WiFi,0,0.0,0.0,0.0
8,URLLC,6,Satellite_1,Satellite,0,0.0,0.0,0.0
8,URLLC,7,Satellite_2,Satellite,0,0.0,0.0,0.0
9,URLLC,0,6G_1,6G,1,39009814.97875012,40000000.0,39009814.97875012
9,URLLC,1,6G_2,6G,0,0.0,0.0,0.0
9,URLLC,2,WiFi_1,WiFi,0,0.0,0.0,0.0
9,URLLC,3,WiFi_2,WiFi,0,0.0,0.0,0.0
9,URLLC,4,WiFi_3,WiFi,0,0.0,0.0,0.0
9,URLLC,5,WiFi_4,WiFi,0,0.0,0.0,0.0
9,URLLC,6,Satellite_1,Satellite,0,0.0,0.0,0.0
9,URLLC,7,Satellite_2,Satellite,0,0.0,0.0,0.0
10,URLLC,0,6G_1,6G,0,0.0,0.0,0.0
10,URLLC,1,6G_2,6G,1,41899132.00712889,40000000.0,40000000.0
10,URLLC,2,WiFi_1,WiFi,0,0.0,0.0,0.0
10,URLLC,3,WiFi_2,WiFi,0,0.0,0.0,0.0
10,URLLC,4,WiFi_3,WiFi,0,0.0,0.0,0.0
10,URLLC,5,WiFi_4,WiFi,0,0.0,0.0,0.0
10,URLLC,6,Satellite_1,Satellite,0,0.0,0.0,0.0
10,URLLC,7,Satellite_2,Satellite,0,0.0,0.0,0.0
11,URLLC,0,6G_1,6G,1,77128521.07256694,40000000.0,40000000.0
11,URLLC,1,6G_2,6G,0,0.0,0.0,0.0
11,URLLC,2,WiFi_1,WiFi,0,0.0,0.0,0.0
11,URLLC,3,WiFi_2,WiFi,0,0.0,0.0,0.0
11,URLLC,4,WiFi_3,WiFi,0,0.0,0.0,0.0
11,URLLC,5,WiFi_4,WiFi,0,0.0,0.0,0.0
11,URLLC,6,Satellite_1,Satellite,0,0.0,0.0,0.0
11,URLLC,7,Satellite_2,Satellite,0,0.0,0.0,0.0
12,URLLC,0,6G_1,6G,1,65857043.0565651,40000000.0,40000000.0
12,URLLC,1,6G_2,6G,0,0.0,0.0,0.0
12,URLLC,2,WiFi_1,WiFi,0,0.0,0.0,0.0
12,URLLC,3,WiFi_2,WiFi,0,0.0,0.0,0.0
12,URLLC,4,WiFi_3,WiFi,0,0.0,0.0,0.0
12,URLLC,5,WiFi_4,WiFi,0,0.0,0.0,0.0
12,URLLC,6,Satellite_1,Satellite,0,0.0,0.0,0.0
12,URLLC,7,Satellite_2,Satellite,0,0.0,0.0,0.0
13,URLLC,0,6G_1,6G,1,50174949.780337274,40000000.0,40000000.0
13,URLLC,1,6G_2,6G,0,0.0,0.0,0.0
13,URLLC,2,WiFi_1,WiFi,0,0.0,0.0,0.0
13,URLLC,3,WiFi_2,WiFi,0,0.0,0.0,0.0
13,URLLC,4,WiFi_3,WiFi,0,0.0,0.0,0.0
13,URLLC,5,WiFi_4,WiFi,0,0.0,0.0,0.0
13,URLLC,6,Satellite_1,Satellite,0,0.0,0.0,0.0
13,URLLC,7,Satellite_2,Satellite,0,0.0,0.0,0.0
14,URLLC,0,6G_1,6G,0,0.0,0.0,0.0
14,URLLC,1,6G_2,6G,0,0.0,0.0,0.0
14,URLLC,2,WiFi_1,WiFi,0,0.0,0.0,0.0
14,URLLC,3,WiFi_2,WiFi,1,40713026.78364439,20000000.0,20000000.0
14,URLLC,4,WiFi_3,WiFi,0,0.0,0.0,0.0
14,URLLC,5,WiFi_4,WiFi,0,0.0,0.0,0.0
14,URLLC,6,Satellite_1,Satellite,0,0.0,0.0,0.0
14,URLLC,7,Satellite_2,Satellite,0,0.0,0.0,0.0
15,URLLC,0,6G_1,6G,1,44699888.03725357,40000000.0,40000000.0
15,URLLC,1,6G_2,6G,0,0.0,0.0,0.0
15,URLLC,2,WiFi_1,WiFi,0,0.0,0.0,0.0
15,URLLC,3,WiFi_2,WiFi,0,0.0,0.0,0.0
15,URLLC,4,WiFi_3,WiFi,0,0.0,0.0,0.0
15,URLLC,5,WiFi_4,WiFi,0,0.0,0.0,0.0
15,URLLC,6,Satellite_1,Satellite,0,0.0,0.0,0.0
15,URLLC,7,Satellite_2,Satellite,0,0.0,0.0,0.0
16,URLLC,0,6G_1,6G,0,0.0,0.0,0.0
16,URLLC,1,6G_2,6G,0,0.0,0.0,0.0
16,URLLC,2,WiFi_1,WiFi,1,30699865.047025617,20000000.0,20000000.0
16,URLLC,3,WiFi_2,WiFi,0,0.0,0.0,0.0
16,URLLC,4,WiFi_3,WiFi,0,0.0,0.0,0.0
16,URLLC,5,WiFi_4,WiFi,0,0.0,0.0,0.0
16,URLLC,6,Satellite_1,Satellite,0,0.0,0.0,0.0
16,URLLC,7,Satellite_2,Satellite,0,0.0,0.0,0.0
17,URLLC,0,6G_1,6G,0,0.0,0.0,0.0
17,URLLC,1,6G_2,6G,0,0.0,0.0,0.0
17,URLLC,2,WiFi_1,WiFi,1,23993777.133883405,20000000.0,20000000.0
17,URLLC,3,WiFi_2,WiFi,0,0.0,0.0,0.0
17,URLLC,4,WiFi_3,WiFi,0,0.0,0.0,0.0
17,URLLC,5,WiFi_4,WiFi,0,0.0,0.0,0.0
17,URLLC,6,Satellite_1,Satellite,0,0.0,0.0,0.0
17,URLLC,7,Satellite_2,Satellite,0,0.0,0.0,0.0
18,URLLC,0,6G_1,6G,0,0.0,0.0,0.0
18,URLLC,1,6G_2,6G,0,0.0,0.0,0.0
18,URLLC,2,WiFi_1,WiFi,0,0.0,0.0,0.0
18,URLLC,3,WiFi_2,WiFi,1,31176846.198348105,20000000.0,20000000.0
18,URLLC,4,WiFi_3,WiFi,0,0.0,0.0,0.0
18,URLLC,5,WiFi_4,WiFi,0,0.0,0.0,0.0
18,URLLC,6,Satellite_1,Satellite,0,0.0,0.0,0.0
18,URLLC,7,Satellite_2,Satellite,0,0.0,0.0,0.0
19,URLLC,0,6G_1,6G,0,0.0,0.0,0.0
19,URLLC,1,6G_2,6G,1,58669850.83705024,40000000.0,40000000.0
19,URLLC,2,WiFi_1,WiFi,0,0.0,0.0,0.0
19,URLLC,3,WiFi_2,WiFi,0,0.0,0.0,0.0
19,URLLC,4,WiFi_3,WiFi,0,0.0,0.0,0.0
19,URLLC,5,WiFi_4,WiFi,0,0.0,0.0,0.0
19,URLLC,6,Satellite_1,Satellite,0,0.0,0.0,0.0
19,URLLC,7,Satellite_2,Satellite,0,0.0,0.0,0.0
20,URLLC,0,6G_1,6G,1,53398815.65095017,40000000.0,40000000.0
20,URLLC,1,6G_2,6G,0,0.0,0.0,0.0
20,URLLC,2,WiFi_1,WiFi,0,0.0,0.0,0.0
20,URLLC,3,WiFi_2,WiFi,0,0.0,0.0,0.0
20,URLLC,4,WiFi_3,WiFi,0,0.0,0.0,0.0
20,URLLC,5,WiFi_4,WiFi,0,0.0,0.0,0.0
20,URLLC,6,Satellite_1,Satellite,0,0.0,0.0,0.0
20,URLLC,7,Satellite_2,Satellite,0,0.0,0.0,0.0
21,URLLC,0,6G_1,6G,0,0.0,0.0,0.0
21,URLLC,1,6G_2,6G,0,0.0,0.0,0.0
21,URLLC,2,WiFi_1,WiFi,0,0.0,0.0,0.0
21,URLLC,3,WiFi_2,WiFi,0,0.0,0.0,0.0
21,URLLC,4,WiFi_3,WiFi,0,0.0,0.0,0.0
21,URLLC,5,WiFi_4,WiFi,1,29682971.030144356,20000000.0,20000000.0
21,URLLC,6,Satellite_1,Satellite,0,0.0,0.0,0.0
21,URLLC,7,Satellite_2,Satellite,0,0.0,0.0,0.0
22,URLLC,0,6G_1,6G,1,31494016.958584428,40000000.0,31494016.958584428
22,URLLC,1,6G_2,6G,0,0.0,0.0,0.0
22,URLLC,2,WiFi_1,WiFi,0,0.0,0.0,0.0
22,URLLC,3,WiFi_2,WiFi,0,0.0,0.0,0.0
22,URLLC,4,WiFi_3,WiFi,0,0.0,0.0,0.0
22,URLLC,5,WiFi_4,WiFi,0,0.0,0.0,0.0
22,URLLC,6,Satellite_1,Satellite,0,0.0,0.0,0.0
22,URLLC,7,Satellite_2,Satellite,0,0.0,0.0,0.0
23,URLLC,0,6G_1,6G,0,0.0,0.0,0.0
23,URLLC,1,6G_2,6G,0,0.0,0.0,0.0
23,URLLC,2,WiFi_1,WiFi,0,0.0,0.0,0.0
23,URLLC,3,WiFi_2,WiFi,1,44078303.56042066,20000000.0,20000000.0
23,URLLC,4,WiFi_3,WiFi,0,0.0,0.0,0.0
23,URLLC,5,WiFi_4,WiFi,0,0.0,0.0,0.0
23,URLLC,6,Satellite_1,Satellite,0,0.0,0.0,0.0
23,URLLC,7,Satellite_2,Satellite,0,0.0,0.0,0.0
24,URLLC,0,6G_1,6G,0,0.0,0.0,0.0
24,URLLC,1,6G_2,6G,0,0.0,0.0,0.0
24,URLLC,2,WiFi_1,WiFi,1,21177317.569257785,20000000.0,20000000.0
24,URLLC,3,WiFi_2,WiFi,0,0.0,0.0,0.0
24,URLLC,4,WiFi_3,WiFi,0,0.0,0.0,0.0
24,URLLC,5,WiFi_4,WiFi,0,0.0,0.0,0.0
24,URLLC,6,Satellite_1,Satellite,0,0.0,0.0,0.0
24,URLLC,7,Satellite_2,Satellite,0,0.0,0.0,0.0
25,URLLC,0,6G_1,6G,1,34620316.303118326,40000000.0,34620316.303118326
25,URLLC,1,6G_2,6G,0,0.0,0.0,0.0
25,URLLC,2,WiFi_1,WiFi,0,0.0,0.0,0.0
25,URLLC,3,WiFi_2,WiFi,0,0.0,0.0,0.0
25,URLLC,4,WiFi_3,WiFi,0,0.0,0.0,0.0
25,URLLC,5,WiFi_4,WiFi,0,0.0,0.0,0.0
25,URLLC,6,Satellite_1,Satellite,0,0.0,0.0,0.0
25,URLLC,7,Satellite_2,Satellite,0,0.0,0.0,0.0
26,URLLC,0,6G_1,6G,0,0.0,0.0,0.0
26,URLLC,1,6G_2,6G,0,0.0,0.0,0.0
26,URLLC,2,WiFi_1,WiFi,0,0.0,0.0,0.0
26,URLLC,3,WiFi_2,WiFi,0,0.0,0.0,0.0
26,URLLC,4,WiFi_3,WiFi,0,0.0,0.0,0.0
26,URLLC,5,WiFi_4,WiFi,1,21507712.990655906,20000000.0,20000000.0
26,URLLC,6,Satellite_1,Satellite,0,0.0,0.0,0.0
26,URLLC,7,Satellite_2,Satellite,0,0.0,0.0,0.0
27,URLLC,0,6G_1,6G,0,0.0,0.0,0.0
27,URLLC,1,6G_2,6G,0,0.0,0.0,0.0
27,URLLC,2,WiFi_1,WiFi,1,35407309.42471225,20000000.0,20000000.0
27,URLLC,3,WiFi_2,WiFi,0,0.0,0.0,0.0
27,URLLC,4,WiFi_3,WiFi,0,0.0,0.0,0.0
27,URLLC,5,WiFi_4,WiFi,0,0.0,0.0,0.0
27,URLLC,6,Satellite_1,Satellite,0,0.0,0.0,0.0
27,URLLC,7,Satellite_2,Satellite,0,0.0,0.0,0.0
28,URLLC,0,6G_1,6G,0,0.0,0.0,0.0
28,URLLC,1,6G_2,6G,0,0.0,0.0,0.0
28,URLLC,2,WiFi_1,WiFi,0,0.0,0.0,0.0
28,URLLC,3,WiFi_2,WiFi,0,0.0,0.0,0.0
28,URLLC,4,WiFi_3,WiFi,0,0.0,0.0,0.0
28,URLLC,5,WiFi_4,WiFi,1,37802487.87316216,20000000.0,20000000.0
28,URLLC,6,Satellite_1,Satellite,0,0.0,0.0,0.0
28,URLLC,7,Satellite_2,Satellite,0,0.0,0.0,0.0
29,URLLC,0,6G_1,6G,0,0.0,0.0,0.0
29,URLLC,1,6G_2,6G,0,0.0,0.0,0.0
29,URLLC,2,WiFi_1,WiFi,0,0.0,0.0,0.0
29,URLLC,3,WiFi_2,WiFi,0,0.0,0.0,0.0
29,URLLC,4,WiFi_3,WiFi,1,9254234.865544224,20000000.0,9254234.865544224
29,URLLC,5,WiFi_4,WiFi,0,0.0,0.0,0.0
29,URLLC,6,Satellite_1,Satellite,0,0.0,0.0,0.0
29,URLLC,7,Satellite_2,Satellite,0,0.0,0.0,0.0
30,URLLC,0,6G_1,6G,1,35453176.540133074,40000000.0,35453176.540133074
30,URLLC,1,6G_2,6G,0,0.0,0.0,0.0
30,URLLC,2,WiFi_1,WiFi,0,0.0,0.0,0.0
30,URLLC,3,WiFi_2,WiFi,0,0.0,0.0,0.0
30,URLLC,4,WiFi_3,WiFi,0,0.0,0.0,0.0
30,URLLC,5,WiFi_4,WiFi,0,0.0,0.0,0.0
30,URLLC,6,Satellite_1,Satellite,0,0.0,0.0,0.0
30,URLLC,7,Satellite_2,Satellite,0,0.0,0.0,0.0
31,URLLC,0,6G_1,6G,0,0.0,0.0,0.0
31,URLLC,1,6G_2,6G,0,0.0,0.0,0.0
31,URLLC,2,WiFi_1,WiFi,0,0.0,0.0,0.0
31,URLLC,3,WiFi_2,WiFi,1,34400616.24737682,20000000.0,20000000.0
31,URLLC,4,WiFi_3,WiFi,0,0.0,0.0,0.0
31,URLLC,5,WiFi_4,WiFi,0,0.0,0.0,0.0
31,URLLC,6,Satellite_1,Satellite,0,0.0,0.0,0.0
31,URLLC,7,Satellite_2,Satellite,0,0.0,0.0,0.0
32,URLLC,0,6G_1,6G,0,0.0,0.0,0.0
32,URLLC,1,6G_2,6G,0,0.0,0.0,0.0
32,URLLC,2,WiFi_1,WiFi,1,29499881.08871019,20000000.0,20000000.0
32,URLLC,3,WiFi_2,WiFi,0,0.0,0.0,0.0
32,URLLC,4,WiFi_3,WiFi,0,0.0,0.0,0.0
32,URLLC,5,WiFi_4,WiFi,0,0.0,0.0,0.0
32,URLLC,6,Satellite_1,Satellite,0,0.0,0.0,0.0
32,URLLC,7,Satellite_2,Satellite,0,0.0,0.0,0.0
33,URLLC,0,6G_1,6G,0,0.0,0.0,0.0
33,URLLC,1,6G_2,6G,0,0.0,0.0,0.0
33,URLLC,2,WiFi_1,WiFi,0,0.0,0.0,0.0
33,URLLC,3,WiFi_2,WiFi,0,0.0,0.0,0.0
33,URLLC,4,WiFi_3,WiFi,0,0.0,0.0,0.0
33,URLLC,5,WiFi_4,WiFi,1,12099059.67663456,20000000.0,12099059.67663456
33,URLLC,6,Satellite_1,Satellite,0,0.0,0.0,0.0
33,URLLC,7,Satellite_2,Satellite,0,0.0,0.0,0.0
34,URLLC,0,6G_1,6G,0,0.0,0.0,0.0
34,URLLC,1,6G_2,6G,0,0.0,0.0,0.0
34,URLLC,2,WiFi_1,WiFi,0,0.0,0.0,0.0
34,URLLC,3,WiFi_2,WiFi,1,36737589.10443588,20000000.0,20000000.0
34,URLLC,4,WiFi_3,WiFi,0,0.0,0.0,0.0
34,URLLC,5,WiFi_4,WiFi,0,0.0,0.0,0.0
34,URLLC,6,Satellite_1,Satellite,0,0.0,0.0,0.0
34,URLLC,7,Satellite_2,Satellite,0,0.0,0.0,0.0
35,URLLC,0,6G_1,6G,0,0.0,0.0,0.0
35,URLLC,1,6G_2,6G,0,0.0,0.0,0.0
35,URLLC,2,WiFi_1,WiFi,0,0.0,0.0,0.0
35,URLLC,3,WiFi_2,WiFi,1,35070214.223614216,20000000.0,20000000.0
35,URLLC,4,WiFi_3,WiFi,0,0.0,0.0,0.0
35,URLLC,5,WiFi_4,WiFi,0,0.0,0.0,0.0
35,URLLC,6,Satellite_1,Satellite,0,0.0,0.0,0.0
35,URLLC,7,Satellite_2,Satellite,0,0.0,0.0,0.0
36,URLLC,0,6G_1,6G,0,0.0,0.0,0.0
36,URLLC,1,6G_2,6G,1,54077843.30273657,40000000.0,40000000.0
36,URLLC,2,WiFi_1,WiFi,0,0.0,0.0,0.0
36,URLLC,3,WiFi_2,WiFi,0,0.0,0.0,0.0
36,URLLC,4,WiFi_3,WiFi,0,0.0,0.0,0.0
36,URLLC,5,WiFi_4,WiFi,0,0.0,0.0,0.0
36,URLLC,6,Satellite_1,Satellite,0,0.0,0.0,0.0
36,URLLC,7,Satellite_2,Satellite,0,0.0,0.0,0.0
37,URLLC,0,6G_1,6G,0,0.0,0.0,0.0
37,URLLC,1,6G_2,6G,0,0.0,0.0,0.0
37,URLLC,2,WiFi_1,WiFi,0,0.0,0.0,0.0
37,URLLC,3,WiFi_2,WiFi,1,24518111.996637687,20000000.0,20000000.0
37,URLLC,4,WiFi_3,WiFi,0,0.0,0.0,0.0
37,URLLC,5,WiFi_4,WiFi,0,0.0,0.0,0.0
37,URLLC,6,Satellite_1,Satellite,0,0.0,0.0,0.0
37,URLLC,7,Satellite_2,Satellite,0,0.0,0.0,0.0
38,URLLC,0,6G_1,6G,0,0.0,0.0,0.0
38,URLLC,1,6G_2,6G,0,0.0,0.0,0.0
38,URLLC,2,WiFi_1,WiFi,0,0.0,0.0,0.0
38,URLLC,3,WiFi_2,WiFi,0,0.0,0.0,0.0
38,URLLC,4,WiFi_3,WiFi,1,3397797.8403965873,20000000.0,3397797.8403965873
38,URLLC,5,WiFi_4,WiFi,0,0.0,0.0,0.0
38,URLLC,6,Satellite_1,Satellite,0,0.0,0.0,0.0
38,URLLC,7,Satellite_2,Satellite,0,0.0,0.0,0.0
39,URLLC,0,6G_1,6G,0,0.0,0.0,0.0
39,URLLC,1,6G_2,6G,0,0.0,0.0,0.0
39,URLLC,2,WiFi_1,WiFi,0,0.0,0.0,0.0
39,URLLC,3,WiFi_2,WiFi,0,0.0,0.0,0.0
39,URLLC,4,WiFi_3,WiFi,1,15228998.553991532,20000000.0,15228998.553991532
39,URLLC,5,WiFi_4,WiFi,0,0.0,0.0,0.0
39,URLLC,6,Satellite_1,Satellite,0,0.0,0.0,0.0
39,URLLC,7,Satellite_2,Satellite,0,0.0,0.0,0.0
40,URLLC,0,6G_1,6G,0,0.0,0.0,0.0
40,URLLC,1,6G_2,6G,0,0.0,0.0,0.0
40,URLLC,2,WiFi_1,WiFi,1,18065034.44995026,20000000.0,18065034.44995026
40,URLLC,3,WiFi_2,WiFi,0,0.0,0.0,0.0
40,URLLC,4,WiFi_3,WiFi,0,0.0,0.0,0.0
40,URLLC,5,WiFi_4,WiFi,0,0.0,0.0,0.0
40,URLLC,6,Satellite_1,Satellite,0,0.0,0.0,0.0
40,URLLC,7,Satellite_2,Satellite,0,0.0,0.0,0.0
41,URLLC,0,6G_1,6G,0,0.0,0.0,0.0
41,URLLC,1,6G_2,6G,1,30658509.52748447,40000000.0,30658509.52748447
41,URLLC,2,WiFi_1,WiFi,0,0.0,0.0,0.0
41,URLLC,3,WiFi_2,WiFi,0,0.0,0.0,0.0
41,URLLC,4,WiFi_3,WiFi,0,0.0,0.0,0.0
41,URLLC,5,WiFi_4,WiFi,0,0.0,0.0,0.0
41,URLLC,6,Satellite_1,Satellite,0,0.0,0.0,0.0
41,URLLC,7,Satellite_2,Satellite,0,0.0,0.0,0.0
42,URLLC,0,6G_1,6G,0,0.0,0.0,0.0
42,URLLC,1,6G_2,6G,0,0.0,0.0,0.0
42,URLLC,2,WiFi_1,WiFi,0,0.0,0.0,0.0
42,URLLC,3,WiFi_2,WiFi,0,0.0,0.0,0.0
42,URLLC,4,WiFi_3,WiFi,1,36855019.515273824,20000000.0,20000000.0
42,URLLC,5,WiFi_4,WiFi,0,0.0,0.0,0.0
42,URLLC,6,Satellite_1,Satellite,0,0.0,0.0,0.0
42,URLLC,7,Satellite_2,Satellite,0,0.0,0.0,0.0
43,URLLC,0,6G_1,6G,1,19815279.73071858,40000000.0,19815279.73071858
43,URLLC,1,6G_2,6G,0,0.0,0.0,0.0
43,URLLC,2,WiFi_1,WiFi,0,0.0,0.0,0.0
43,URLLC,3,WiFi_2,WiFi,0,0.0,0.0,0.0
43,URLLC,4,WiFi_3,WiFi,0,0.0,0.0,0.0
43,URLLC,5,WiFi_4,WiFi,0,0.0,0.0,0.0
43,URLLC,6,Satellite_1,Satellite,0,0.0,0.0,0.0
43,URLLC,7,Satellite_2,Satellite,0,0.0,0.0,0.0
44,URLLC,0,6G_1,6G,0,0.0,0.0,0.0
44,URLLC,1,6G_2,6G,0,0.0,0.0,0.0
44,URLLC,2,WiFi_1,WiFi,0,0.0,0.0,0.0
44,URLLC,3,WiFi_2,WiFi,1,39791046.35645374,20000000.0,20000000.0
44,URLLC,4,WiFi_3,WiFi,0,0.0,0.0,0.0
44,URLLC,5,WiFi_4,WiFi,0,0.0,0.0,0.0
44,URLLC,6,Satellite_1,Satellite,0,0.0,0.0,0.0
44,URLLC,7,Satellite_2,Satellite,0,0.0,0.0,0.0
45,URLLC,0,6G_1,6G,1,103989457.11858967,40000000.0,40000000.0
45,URLLC,1,6G_2,6G,0,0.0,0.0,0.0
45,URLLC,2,WiFi_1,WiFi,0,0.0,0.0,0.0
45,URLLC,3,WiFi_2,WiFi,0,0.0,0.0,0.0
45,URLLC,4,WiFi_3,WiFi,0,0.0,0.0,0.0
45,URLLC,5,WiFi_4,WiFi,0,0.0,0.0,0.0
45,URLLC,6,Satellite_1,Satellite,0,0.0,0.0,0.0
45,URLLC,7,Satellite_2,Satellite,0,0.0,0.0,0.0
46,URLLC,0,6G_1,6G,1,47759684.63090229,40000000.0,40000000.0
46,URLLC,1,6G_2,6G,0,0.0,0.0,0.0
46,URLLC,2,WiFi_1,WiFi,0,0.0,0.0,0.0
46,URLLC,3,WiFi_2,WiFi,0,0.0,0.0,0.0
46,URLLC,4,WiFi_3,WiFi,0,0.0,0.0,0.0
46,URLLC,5,WiFi_4,WiFi,0,0.0,0.0,0.0
46,URLLC,6,Satellite_1,Satellite,0,0.0,0.0,0.0
46,URLLC,7,Satellite_2,Satellite,0,0.0,0.0,0.0
47,URLLC,0,6G_1,6G,0,0.0,0.0,0.0
47,URLLC,1,6G_2,6G,0,0.0,0.0,0.0
47,URLLC,2,WiFi_1,WiFi,0,0.0,0.0,0.0
47,URLLC,3,WiFi_2,WiFi,0,0.0,0.0,0.0
47,URLLC,4,WiFi_3,WiFi,1,14143085.985825997,20000000.0,14143085.985825997
47,URLLC,5,WiFi_4,WiFi,0,0.0,0.0,0.0
47,URLLC,6,Satellite_1,Satellite,0,0.0,0.0,0.0
47,URLLC,7,Satellite_2,Satellite,0,0.0,0.0,0.0
48,URLLC,0,6G_1,6G,0,0.0,0.0,0.0
48,URLLC,1,6G_2,6G,0,0.0,0.0,0.0
48,URLLC,2,WiFi_1,WiFi,0,0.0,0.0,0.0
48,URLLC,3,WiFi_2,WiFi,0,0.0,0.0,0.0
48,URLLC,4,WiFi_3,WiFi,0,0.0,0.0,0.0
48,URLLC,5,WiFi_4,WiFi,1,20850897.17528912,20000000.0,20000000.0
48,URLLC,6,Satellite_1,Satellite,0,0.0,0.0,0.0
48,URLLC,7,Satellite_2,Satellite,0,0.0,0.0,0.0
49,URLLC,0,6G_1,6G,0,0.0,0.0,0.0
49,URLLC,1,6G_2,6G,0,0.0,0.0,0.0
49,URLLC,2,WiFi_1,WiFi,1,9227607.755479908,20000000.0,9227607.755479908
49,URLLC,3,WiFi_2,WiFi,0,0.0,0.0,0.0
49,URLLC,4,WiFi_3,WiFi,0,0.0,0.0,0.0
49,URLLC,5,WiFi_4,WiFi,0,0.0,0.0,0.0
49,URLLC,6,Satellite_1,Satellite,0,0.0,0.0,0.0
49,URLLC,7,Satellite_2,Satellite,0,0.0,0.0,0.0
50,URLLC,0,6G_1,6G,0,0.0,0.0,0.0
50,URLLC,1,6G_2,6G,0,0.0,0.0,0.0
50,URLLC,2,WiFi_1,WiFi,0,0.0,0.0,0.0
50,URLLC,3,WiFi_2,WiFi,0,0.0,0.0,0.0
50,URLLC,4,WiFi_3,WiFi,0,0.0,0.0,0.0
50,URLLC,5,WiFi_4,WiFi,0,0.0,0.0,0.0
50,URLLC,6,Satellite_1,Satellite,0,0.0,0.0,0.0
50,URLLC,7,Satellite_2,Satellite,1,8878985.352039227,14411738.088085657,8878985.352039227
51,URLLC,0,6G_1,6G,0,0.0,0.0,0.0
51,URLLC,1,6G_2,6G,0,0.0,0.0,0.0
51,URLLC,2,WiFi_1,WiFi,0,0.0,0.0,0.0
51,URLLC,3,WiFi_2,WiFi,0,0.0,0.0,0.0
51,URLLC,4,WiFi_3,WiFi,0,0.0,0.0,0.0
51,URLLC,5,WiFi_4,WiFi,0,0.0,0.0,0.0
51,URLLC,6,Satellite_1,Satellite,1,6450333.138859243,14411738.088085657,6450333.138859243
51,URLLC,7,Satellite_2,Satellite,0,0.0,0.0,0.0
52,URLLC,0,6G_1,6G,0,0.0,0.0,0.0
52,URLLC,1,6G_2,6G,0,0.0,0.0,0.0
52,URLLC,2,WiFi_1,WiFi,0,0.0,0.0,0.0
52,URLLC,3,WiFi_2,WiFi,0,0.0,0.0,0.0
52,URLLC,4,WiFi_3,WiFi,0,0.0,0.0,0.0
52,URLLC,5,WiFi_4,WiFi,0,0.0,0.0,0.0
52,URLLC,6,Satellite_1,Satellite,0,0.0,0.0,0.0
52,URLLC,7,Satellite_2,Satellite,1,7205489.190912157,14411738.088085657,7205489.190912157
53,URLLC,0,6G_1,6G,0,0.0,0.0,0.0
53,URLLC,1,6G_2,6G,0,0.0,0.0,0.0
53,URLLC,2,WiFi_1,WiFi,0,0.0,0.0,0.0
53,URLLC,3,WiFi_2,WiFi,0,0.0,0.0,0.0
53,URLLC,4,WiFi_3,WiFi,0,0.0,0.0,0.0
53,URLLC,5,WiFi_4,WiFi,0,0.0,0.0,0.0
53,URLLC,6,Satellite_1,Satellite,0,0.0,0.0,0.0
53,URLLC,7,Satellite_2,Satellite,1,6136928.411213774,14411738.088085657,6136928.411213774
54,URLLC,0,6G_1,6G,0,0.0,0.0,0.0
54,URLLC,1,6G_2,6G,0,0.0,0.0,0.0
54,URLLC,2,WiFi_1,WiFi,0,0.0,0.0,0.0
54,URLLC,3,WiFi_2,WiFi,0,0.0,0.0,0.0
54,URLLC,4,WiFi_3,WiFi,0,0.0,0.0,0.0
54,URLLC,5,WiFi_4,WiFi,0,0.0,0.0,0.0
54,URLLC,6,Satellite_1,Satellite,1,7331755.591675889,14411738.088085657,7331755.591675889
54,URLLC,7,Satellite_2,Satellite,0,0.0,0.0,0.0
55,URLLC,0,6G_1,6G,0,0.0,0.0,0.0
55,URLLC,1,6G_2,6G,0,0.0,0.0,0.0
55,URLLC,2,WiFi_1,WiFi,0,0.0,0.0,0.0
55,URLLC,3,WiFi_2,WiFi,0,0.0,0.0,0.0
55,URLLC,4,WiFi_3,WiFi,0,0.0,0.0,0.0
55,URLLC,5,WiFi_4,WiFi,0,0.0,0.0,0.0
55,URLLC,6,Satellite_1,Satellite,0,0.0,0.0,0.0
55,URLLC,7,Satellite_2,Satellite,1,9466325.547034971,14411738.088085657,9466325.547034971
56,URLLC,0,6G_1,6G,0,0.0,0.0,0.0
56,URLLC,1,6G_2,6G,0,0.0,0.0,0.0
56,URLLC,2,WiFi_1,WiFi,0,0.0,0.0,0.0
56,URLLC,3,WiFi_2,WiFi,0,0.0,0.0,0.0
56,URLLC,4,WiFi_3,WiFi,0,0.0,0.0,0.0
56,URLLC,5,WiFi_4,WiFi,0,0.0,0.0,0.0
56,URLLC,6,Satellite_1,Satellite,0,0.0,0.0,0.0
56,URLLC,7,Satellite_2,Satellite,1,5578248.876871183,14411738.088085657,5578248.876871183
57,URLLC,0,6G_1,6G,0,0.0,0.0,0.0
57,URLLC,1,6G_2,6G,0,0.0,0.0,0.0
57,URLLC,2,WiFi_1,WiFi,0,0.0,0.0,0.0
57,URLLC,3,WiFi_2,WiFi,0,0.0,0.0,0.0
57,URLLC,4,WiFi_3,WiFi,0,0.0,0.0,0.0
57,URLLC,5,WiFi_4,WiFi,0,0.0,0.0,0.0
57,URLLC,6,Satellite_1,Satellite,1,9349290.35831048,14411738.088085657,9349290.35831048
57,URLLC,7,Satellite_2,Satellite,0,0.0,0.0,0.0
58,URLLC,0,6G_1,6G,0,0.0,0.0,0.0
58,URLLC,1,6G_2,6G,0,0.0,0.0,0.0
58,URLLC,2,WiFi_1,WiFi,0,0.0,0.0,0.0
58,URLLC,3,WiFi_2,WiFi,0,0.0,0.0,0.0
58,URLLC,4,WiFi_3,WiFi,0,0.0,0.0,0.0
58,URLLC,5,WiFi_4,WiFi,0,0.0,0.0,0.0
58,URLLC,6,Satellite_1,Satellite,1,5515190.543888173,14411738.088085657,5515190.543888173
58,URLLC,7,Satellite_2,Satellite,0,0.0,0.0,0.0
59,URLLC,0,6G_1,6G,0,0.0,0.0,0.0
59,URLLC,1,6G_2,6G,0,0.0,0.0,0.0
59,URLLC,2,WiFi_1,WiFi,0,0.0,0.0,0.0
59,URLLC,3,WiFi_2,WiFi,0,0.0,0.0,0.0
59,URLLC,4,WiFi_3,WiFi,0,0.0,0.0,0.0
59,URLLC,5,WiFi_4,WiFi,0,0.0,0.0,0.0
59,URLLC,6,Satellite_1,Satellite,1,7597600.343569692,14411738.088085657,7597600.343569692
59,URLLC,7,Satellite_2,Satellite,0,0.0,0.0,0.0
60,URLLC,0,6G_1,6G,0,0.0,0.0,0.0
60,URLLC,1,6G_2,6G,0,0.0,0.0,0.0
60,URLLC,2,WiFi_1,WiFi,0,0.0,0.0,0.0
60,URLLC,3,WiFi_2,WiFi,0,0.0,0.0,0.0
60,URLLC,4,WiFi_3,WiFi,0,0.0,0.0,0.0
60,URLLC,5,WiFi_4,WiFi,0,0.0,0.0,0.0
60,URLLC,6,Satellite_1,Satellite,0,0.0,0.0,0.0
60,URLLC,7,Satellite_2,Satellite,1,9522632.600535445,14411738.088085657,9522632.600535445
61,URLLC,0,6G_1,6G,0,0.0,0.0,0.0
61,URLLC,1,6G_2,6G,0,0.0,0.0,0.0
61,URLLC,2,WiFi_1,WiFi,0,0.0,0.0,0.0
61,URLLC,3,WiFi_2,WiFi,0,0.0,0.0,0.0
61,URLLC,4,WiFi_3,WiFi,0,0.0,0.0,0.0
61,URLLC,5,WiFi_4,WiFi,0,0.0,0.0,0.0
61,URLLC,6,Satellite_1,Satellite,1,3770185.67604717,14411738.088085657,3770185.67604717
61,URLLC,7,Satellite_2,Satellite,0,0.0,0.0,0.0
62,URLLC,0,6G_1,6G,0,0.0,0.0,0.0
62,URLLC,1,6G_2,6G,0,0.0,0.0,0.0
62,URLLC,2,WiFi_1,WiFi,0,0.0,0.0,0.0
62,URLLC,3,WiFi_2,WiFi,0,0.0,0.0,0.0
62,URLLC,4,WiFi_3,WiFi,0,0.0,0.0,0.0
62,URLLC,5,WiFi_4,WiFi,0,0.0,0.0,0.0
62,URLLC,6,Satellite_1,Satellite,1,6925946.45793594,14411738.088085657,6925946.45793594
62,URLLC,7,Satellite_2,Satellite,0,0.0,0.0,0.0
63,URLLC,0,6G_1,6G,0,0.0,0.0,0.0
63,URLLC,1,6G_2,6G,0,0.0,0.0,0.0
63,URLLC,2,WiFi_1,WiFi,0,0.0,0.0,0.0
63,URLLC,3,WiFi_2,WiFi,0,0.0,0.0,0.0
63,URLLC,4,WiFi_3,WiFi,0,0.0,0.0,0.0
63,URLLC,5,WiFi_4,WiFi,0,0.0,0.0,0.0
63,URLLC,6,Satellite_1,Satellite,1,9914192.407165172,14411738.088085657,9914192.407165172
63,URLLC,7,Satellite_2,Satellite,0,0.0,0.0,0.0
64,URLLC,0,6G_1,6G,0,0.0,0.0,0.0
64,URLLC,1,6G_2,6G,0,0.0,0.0,0.0
64,URLLC,2,WiFi_1,WiFi,0,0.0,0.0,0.0
64,URLLC,3,WiFi_2,WiFi,0,0.0,0.0,0.0
64,URLLC,4,WiFi_3,WiFi,0,0.0,0.0,0.0
64,URLLC,5,WiFi_4,WiFi,0,0.0,0.0,0.0
64,URLLC,6,Satellite_1,Satellite,0,0.0,0.0,0.0
64,URLLC,7,Satellite_2,Satellite,1,4152921.640818736,14411738.088085657,4152921.640818736
65,URLLC,0,6G_1,6G,0,0.0,0.0,0.0
65,URLLC,1,6G_2,6G,0,0.0,0.0,0.0
65,URLLC,2,WiFi_1,WiFi,0,0.0,0.0,0.0
65,URLLC,3,WiFi_2,WiFi,0,0.0,0.0,0.0
65,URLLC,4,WiFi_3,WiFi,0,0.0,0.0,0.0
65,URLLC,5,WiFi_4,WiFi,0,0.0,0.0,0.0
65,URLLC,6,Satellite_1,Satellite,0,0.0,0.0,0.0
65,URLLC,7,Satellite_2,Satellite,1,3355405.334848765,14411738.088085657,3355405.334848765
66,URLLC,0,6G_1,6G,0,0.0,0.0,0.0
66,URLLC,1,6G_2,6G,0,0.0,0.0,0.0
66,URLLC,2,WiFi_1,WiFi,0,0.0,0.0,0.0
66,URLLC,3,WiFi_2,WiFi,0,0.0,0.0,0.0
66,URLLC,4,WiFi_3,WiFi,0,0.0,0.0,0.0
66,URLLC,5,WiFi_4,WiFi,0,0.0,0.0,0.0
66,URLLC,6,Satellite_1,Satellite,1,5384142.436560313,14411738.088085657,5384142.436560313
66,URLLC,7,Satellite_2,Satellite,0,0.0,0.0,0.0
67,URLLC,0,6G_1,6G,0,0.0,0.0,0.0
67,URLLC,1,6G_2,6G,0,0.0,0.0,0.0
67,URLLC,2,WiFi_1,WiFi,0,0.0,0.0,0.0
67,URLLC,3,WiFi_2,WiFi,0,0.0,0.0,0.0
67,URLLC,4,WiFi_3,WiFi,0,0.0,0.0,0.0
67,URLLC,5,WiFi_4,WiFi,0,0.0,0.0,0.0
67,URLLC,6,Satellite_1,Satellite,0,0.0,0.0,0.0
67,URLLC,7,Satellite_2,Satellite,1,4410407.930021037,14411738.088085657,4410407.930021037
68,URLLC,0,6G_1,6G,0,0.0,0.0,0.0
68,URLLC,1,6G_2,6G,0,0.0,0.0,0.0
68,URLLC,2,WiFi_1,WiFi,0,0.0,0.0,0.0
68,URLLC,3,WiFi_2,WiFi,0,0.0,0.0,0.0
68,URLLC,4,WiFi_3,WiFi,0,0.0,0.0,0.0
68,URLLC,5,WiFi_4,WiFi,0,0.0,0.0,0.0
68,URLLC,6,Satellite_1,Satellite,0,0.0,0.0,0.0
68,URLLC,7,Satellite_2,Satellite,1,9901256.594166387,14411738.088085657,9901256.594166387
69,URLLC,0,6G_1,6G,0,0.0,0.0,0.0
69,URLLC,1,6G_2,6G,0,0.0,0.0,0.0
69,URLLC,2,WiFi_1,WiFi,0,0.0,0.0,0.0
69,URLLC,3,WiFi_2,WiFi,0,0.0,0.0,0.0
69,URLLC,4,WiFi_3,WiFi,0,0.0,0.0,0.0
69,URLLC,5,WiFi_4,WiFi,0,0.0,0.0,0.0
69,URLLC,6,Satellite_1,Satellite,1,5691648.312089667,14411738.088085657,5691648.312089667
69,URLLC,7,Satellite_2,Satellite,0,0.0,0.0,0.0
70,URLLC,0,6G_1,6G,0,0.0,0.0,0.0
70,URLLC,1,6G_2,6G,0,0.0,0.0,0.0
70,URLLC,2,WiFi_1,WiFi,0,0.0,0.0,0.0
70,URLLC,3,WiFi_2,WiFi,0,0.0,0.0,0.0
70,URLLC,4,WiFi_3,WiFi,0,0.0,0.0,0.0
70,URLLC,5,WiFi_4,WiFi,0,0.0,0.0,0.0
70,URLLC,6,Satellite_1,Satellite,1,7708461.579998298,14411738.088085657,7708461.579998298
70,URLLC,7,Satellite_2,Satellite,0,0.0,0.0,0.0
71,URLLC,0,6G_1,6G,0,0.0,0.0,0.0
71,URLLC,1,6G_2,6G,0,0.0,0.0,0.0
71,URLLC,2,WiFi_1,WiFi,0,0.0,0.0,0.0
71,URLLC,3,WiFi_2,WiFi,0,0.0,0.0,0.0
71,URLLC,4,WiFi_3,WiFi,0,0.0,0.0,0.0
71,URLLC,5,WiFi_4,WiFi,0,0.0,0.0,0.0
71,URLLC,6,Satellite_1,Satellite,0,0.0,0.0,0.0
71,URLLC,7,Satellite_2,Satellite,1,6857672.288347331,14411738.088085657,6857672.288347331
72,URLLC,0,6G_1,6G,0,0.0,0.0,0.0
72,URLLC,1,6G_2,6G,0,0.0,0.0,0.0
72,URLLC,2,WiFi_1,WiFi,0,0.0,0.0,0.0
72,URLLC,3,WiFi_2,WiFi,0,0.0,0.0,0.0
72,URLLC,4,WiFi_3,WiFi,0,0.0,0.0,0.0
72,URLLC,5,WiFi_4,WiFi,0,0.0,0.0,0.0
72,URLLC,6,Satellite_1,Satellite,0,0.0,0.0,0.0
72,URLLC,7,Satellite_2,Satellite,1,877365.1374005773,14411738.088085657,877365.1374005773
73,URLLC,0,6G_1,6G,0,0.0,0.0,0.0
73,URLLC,1,6G_2,6G,0,0.0,0.0,0.0
73,URLLC,2,WiFi_1,WiFi,0,0.0,0.0,0.0
73,URLLC,3,WiFi_2,WiFi,0,0.0,0.0,0.0
73,URLLC,4,WiFi_3,WiFi,0,0.0,0.0,0.0
73,URLLC,5,WiFi_4,WiFi,0,0.0,0.0,0.0
73,URLLC,6,Satellite_1,Satellite,0,0.0,0.0,0.0
73,URLLC,7,Satellite_2,Satellite,1,4828884.090894495,14411738.088085657,4828884.090894495
74,URLLC,0,6G_1,6G,0,0.0,0.0,0.0
74,URLLC,1,6G_2,6G,0,0.0,0.0,0.0
74,URLLC,2,WiFi_1,WiFi,0,0.0,0.0,0.0
74,URLLC,3,WiFi_2,WiFi,0,0.0,0.0,0.0
74,URLLC,4,WiFi_3,WiFi,0,0.0,0.0,0.0
74,URLLC,5,WiFi_4,WiFi,0,0.0,0.0,0.0
74,URLLC,6,Satellite_1,Satellite,0,0.0,0.0,0.0
74,URLLC,7,Satellite_2,Satellite,1,11869897.099167034,14411738.088085657,11869897.099167034
75,URLLC,0,6G_1,6G,0,0.0,0.0,0.0
75,URLLC,1,6G_2,6G,0,0.0,0.0,0.0
75,URLLC,2,WiFi_1,WiFi,0,0.0,0.0,0.0
75,URLLC,3,WiFi_2,WiFi,0,0.0,0.0,0.0
75,URLLC,4,WiFi_3,WiFi,0,0.0,0.0,0.0
75,URLLC,5,WiFi_4,WiFi,0,0.0,0.0,0.0
75,URLLC,6,Satellite_1,Satellite,1,6808106.5270834,14411738.088085657,6808106.5270834
75,URLLC,7,Satellite_2,Satellite,0,0.0,0.0,0.0
76,URLLC,0,6G_1,6G,0,0.0,0.0,0.0
76,URLLC,1,6G_2,6G,0,0.0,0.0,0.0
76,URLLC,2,WiFi_1,WiFi,0,0.0,0.0,0.0
76,URLLC,3,WiFi_2,WiFi,0,0.0,0.0,0.0
76,URLLC,4,WiFi_3,WiFi,0,0.0,0.0,0.0
76,URLLC,5,WiFi_4,WiFi,0,0.0,0.0,0.0
76,URLLC,6,Satellite_1,Satellite,0,0.0,0.0,0.0
76,URLLC,7,Satellite_2,Satellite,1,6303587.862801575,14411738.088085657,6303587.862801575
77,URLLC,0,6G_1,6G,0,0.0,0.0,0.0
77,URLLC,1,6G_2,6G,0,0.0,0.0,0.0
77,URLLC,2,WiFi_1,WiFi,0,0.0,0.0,0.0
77,URLLC,3,WiFi_2,WiFi,0,0.0,0.0,0.0
77,URLLC,4,WiFi_3,WiFi,0,0.0,0.0,0.0
77,URLLC,5,WiFi_4,WiFi,0,0.0,0.0,0.0
77,URLLC,6,Satellite_1,Satellite,1,8405605.209467674,14411738.088085657,8405605.209467674
77,URLLC,7,Satellite_2,Satellite,0,0.0,0.0,0.0
78,URLLC,0,6G_1,6G,0,0.0,0.0,0.0
78,URLLC,1,6G_2,6G,0,0.0,0.0,0.0
78,URLLC,2,WiFi_1,WiFi,0,0.0,0.0,0.0
78,URLLC,3,WiFi_2,WiFi,0,0.0,0.0,0.0
78,URLLC,4,WiFi_3,WiFi,0,0.0,0.0,0.0
78,URLLC,5,WiFi_4,WiFi,0,0.0,0.0,0.0
78,URLLC,6,Satellite_1,Satellite,0,0.0,0.0,0.0
78,URLLC,7,Satellite_2,Satellite,1,10625952.061482256,14411738.088085657,10625952.061482256
79,URLLC,0,6G_1,6G,0,0.0,0.0,0.0
79,URLLC,1,6G_2,6G,0,0.0,0.0,0.0
79,URLLC,2,WiFi_1,WiFi,0,0.0,0.0,0.0
79,URLLC,3,WiFi_2,WiFi,0,0.0,0.0,0.0
79,URLLC,4,WiFi_3,WiFi,0,0.0,0.0,0.0
79,URLLC,5,WiFi_4,WiFi,0,0.0,0.0,0.0
79,URLLC,6,Satellite_1,Satellite,0,0.0,0.0,0.0
79,URLLC,7,Satellite_2,Satellite,1,4119976.366282026,14411738.088085657,4119976.366282026
80,URLLC,0,6G_1,6G,0,0.0,0.0,0.0
80,URLLC,1,6G_2,6G,0,0.0,0.0,0.0
80,URLLC,2,WiFi_1,WiFi,0,0.0,0.0,0.0
80,URLLC,3,WiFi_2,WiFi,0,0.0,0.0,0.0
80,URLLC,4,WiFi_3,WiFi,0,0.0,0.0,0.0
80,URLLC,5,WiFi_4,WiFi,0,0.0,0.0,0.0
80,URLLC,6,Satellite_1,Satellite,1,7768218.925155507,14411738.088085657,7768218.925155507
80,URLLC,7,Satellite_2,Satellite,0,0.0,0.0,0.0
81,URLLC,0,6G_1,6G,0,0.0,0.0,0.0
81,URLLC,1,6G_2,6G,0,0.0,0.0,0.0
81,URLLC,2,WiFi_1,WiFi,0,0.0,0.0,0.0
81,URLLC,3,WiFi_2,WiFi,0,0.0,0.0,0.0
81,URLLC,4,WiFi_3,WiFi,0,0.0,0.0,0.0
81,URLLC,5,WiFi_4,WiFi,0,0.0,0.0,0.0
81,URLLC,6,Satellite_1,Satellite,1,6808088.355713183,14411738.088085657,6808088.355713183
81,URLLC,7,Satellite_2,Satellite,0,0.0,0.0,0.0
82,URLLC,0,6G_1,6G,0,0.0,0.0,0.0
82,URLLC,1,6G_2,6G,0,0.0,0.0,0.0
82,URLLC,2,WiFi_1,WiFi,0,0.0,0.0,0.0
82,URLLC,3,WiFi_2,WiFi,0,0.0,0.0,0.0
82,URLLC,4,WiFi_3,WiFi,0,0.0,0.0,0.0
82,URLLC,5,WiFi_4,WiFi,0,0.0,0.0,0.0
82,URLLC,6,Satellite_1,Satellite,1,5491405.670908428,14411738.088085657,5491405.670908428
82,URLLC,7,Satellite_2,Satellite,0,0.0,0.0,0.0
83,URLLC,0,6G_1,6G,0,0.0,0.0,0.0
83,URLLC,1,6G_2,6G,0,0.0,0.0,0.0
83,URLLC,2,WiFi_1,WiFi,0,0.0,0.0,0.0
83,URLLC,3,WiFi_2,WiFi,0,0.0,0.0,0.0
83,URLLC,4,WiFi_3,WiFi,0,0.0,0.0,0.0
83,URLLC,5,WiFi_4,WiFi,0,0.0,0.0,0.0
83,URLLC,6,Satellite_1,Satellite,1,1680952.2357897211,14411738.088085657,1680952.2357897211
83,URLLC,7,Satellite_2,Satellite,0,0.0,0.0,0.0
84,URLLC,0,6G_1,6G,0,0.0,0.0,0.0
84,URLLC,1,6G_2,6G,0,0.0,0.0,0.0
84,URLLC,2,WiFi_1,WiFi,0,0.0,0.0,0.0
84,URLLC,3,WiFi_2,WiFi,0,0.0,0.0,0.0
84,URLLC,4,WiFi_3,WiFi,0,0.0,0.0,0.0
84,URLLC,5,WiFi_4,WiFi,0,0.0,0.0,0.0
84,URLLC,6,Satellite_1,Satellite,1,2315460.6356401704,14411738.088085657,2315460.6356401704
84,URLLC,7,Satellite_2,Satellite,0,0.0,0.0,0.0
85,URLLC,0,6G_1,6G,0,0.0,0.0,0.0
85,URLLC,1,6G_2,6G,0,0.0,0.0,0.0
85,URLLC,2,WiFi_1,WiFi,0,0.0,0.0,0.0
85,URLLC,3,WiFi_2,WiFi,0,0.0,0.0,0.0
85,URLLC,4,WiFi_3,WiFi,0,0.0,0.0,0.0
85,URLLC,5,WiFi_4,WiFi,0,0.0,0.0,0.0
85,URLLC,6,Satellite_1,Satellite,0,0.0,0.0,0.0
85,URLLC,7,Satellite_2,Satellite,1,5345494.055694599,14411738.088085657,5345494.055694599
86,URLLC,0,6G_1,6G,0,0.0,0.0,0.0
86,URLLC,1,6G_2,6G,0,0.0,0.0,0.0
86,URLLC,2,WiFi_1,WiFi,0,0.0,0.0,0.0
86,URLLC,3,WiFi_2,WiFi,0,0.0,0.0,0.0
86,URLLC,4,WiFi_3,WiFi,0,0.0,0.0,0.0
86,URLLC,5,WiFi_4,WiFi,0,0.0,0.0,0.0
86,URLLC,6,Satellite_1,Satellite,0,0.0,0.0,0.0
86,URLLC,7,Satellite_2,Satellite,1,6895156.634370667,14411738.088085657,6895156.634370667
87,URLLC,0,6G_1,6G,0,0.0,0.0,0.0
87,URLLC,1,6G_2,6G,0,0.0,0.0,0.0
87,URLLC,2,WiFi_1,WiFi,0,0.0,0.0,0.0
87,URLLC,3,WiFi_2,WiFi,0,0.0,0.0,0.0
87,URLLC,4,WiFi_3,WiFi,0,0.0,0.0,0.0
87,URLLC,5,WiFi_4,WiFi,0,0.0,0.0,0.0
87,URLLC,6,Satellite_1,Satellite,0,0.0,0.0,0.0
87,URLLC,7,Satellite_2,Satellite,1,7233488.402756951,14411738.088085657,7233488.402756951
88,URLLC,0,6G_1,6G,0,0.0,0.0,0.0
88,URLLC,1,6G_2,6G,0,0.0,0.0,0.0
88,URLLC,2,WiFi_1,WiFi,0,0.0,0.0,0.0
88,URLLC,3,WiFi_2,WiFi,0,0.0,0.0,0.0
88,URLLC,4,WiFi_3,WiFi,0,0.0,0.0,0.0
88,URLLC,5,WiFi_4,WiFi,0,0.0,0.0,0.0
88,URLLC,6,Satellite_1,Satellite,0,0.0,0.0,0.0
88,URLLC,7,Satellite_2,Satellite,1,6128131.759753499,14411738.088085657,6128131.759753499
89,URLLC,0,6G_1,6G,0,0.0,0.0,0.0
89,URLLC,1,6G_2,6G,0,0.0,0.0,0.0
89,URLLC,2,WiFi_1,WiFi,0,0.0,0.0,0.0
89,URLLC,3,WiFi_2,WiFi,0,0.0,0.0,0.0
89,URLLC,4,WiFi_3,WiFi,0,0.0,0.0,0.0
89,URLLC,5,WiFi_4,WiFi,0,0.0,0.0,0.0
89,URLLC,6,Satellite_1,Satellite,0,0.0,0.0,0.0
89,URLLC,7,Satellite_2,Satellite,1,7959456.8476429535,14411738.088085657,7959456.8476429535
90,URLLC,0,6G_1,6G,0,0.0,0.0,0.0
90,URLLC,1,6G_2,6G,0,0.0,0.0,0.0
90,URLLC,2,WiFi_1,WiFi,0,0.0,0.0,0.0
90,URLLC,3,WiFi_2,WiFi,0,0.0,0.0,0.0
90,URLLC,4,WiFi_3,WiFi,0,0.0,0.0,0.0
90,URLLC,5,WiFi_4,WiFi,0,0.0,0.0,0.0
90,URLLC,6,Satellite_1,Satellite,0,0.0,0.0,0.0
90,URLLC,7,Satellite_2,Satellite,1,8988391.36379816,14411738.088085657,8988391.36379816
91,URLLC,0,6G_1,6G,0,0.0,0.0,0.0
91,URLLC,1,6G_2,6G,0,0.0,0.0,0.0
91,URLLC,2,WiFi_1,WiFi,0,0.0,0.0,0.0
91,URLLC,3,WiFi_2,WiFi,0,0.0,0.0,0.0
91,URLLC,4,WiFi_3,WiFi,0,0.0,0.0,0.0
91,URLLC,5,WiFi_4,WiFi,0,0.0,0.0,0.0
91,URLLC,6,Satellite_1,Satellite,1,5958113.256307001,14411738.088085657,5958113.256307001
91,URLLC,7,Satellite_2,Satellite,0,0.0,0.0,0.0
92,URLLC,0,6G_1,6G,0,0.0,0.0,0.0
92,URLLC,1,6G_2,6G,0,0.0,0.0,0.0
92,URLLC,2,WiFi_1,WiFi,0,0.0,0.0,0.0
92,URLLC,3,WiFi_2,WiFi,0,0.0,0.0,0.0
92,URLLC,4,WiFi_3,WiFi,0,0.0,0.0,0.0
92,URLLC,5,WiFi_4,WiFi,0,0.0,0.0,0.0
92,URLLC,6,Satellite_1,Satellite,1,6674269.6855226355,14411738.088085657,6674269.6855226355
92,URLLC,7,Satellite_2,Satellite,0,0.0,0.0,0.0
93,URLLC,0,6G_1,6G,0,0.0,0.0,0.0
93,URLLC,1,6G_2,6G,0,0.0,0.0,0.0
93,URLLC,2,WiFi_1,WiFi,0,0.0,0.0,0.0
93,URLLC,3,WiFi_2,WiFi,0,0.0,0.0,0.0
93,URLLC,4,WiFi_3,WiFi,0,0.0,0.0,0.0
93,URLLC,5,WiFi_4,WiFi,0,0.0,0.0,0.0
93,URLLC,6,Satellite_1,Satellite,0,0.0,0.0,0.0
93,URLLC,7,Satellite_2,Satellite,1,1265055.107127074,14411738.088085657,1265055.107127074
94,URLLC,0,6G_1,6G,0,0.0,0.0,0.0
94,URLLC,1,6G_2,6G,0,0.0,0.0,0.0
94,URLLC,2,WiFi_1,WiFi,0,0.0,0.0,0.0
94,URLLC,3,WiFi_2,WiFi,0,0.0,0.0,0.0
94,URLLC,4,WiFi_3,WiFi,0,0.0,0.0,0.0
94,URLLC,5,WiFi_4,WiFi,0,0.0,0.0,0.0
94,URLLC,6,Satellite_1,Satellite,1,5874293.047331027,14411738.088085657,5874293.047331027
94,URLLC,7,Satellite_2,Satellite,0,0.0,0.0,0.0
95,URLLC,0,6G_1,6G,0,0.0,0.0,0.0
95,URLLC,1,6G_2,6G,0,0.0,0.0,0.0
95,URLLC,2,WiFi_1,WiFi,0,0.0,0.0,0.0
95,URLLC,3,WiFi_2,WiFi,0,0.0,0.0,0.0
95,URLLC,4,WiFi_3,WiFi,0,0.0,0.0,0.0
95,URLLC,5,WiFi_4,WiFi,0,0.0,0.0,0.0
95,URLLC,6,Satellite_1,Satellite,0,0.0,0.0,0.0
95,URLLC,7,Satellite_2,Satellite,1,5497400.043710927,14411738.088085657,5497400.043710927
96,URLLC,0,6G_1,6G,0,0.0,0.0,0.0
96,URLLC,1,6G_2,6G,0,0.0,0.0,0.0
96,URLLC,2,WiFi_1,WiFi,0,0.0,0.0,0.0
96,URLLC,3,WiFi_2,WiFi,0,0.0,0.0,0.0
96,URLLC,4,WiFi_3,WiFi,0,0.0,0.0,0.0
96,URLLC,5,WiFi_4,WiFi,0,0.0,0.0,0.0
96,URLLC,6,Satellite_1,Satellite,1,721931.4006795718,14411738.088085657,721931.4006795718
96,URLLC,7,Satellite_2,Satellite,0,0.0,0.0,0.0
97,URLLC,0,6G_1,6G,0,0.0,0.0,0.0
97,URLLC,1,6G_2,6G,0,0.0,0.0,0.0
97,URLLC,2,WiFi_1,WiFi,0,0.0,0.0,0.0
97,URLLC,3,WiFi_2,WiFi,0,0.0,0.0,0.0
97,URLLC,4,WiFi_3,WiFi,0,0.0,0.0,0.0
97,URLLC,5,WiFi_4,WiFi,0,0.0,0.0,0.0
97,URLLC,6,Satellite_1,Satellite,0,0.0,0.0,0.0
97,URLLC,7,Satellite_2,Satellite,1,5968788.785240547,14411738.088085657,5968788.785240547
98,URLLC,0,6G_1,6G,0,0.0,0.0,0.0
98,URLLC,1,6G_2,6G,0,0.0,0.0,0.0
98,URLLC,2,WiFi_1,WiFi,0,0.0,0.0,0.0
98,URLLC,3,WiFi_2,WiFi,0,0.0,0.0,0.0
98,URLLC,4,WiFi_3,WiFi,0,0.0,0.0,0.0
98,URLLC,5,WiFi_4,WiFi,0,0.0,0.0,0.0
98,URLLC,6,Satellite_1,Satellite,1,7258819.578381543,14411738.088085657,7258819.578381543
98,URLLC,7,Satellite_2,Satellite,0,0.0,0.0,0.0
99,URLLC,0,6G_1,6G,0,0.0,0.0,0.0
99,URLLC,1,6G_2,6G,0,0.0,0.0,0.0
99,URLLC,2,WiFi_1,WiFi,0,0.0,0.0,0.0
99,URLLC,3,WiFi_2,WiFi,0,0.0,0.0,0.0
99,URLLC,4,WiFi_3,WiFi,0,0.0,0.0,0.0
99,URLLC,5,WiFi_4,WiFi,0,0.0,0.0,0.0
99,URLLC,6,Satellite_1,Satellite,1,7864526.799232429,14411738.088085657,7864526.799232429
99,URLLC,7,Satellite_2,Satellite,0,0.0,0.0,0.0
100,URLLC,0,6G_1,6G,1,91089453.14792131,40000000.0,40000000.0
100,URLLC,1,6G_2,6G,0,0.0,0.0,0.0
100,URLLC,2,WiFi_1,WiFi,0,0.0,0.0,0.0
100,URLLC,3,WiFi_2,WiFi,0,0.0,0.0,0.0
100,URLLC,4,WiFi_3,WiFi,0,0.0,0.0,0.0
100,URLLC,5,WiFi_4,WiFi,0,0.0,0.0,0.0
100,URLLC,6,Satellite_1,Satellite,0,0.0,0.0,0.0
100,URLLC,7,Satellite_2,Satellite,0,0.0,0.0,0.0
101,URLLC,0,6G_1,6G,0,0.0,0.0,0.0
101,URLLC,1,6G_2,6G,1,39765907.081071146,40000000.0,39765907.081071146
101,URLLC,2,WiFi_1,WiFi,0,0.0,0.0,0.0
101,URLLC,3,WiFi_2,WiFi,0,0.0,0.0,0.0
101,URLLC,4,WiFi_3,WiFi,0,0.0,0.0,0.0
101,URLLC,5,WiFi_4,WiFi,0,0.0,0.0,0.0
101,URLLC,6,Satellite_1,Satellite,0,0.0,0.0,0.0
101,URLLC,7,Satellite_2,Satellite,0,0.0,0.0,0.0
102,URLLC,0,6G_1,6G,1,45226153.912095204,40000000.0,40000000.0
102,URLLC,1,6G_2,6G,0,0.0,0.0,0.0
102,URLLC,2,WiFi_1,WiFi,0,0.0,0.0,0.0
102,URLLC,3,WiFi_2,WiFi,0,0.0,0.0,0.0
102,URLLC,4,WiFi_3,WiFi,0,0.0,0.0,0.0
102,URLLC,5,WiFi_4,WiFi,0,0.0,0.0,0.0
102,URLLC,6,Satellite_1,Satellite,0,0.0,0.0,0.0
102,URLLC,7,Satellite_2,Satellite,0,0.0,0.0,0.0
103,URLLC,0,6G_1,6G,0,0.0,0.0,0.0
103,URLLC,1,6G_2,6G,1,60598281.0684374,40000000.0,40000000.0
103,URLLC,2,WiFi_1,WiFi,0,0.0,0.0,0.0
103,URLLC,3,WiFi_2,WiFi,0,0.0,0.0,0.0
103,URLLC,4,WiFi_3,WiFi,0,0.0,0.0,0.0
103,URLLC,5,WiFi_4,WiFi,0,0.0,0.0,0.0
103,URLLC,6,Satellite_1,Satellite,0,0.0,0.0,0.0
103,URLLC,7,Satellite_2,Satellite,0,0.0,0.0,0.0
104,URLLC,0,6G_1,6G,0,0.0,0.0,0.0
104,URLLC,1,6G_2,6G,1,71483368.62121262,40000000.0,40000000.0
104,URLLC,2,WiFi_1,WiFi,0,0.0,0.0,0.0
104,URLLC,3,WiFi_2,WiFi,0,0.0,0.0,0.0
104,URLLC,4,WiFi_3,WiFi,0,0.0,0.0,0.0
104,URLLC,5,WiFi_4,WiFi,0,0.0,0.0,0.0
104,URLLC,6,Satellite_1,Satellite,0,0.0,0.0,0.0
104,URLLC,7,Satellite_2,Satellite,0,0.0,0.0,0.0
105,URLLC,0,6G_1,6G,0,0.0,0.0,0.0
105,URLLC,1,6G_2,6G,1,48895773.5111061,40000000.0,40000000.0
105,URLLC,2,WiFi_1,WiFi,0,0.0,0.0,0.0
105,URLLC,3,WiFi_2,WiFi,0,0.0,0.0,0.0
105,URLLC,4,WiFi_3,WiFi,0,0.0,0.0,0.0
105,URLLC,5,WiFi_4,WiFi,0,0.0,0.0,0.0
105,URLLC,6,Satellite_1,Satellite,0,0.0,0.0,0.0
105,URLLC,7,Satellite_2,Satellite,0,0.0,0.0,0.0
106,URLLC,0,6G_1,6G,1,37175852.89591445,40000000.0,37175852.89591445
106,URLLC,1,6G_2,6G,0,0.0,0.0,0.0
106,URLLC,2,WiFi_1,WiFi,0,0.0,0.0,0.0
106,URLLC,3,WiFi_2,WiFi,0,0.0,0.0,0.0
106,URLLC,4,WiFi_3,WiFi,0,0.0,0.0,0.0
106,URLLC,5,WiFi_4,WiFi,0,0.0,0.0,0.0
106,URLLC,6,Satellite_1,Satellite,0,0.0,0.0,0.0
106,URLLC,7,Satellite_2,Satellite,0,0.0,0.0,0.0
107,URLLC,0,6G_1,6G,0,0.0,0.0,0.0
107,URLLC,1,6G_2,6G,1,78147826.42927667,40000000.0,40000000.0
107,URLLC,2,WiFi_1,WiFi,0,0.0,0.0,0.0
107,URLLC,3,WiFi_2,WiFi,0,0.0,0.0,0.0
107,URLLC,4,WiFi_3,WiFi,0,0.0,0.0,0.0
107,URLLC,5,WiFi_4,WiFi,0,0.0,0.0,0.0
107,URLLC,6,Satellite_1,Satellite,0,0.0,0.0,0.0
107,URLLC,7,Satellite_2,Satellite,0,0.0,0.0,0.0
108,URLLC,0,6G_1,6G,1,73808503.01675898,40000000.0,40000000.0
108,URLLC,1,6G_2,6G,0,0.0,0.0,0.0
108,URLLC,2,WiFi_1,WiFi,0,0.0,0.0,0.0
108,URLLC,3,WiFi_2,WiFi,0,0.0,0.0,0.0
108,URLLC,4,WiFi_3,WiFi,0,0.0,0.0,0.0
108,URLLC,5,WiFi_4,WiFi,0,0.0,0.0,0.0
108,URLLC,6,Satellite_1,Satellite,0,0.0,0.0,0.0
108,URLLC,7,Satellite_2,Satellite,0,0.0,0.0,0.0
109,URLLC,0,6G_1,6G,0,0.0,0.0,0.0
109,URLLC,1,6G_2,6G,1,106524907.81190087,40000000.0,40000000.0
109,URLLC,2,WiFi_1,WiFi,0,0.0,0.0,0.0
109,URLLC,3,WiFi_2,WiFi,0,0.0,0.0,0.0
109,URLLC,4,WiFi_3,WiFi,0,0.0,0.0,0.0
109,URLLC,5,WiFi_4,WiFi,0,0.0,0.0,0.0
109,URLLC,6,Satellite_1,Satellite,0,0.0,0.0,0.0
109,URLLC,7,Satellite_2,Satellite,0,0.0,0.0,0.0
110,URLLC,0,6G_1,6G,0,0.0,0.0,0.0
110,URLLC,1,6G_2,6G,1,93346275.49757987,40000000.0,40000000.0
110,URLLC,2,WiFi_1,WiFi,0,0.0,0.0,0.0
110,URLLC,3,WiFi_2,WiFi,0,0.0,0.0,0.0
110,URLLC,4,WiFi_3,WiFi,0,0.0,0.0,0.0
110,URLLC,5,WiFi_4,WiFi,0,0.0,0.0,0.0
110,URLLC,6,Satellite_1,Satellite,0,0.0,0.0,0.0
110,URLLC,7,Satellite_2,Satellite,0,0.0,0.0,0.0
111,URLLC,0,6G_1,6G,1,38418793.5823833,40000000.0,38418793.5823833
111,URLLC,1,6G_2,6G,0,0.0,0.0,0.0
111,URLLC,2,WiFi_1,WiFi,0,0.0,0.0,0.0
111,URLLC,3,WiFi_2,WiFi,0,0.0,0.0,0.0
111,URLLC,4,WiFi_3,WiFi,0,0.0,0.0,0.0
111,URLLC,5,WiFi_4,WiFi,0,0.0,0.0,0.0
111,URLLC,6,Satellite_1,Satellite,0,0.0,0.0,0.0
111,URLLC,7,Satellite_2,Satellite,0,0.0,0.0,0.0
112,URLLC,0,6G_1,6G,0,0.0,0.0,0.0
112,URLLC,1,6G_2,6G,1,59180933.91227119,40000000.0,40000000.0
112,URLLC,2,WiFi_1,WiFi,0,0.0,0.0,0.0
112,URLLC,3,WiFi_2,WiFi,0,0.0,0.0,0.0
112,URLLC,4,WiFi_3,WiFi,0,0.0,0.0,0.0
112,URLLC,5,WiFi_4,WiFi,0,0.0,0.0,0.0
112,URLLC,6,Satellite_1,Satellite,0,0.0,0.0,0.0
112,URLLC,7,Satellite_2,Satellite,0,0.0,0.0,0.0
113,URLLC,0,6G_1,6G,0,0.0,0.0,0.0
113,URLLC,1,6G_2,6G,1,69022104.80286838,40000000.0,40000000.0
113,URLLC,2,WiFi_1,WiFi,0,0.0,0.0,0.0
113,URLLC,3,WiFi_2,WiFi,0,0.0,0.0,0.0
113,URLLC,4,WiFi_3,WiFi,0,0.0,0.0,0.0
113,URLLC,5,WiFi_4,WiFi,0,0.0,0.0,0.0
113,URLLC,6,Satellite_1,Satellite,0,0.0,0.0,0.0
113,URLLC,7,Satellite_2,Satellite,0,0.0,0.0,0.0
114,URLLC,0,6G_1,6G,0,0.0,0.0,0.0
114,URLLC,1,6G_2,6G,1,58634878.830589294,40000000.0,40000000.0
114,URLLC,2,WiFi_1,WiFi,0,0.0,0.0,0.0
114,URLLC,3,WiFi_2,WiFi,0,0.0,0.0,0.0
114,URLLC,4,WiFi_3,WiFi,0,0.0,0.0,0.0
114,URLLC,5,WiFi_4,WiFi,0,0.0,0.0,0.0
114,URLLC,6,Satellite_1,Satellite,0,0.0,0.0,0.0
114,URLLC,7,Satellite_2,Satellite,0,0.0,0.0,0.0
115,URLLC,0,6G_1,6G,0,0.0,0.0,0.0
115,URLLC,1,6G_2,6G,1,44358682.89222387,40000000.0,40000000.0
115,URLLC,2,WiFi_1,WiFi,0,0.0,0.0,0.0
115,URLLC,3,WiFi_2,WiFi,0,0.0,0.0,0.0
115,URLLC,4,WiFi_3,WiFi,0,0.0,0.0,0.0
115,URLLC,5,WiFi_4,WiFi,0,0.0,0.0,0.0
115,URLLC,6,Satellite_1,Satellite,0,0.0,0.0,0.0
115,URLLC,7,Satellite_2,Satellite,0,0.0,0.0,0.0
116,URLLC,0,6G_1,6G,1,64582072.64666599,40000000.0,40000000.0
116,URLLC,1,6G_2,6G,0,0.0,0.0,0.0
116,URLLC,2,WiFi_1,WiFi,0,0.0,0.0,0.0
116,URLLC,3,WiFi_2,WiFi,0,0.0,0.0,0.0
116,URLLC,4,WiFi_3,WiFi,0,0.0,0.0,0.0
116,URLLC,5,WiFi_4,WiFi,0,0.0,0.0,0.0
116,URLLC,6,Satellite_1,Satellite,0,0.0,0.0,0.0
116,URLLC,7,Satellite_2,Satellite,0,0.0,0.0,0.0
117,URLLC,0,6G_1,6G,0,0.0,0.0,0.0
117,URLLC,1,6G_2,6G,1,55225099.32715336,40000000.0,40000000.0
117,URLLC,2,WiFi_1,WiFi,0,0.0,0.0,0.0
117,URLLC,3,WiFi_2,WiFi,0,0.0,0.0,0.0
117,URLLC,4,WiFi_3,WiFi,0,0.0,0.0,0.0
117,URLLC,5,WiFi_4,WiFi,0,0.0,0.0,0.0
117,URLLC,6,Satellite_1,Satellite,0,0.0,0.0,0.0
117,URLLC,7,Satellite_2,Satellite,0,0.0,0.0,0.0
118,URLLC,0,6G_1,6G,1,53327328.45087984,40000000.0,40000000.0
118,URLLC,1,6G_2,6G,0,0.0,0.0,0.0
118,URLLC,2,WiFi_1,WiFi,0,0.0,0.0,0.0
118,URLLC,3,WiFi_2,WiFi,0,0.0,0.0,0.0
118,URLLC,4,WiFi_3,WiFi,0,0.0,0.0,0.0
118,URLLC,5,WiFi_4,WiFi,0,0.0,0.0,0.0
118,URLLC,6,Satellite_1,Satellite,0,0.0,0.0,0.0
118,URLLC,7,Satellite_2,Satellite,0,0.0,0.0,0.0
119,URLLC,0,6G_1,6G,1,51642072.08584166,40000000.0,40000000.0
119,URLLC,1,6G_2,6G,0,0.0,0.0,0.0
119,URLLC,2,WiFi_1,WiFi,0,0.0,0.0,0.0
119,URLLC,3,WiFi_2,WiFi,0,0.0,0.0,0.0
119,URLLC,4,WiFi_3,WiFi,0,0.0,0.0,0.0
119,URLLC,5,WiFi_4,WiFi,0,0.0,0.0,0.0
119,URLLC,6,Satellite_1,Satellite,0,0.0,0.0,0.0
119,URLLC,7,Satellite_2,Satellite,0,0.0,0.0,0.0
120,URLLC,0,6G_1,6G,0,0.0,0.0,0.0
120,URLLC,1,6G_2,6G,0,0.0,0.0,0.0
120,URLLC,2,WiFi_1,WiFi,0,0.0,0.0,0.0
120,URLLC,3,WiFi_2,WiFi,0,0.0,0.0,0.0
120,URLLC,4,WiFi_3,WiFi,0,0.0,0.0,0.0
120,URLLC,5,WiFi_4,WiFi,1,27256469.356334694,20000000.0,20000000.0
120,URLLC,6,Satellite_1,Satellite,0,0.0,0.0,0.0
120,URLLC,7,Satellite_2,Satellite,0,0.0,0.0,0.0
121,URLLC,0,6G_1,6G,1,81921710.83797134,40000000.0,40000000.0
121,URLLC,1,6G_2,6G,0,0.0,0.0,0.0
121,URLLC,2,WiFi_1,WiFi,0,0.0,0.0,0.0
121,URLLC,3,WiFi_2,WiFi,0,0.0,0.0,0.0
121,URLLC,4,WiFi_3,WiFi,0,0.0,0.0,0.0
121,URLLC,5,WiFi_4,WiFi,0,0.0,0.0,0.0
121,URLLC,6,Satellite_1,Satellite,0,0.0,0.0,0.0
121,URLLC,7,Satellite_2,Satellite,0,0.0,0.0,0.0
122,URLLC,0,6G_1,6G,0,0.0,0.0,0.0
122,URLLC,1,6G_2,6G,1,43284659.678046875,40000000.0,40000000.0
122,URLLC,2,WiFi_1,WiFi,0,0.0,0.0,0.0
122,URLLC,3,WiFi_2,WiFi,0,0.0,0.0,0.0
122,URLLC,4,WiFi_3,WiFi,0,0.0,0.0,0.0
122,URLLC,5,WiFi_4,WiFi,0,0.0,0.0,0.0
122,URLLC,6,Satellite_1,Satellite,0,0.0,0.0,0.0
122,URLLC,7,Satellite_2,Satellite,0,0.0,0.0,0.0
123,URLLC,0,6G_1,6G,0,0.0,0.0,0.0
123,URLLC,1,6G_2,6G,0,0.0,0.0,0.0
123,URLLC,2,WiFi_1,WiFi,0,0.0,0.0,0.0
123,URLLC,3,WiFi_2,WiFi,0,0.0,0.0,0.0
123,URLLC,4,WiFi_3,WiFi,0,0.0,0.0,0.0
123,URLLC,5,WiFi_4,WiFi,1,20920590.266071636,20000000.0,20000000.0
123,URLLC,6,Satellite_1,Satellite,0,0.0,0.0,0.0
123,URLLC,7,Satellite_2,Satellite,0,0.0,0.0,0.0
124,URLLC,0,6G_1,6G,0,0.0,0.0,0.0
124,URLLC,1,6G_2,6G,1,41189157.8956666,40000000.0,40000000.0
124,URLLC,2,WiFi_1,WiFi,0,0.0,0.0,0.0
124,URLLC,3,WiFi_2,WiFi,0,0.0,0.0,0.0
124,URLLC,4,WiFi_3,WiFi,0,0.0,0.0,0.0
124,URLLC,5,WiFi_4,WiFi,0,0.0,0.0,0.0
124,URLLC,6,Satellite_1,Satellite,0,0.0,0.0,0.0
124,URLLC,7,Satellite_2,Satellite,0,0.0,0.0,0.0
125,URLLC,0,6G_1,6G,0,0.0,0.0,0.0
125,URLLC,1,6G_2,6G,1,88878714.77350393,40000000.0,40000000.0
125,URLLC,2,WiFi_1,WiFi,0,0.0,0.0,0.0
125,URLLC,3,WiFi_2,WiFi,0,0.0,0.0,0.0
125,URLLC,4,WiFi_3,WiFi,0,0.0,0.0,0.0
125,URLLC,5,WiFi_4,WiFi,0,0.0,0.0,0.0
125,URLLC,6,Satellite_1,Satellite,0,0.0,0.0,0.0
125,URLLC,7,Satellite_2,Satellite,0,0.0,0.0,0.0
126,URLLC,0,6G_1,6G,1,55632366.73594856,40000000.0,40000000.0
126,URLLC,1,6G_2,6G,0,0.0,0.0,0.0
126,URLLC,2,WiFi_1,WiFi,0,0.0,0.0,0.0
126,URLLC,3,WiFi_2,WiFi,0,0.0,0.0,0.0
126,URLLC,4,WiFi_3,WiFi,0,0.0,0.0,0.0
126,URLLC,5,WiFi_4,WiFi,0,0.0,0.0,0.0
126,URLLC,6,Satellite_1,Satellite,0,0.0,0.0,0.0
126,URLLC,7,Satellite_2,Satellite,0,0.0,0.0,0.0
127,URLLC,0,6G_1,6G,1,39854061.21037347,40000000.0,39854061.21037347
127,URLLC,1,6G_2,6G,0,0.0,0.0,0.0
127,URLLC,2,WiFi_1,WiFi,0,0.0,0.0,0.0
127,URLLC,3,WiFi_2,WiFi,0,0.0,0.0,0.0
127,URLLC,4,WiFi_3,WiFi,0,0.0,0.0,0.0
127,URLLC,5,WiFi_4,WiFi,0,0.0,0.0,0.0
127,URLLC,6,Satellite_1,Satellite,0,0.0,0.0,0.0
127,URLLC,7,Satellite_2,Satellite,0,0.0,0.0,0.0
128,URLLC,0,6G_1,6G,1,44413479.76085997,40000000.0,40000000.0
128,URLLC,1,6G_2,6G,0,0.0,0.0,0.0
128,URLLC,2,WiFi_1,WiFi,0,0.0,0.0,0.0
128,URLLC,3,WiFi_2,WiFi,0,0.0,0.0,0.0
128,URLLC,4,WiFi_3,WiFi,0,0.0,0.0,0.0
128,URLLC,5,WiFi_4,WiFi,0,0.0,0.0,0.0
128,URLLC,6,Satellite_1,Satellite,0,0.0,0.0,0.0
128,URLLC,7,Satellite_2,Satellite,0,0.0,0.0,0.0
129,URLLC,0,6G_1,6G,0,0.0,0.0,0.0
129,URLLC,1,6G_2,6G,1,27663260.172377042,40000000.0,27663260.172377042
129,URLLC,2,WiFi_1,WiFi,0,0.0,0.0,0.0
129,URLLC,3,WiFi_2,WiFi,0,0.0,0.0,0.0
129,URLLC,4,WiFi_3,WiFi,0,0.0,0.0,0.0
129,URLLC,5,WiFi_4,WiFi,0,0.0,0.0,0.0
129,URLLC,6,Satellite_1,Satellite,0,0.0,0.0,0.0
129,URLLC,7,Satellite_2,Satellite,0,0.0,0.0,0.0
130,URLLC,0,6G_1,6G,1,42055662.01730127,40000000.0,40000000.0
130,URLLC,1,6G_2,6G,0,0.0,0.0,0.0
130,URLLC,2,WiFi_1,WiFi,0,0.0,0.0,0.0
130,URLLC,3,WiFi_2,WiFi,0,0.0,0.0,0.0
130,URLLC,4,WiFi_3,WiFi,0,0.0,0.0,0.0
130,URLLC,5,WiFi_4,WiFi,0,0.0,0.0,0.0
130,URLLC,6,Satellite_1,Satellite,0,0.0,0.0,0.0
130,URLLC,7,Satellite_2,Satellite,0,0.0,0.0,0.0
131,URLLC,0,6G_1,6G,1,49136069.549861036,40000000.0,40000000.0
131,URLLC,1,6G_2,6G,0,0.0,0.0,0.0
131,URLLC,2,WiFi_1,WiFi,0,0.0,0.0,0.0
131,URLLC,3,WiFi_2,WiFi,0,0.0,0.0,0.0
131,URLLC,4,WiFi_3,WiFi,0,0.0,0.0,0.0
131,URLLC,5,WiFi_4,WiFi,0,0.0,0.0,0.0
131,URLLC,6,Satellite_1,Satellite,0,0.0,0.0,0.0
131,URLLC,7,Satellite_2,Satellite,0,0.0,0.0,0.0
132,URLLC,0,6G_1,6G,0,0.0,0.0,0.0
132,URLLC,1,6G_2,6G,1,87169846.55852866,40000000.0,40000000.0
132,URLLC,2,WiFi_1,WiFi,0,0.0,0.0,0.0
132,URLLC,3,WiFi_2,WiFi,0,0.0,0.0,0.0
132,URLLC,4,WiFi_3,WiFi,0,0.0,0.0,0.0
132,URLLC,5,WiFi_4,WiFi,0,0.0,0.0,0.0
132,URLLC,6,Satellite_1,Satellite,0,0.0,0.0,0.0
132,URLLC,7,Satellite_2,Satellite,0,0.0,0.0,0.0
133,URLLC,0,6G_1,6G,0,0.0,0.0,0.0
133,URLLC,1,6G_2,6G,1,34046758.030809484,40000000.0,34046758.030809484
133,URLLC,2,WiFi_1,WiFi,0,0.0,0.0,0.0
133,URLLC,3,WiFi_2,WiFi,0,0.0,0.0,0.0
133,URLLC,4,WiFi_3,WiFi,0,0.0,0.0,0.0
133,URLLC,5,WiFi_4,WiFi,0,0.0,0.0,0.0
133,URLLC,6,Satellite_1,Satellite,0,0.0,0.0,0.0
133,URLLC,7,Satellite_2,Satellite,0,0.0,0.0,0.0
134,URLLC,0,6G_1,6G,1,44385611.72986359,40000000.0,40000000.0
134,URLLC,1,6G_2,6G,0,0.0,0.0,0.0
134,URLLC,2,WiFi_1,WiFi,0,0.0,0.0,0.0
134,URLLC,3,WiFi_2,WiFi,0,0.0,0.0,0.0
134,URLLC,4,WiFi_3,WiFi,0,0.0,0.0,0.0
134,URLLC,5,WiFi_4,WiFi,0,0.0,0.0,0.0
134,URLLC,6,Satellite_1,Satellite,0,0.0,0.0,0.0
134,URLLC,7,Satellite_2,Satellite,0,0.0,0.0,0.0
135,URLLC,0,6G_1,6G,0,0.0,0.0,0.0
135,URLLC,1,6G_2,6G,1,31868614.93882735,40000000.0,31868614.93882735
135,URLLC,2,WiFi_1,WiFi,0,0.0,0.0,0.0
135,URLLC,3,WiFi_2,WiFi,0,0.0,0.0,0.0
135,URLLC,4,WiFi_3,WiFi,0,0.0,0.0,0.0
135,URLLC,5,WiFi_4,WiFi,0,0.0,0.0,0.0
135,URLLC,6,Satellite_1,Satellite,0,0.0,0.0,0.0
135,URLLC,7,Satellite_2,Satellite,0,0.0,0.0,0.0
136,URLLC,0,6G_1,6G,0,0.0,0.0,0.0
136,URLLC,1,6G_2,6G,1,32445239.21690706,40000000.0,32445239.21690706
136,URLLC,2,WiFi_1,WiFi,0,0.0,0.0,0.0
136,URLLC,3,WiFi_2,WiFi,0,0.0,0.0,0.0
136,URLLC,4,WiFi_3,WiFi,0,0.0,0.0,0.0
136,URLLC,5,WiFi_4,WiFi,0,0.0,0.0,0.0
136,URLLC,6,Satellite_1,Satellite,0,0.0,0.0,0.0
136,URLLC,7,Satellite_2,Satellite,0,0.0,0.0,0.0
137,URLLC,0,6G_1,6G,0,0.0,0.0,0.0
137,URLLC,1,6G_2,6G,1,37140058.138392165,40000000.0,37140058.138392165
137,URLLC,2,WiFi_1,WiFi,0,0.0,0.0,0.0
137,URLLC,3,WiFi_2,WiFi,0,0.0,0.0,0.0
137,URLLC,4,WiFi_3,WiFi,0,0.0,0.0,0.0
137,URLLC,5,WiFi_4,WiFi,0,0.0,0.0,0.0
137,URLLC,6,Satellite_1,Satellite,0,0.0,0.0,0.0
137,URLLC,7,Satellite_2,Satellite,0,0.0,0.0,0.0
138,URLLC,0,6G_1,6G,0,0.0,0.0,0.0
138,URLLC,1,6G_2,6G,1,44249905.61708858,40000000.0,40000000.0
138,URLLC,2,WiFi_1,WiFi,0,0.0,0.0,0.0
138,URLLC,3,WiFi_2,WiFi,0,0.0,0.0,0.0
138,URLLC,4,WiFi_3,WiFi,0,0.0,0.0,0.0
138,URLLC,5,WiFi_4,WiFi,0,0.0,0.0,0.0
138,URLLC,6,Satellite_1,Satellite,0,0.0,0.0,0.0
138,URLLC,7,Satellite_2,Satellite,0,0.0,0.0,0.0
139,URLLC,0,6G_1,6G,0,0.0,0.0,0.0
139,URLLC,1,6G_2,6G,1,152013492.54871714,40000000.0,40000000.0
139,URLLC,2,WiFi_1,WiFi,0,0.0,0.0,0.0
139,URLLC,3,WiFi_2,WiFi,0,0.0,0.0,0.0
139,URLLC,4,WiFi_3,WiFi,0,0.0,0.0,0.0
139,URLLC,5,WiFi_4,WiFi,0,0.0,0.0,0.0
139,URLLC,6,Satellite_1,Satellite,0,0.0,0.0,0.0
139,URLLC,7,Satellite_2,Satellite,0,0.0,0.0,0.0
140,URLLC,0,6G_1,6G,0,0.0,0.0,0.0
140,URLLC,1,6G_2,6G,1,4406243.583126264,40000000.0,4406243.583126264
140,URLLC,2,WiFi_1,WiFi,0,0.0,0.0,0.0
140,URLLC,3,WiFi_2,WiFi,0,0.0,0.0,0.0
140,URLLC,4,WiFi_3,WiFi,0,0.0,0.0,0.0
140,URLLC,5,WiFi_4,WiFi,0,0.0,0.0,0.0
140,URLLC,6,Satellite_1,Satellite,0,0.0,0.0,0.0
140,URLLC,7,Satellite_2,Satellite,0,0.0,0.0,0.0
141,URLLC,0,6G_1,6G,1,70641531.04434524,40000000.0,40000000.0
141,URLLC,1,6G_2,6G,0,0.0,0.0,0.0
141,URLLC,2,WiFi_1,WiFi,0,0.0,0.0,0.0
141,URLLC,3,WiFi_2,WiFi,0,0.0,0.0,0.0
141,URLLC,4,WiFi_3,WiFi,0,0.0,0.0,0.0
141,URLLC,5,WiFi_4,WiFi,0,0.0,0.0,0.0
141,URLLC,6,Satellite_1,Satellite,0,0.0,0.0,0.0
141,URLLC,7,Satellite_2,Satellite,0,0.0,0.0,0.0
142,URLLC,0,6G_1,6G,1,36931796.212344326,40000000.0,36931796.212344326
142,URLLC,1,6G_2,6G,0,0.0,0.0,0.0
142,URLLC,2,WiFi_1,WiFi,0,0.0,0.0,0.0
142,URLLC,3,WiFi_2,WiFi,0,0.0,0.0,0.0
142,URLLC,4,WiFi_3,WiFi,0,0.0,0.0,0.0
142,URLLC,5,WiFi_4,WiFi,0,0.0,0.0,0.0
142,URLLC,6,Satellite_1,Satellite,0,0.0,0.0,0.0
142,URLLC,7,Satellite_2,Satellite,0,0.0,0.0,0.0
143,URLLC,0,6G_1,6G,1,21132285.3032681,40000000.0,21132285.3032681
143,URLLC,1,6G_2,6G,0,0.0,0.0,0.0
143,URLLC,2,WiFi_1,WiFi,0,0.0,0.0,0.0
143,URLLC,3,WiFi_2,WiFi,0,0.0,0.0,0.0
143,URLLC,4,WiFi_3,WiFi,0,0.0,0.0,0.0
143,URLLC,5,WiFi_4,WiFi,0,0.0,0.0,0.0
143,URLLC,6,Satellite_1,Satellite,0,0.0,0.0,0.0
143,URLLC,7,Satellite_2,Satellite,0,0.0,0.0,0.0
144,URLLC,0,6G_1,6G,0,0.0,0.0,0.0
144,URLLC,1,6G_2,6G,1,36986546.92963555,40000000.0,36986546.92963555
144,URLLC,2,WiFi_1,WiFi,0,0.0,0.0,0.0
144,URLLC,3,WiFi_2,WiFi,0,0.0,0.0,0.0
144,URLLC,4,WiFi_3,WiFi,0,0.0,0.0,0.0
144,URLLC,5,WiFi_4,WiFi,0,0.0,0.0,0.0
144,URLLC,6,Satellite_1,Satellite,0,0.0,0.0,0.0
144,URLLC,7,Satellite_2,Satellite,0,0.0,0.0,0.0
145,URLLC,0,6G_1,6G,1,79273415.28633936,40000000.0,40000000.0
145,URLLC,1,6G_2,6G,0,0.0,0.0,0.0
145,URLLC,2,WiFi_1,WiFi,0,0.0,0.0,0.0
145,URLLC,3,WiFi_2,WiFi,0,0.0,0.0,0.0
145,URLLC,4,WiFi_3,WiFi,0,0.0,0.0,0.0
145,URLLC,5,WiFi_4,WiFi,0,0.0,0.0,0.0
145,URLLC,6,Satellite_1,Satellite,0,0.0,0.0,0.0
145,URLLC,7,Satellite_2,Satellite,0,0.0,0.0,0.0
146,URLLC,0,6G_1,6G,1,39172475.33625399,40000000.0,39172475.33625399
146,URLLC,1,6G_2,6G,0,0.0,0.0,0.0
146,URLLC,2,WiFi_1,WiFi,0,0.0,0.0,0.0
146,URLLC,3,WiFi_2,WiFi,0,0.0,0.0,0.0
146,URLLC,4,WiFi_3,WiFi,0,0.0,0.0,0.0
146,URLLC,5,WiFi_4,WiFi,0,0.0,0.0,0.0
146,URLLC,6,Satellite_1,Satellite,0,0.0,0.0,0.0
146,URLLC,7,Satellite_2,Satellite,0,0.0,0.0,0.0
147,URLLC,0,6G_1,6G,0,0.0,0.0,0.0
147,URLLC,1,6G_2,6G,0,0.0,0.0,0.0
147,URLLC,2,WiFi_1,WiFi,0,0.0,0.0,0.0
147,URLLC,3,WiFi_2,WiFi,0,0.0,0.0,0.0
147,URLLC,4,WiFi_3,WiFi,1,23861811.735262413,20000000.0,20000000.0
147,URLLC,5,WiFi_4,WiFi,0,0.0,0.0,0.0
147,URLLC,6,Satellite_1,Satellite,0,0.0,0.0,0.0
147,URLLC,7,Satellite_2,Satellite,0,0.0,0.0,0.0
148,URLLC,0,6G_1,6G,0,0.0,0.0,0.0
148,URLLC,1,6G_2,6G,1,82795239.42093709,40000000.0,40000000.0
148,URLLC,2,WiFi_1,WiFi,0,0.0,0.0,0.0
148,URLLC,3,WiFi_2,WiFi,0,0.0,0.0,0.0
148,URLLC,4,WiFi_3,WiFi,0,0.0,0.0,0.0
148,URLLC,5,WiFi_4,WiFi,0,0.0,0.0,0.0
148,URLLC,6,Satellite_1,Satellite,0,0.0,0.0,0.0
148,URLLC,7,Satellite_2,Satellite,0,0.0,0.0,0.0
149,URLLC,0,6G_1,6G,0,0.0,0.0,0.0
149,URLLC,1,6G_2,6G,1,41117910.049018785,40000000.0,40000000.0
149,URLLC,2,WiFi_1,WiFi,0,0.0,0.0,0.0
149,URLLC,3,WiFi_2,WiFi,0,0.0,0.0,0.0
149,URLLC,4,WiFi_3,WiFi,0,0.0,0.0,0.0
149,URLLC,5,WiFi_4,WiFi,0,0.0,0.0,0.0
149,URLLC,6,Satellite_1,Satellite,0,0.0,0.0,0.0
149,URLLC,7,Satellite_2,Satellite,0,0.0,0.0,0.0
150,eMBB,0,6G_1,6G,0,0.0,0.0,0.0
150,eMBB,1,6G_2,6G,1,35879710.66258042,40000000.0,35879710.66258042
150,eMBB,2,WiFi_1,WiFi,0,0.0,0.0,0.0
150,eMBB,3,WiFi_2,WiFi,1,7119577.13876147,20000000.0,7119577.13876147
150,eMBB,4,WiFi_3,WiFi,0,0.0,0.0,0.0
150,eMBB,5,WiFi_4,WiFi,0,0.0,0.0,0.0
150,eMBB,6,Satellite_1,Satellite,0,0.0,0.0,0.0
150,eMBB,7,Satellite_2,Satellite,0,0.0,0.0,0.0
151,eMBB,0,6G_1,6G,0,0.0,0.0,0.0
151,eMBB,1,6G_2,6G,1,24104565.381005496,40000000.0,24104565.381005496
151,eMBB,2,WiFi_1,WiFi,0,0.0,0.0,0.0
151,eMBB,3,WiFi_2,WiFi,0,0.0,0.0,0.0
151,eMBB,4,WiFi_3,WiFi,1,20000000.0,20000000.0,20000000.0
151,eMBB,5,WiFi_4,WiFi,0,0.0,0.0,0.0
151,eMBB,6,Satellite_1,Satellite,0,0.0,0.0,0.0
151,eMBB,7,Satellite_2,Satellite,0,0.0,0.0,0.0
152,eMBB,0,6G_1,6G,1,18602314.484765667,40000000.0,18602314.484765667
152,eMBB,1,6G_2,6G,0,0.0,0.0,0.0
152,eMBB,2,WiFi_1,WiFi,0,0.0,0.0,0.0
152,eMBB,3,WiFi_2,WiFi,0,0.0,0.0,0.0
152,eMBB,4,WiFi_3,WiFi,1,20000000.0,20000000.0,20000000.0
152,eMBB,5,WiFi_4,WiFi,0,0.0,0.0,0.0
152,eMBB,6,Satellite_1,Satellite,0,0.0,0.0,0.0
152,eMBB,7,Satellite_2,Satellite,0,0.0,0.0,0.0
153,eMBB,0,6G_1,6G,1,19792167.643339265,40000000.0,19792167.643339265
153,eMBB,1,6G_2,6G,0,0.0,0.0,0.0
153,eMBB,2,WiFi_1,WiFi,0,0.0,0.0,0.0
153,eMBB,3,WiFi_2,WiFi,0,0.0,0.0,0.0
153,eMBB,4,WiFi_3,WiFi,1,20000000.0,20000000.0,20000000.0
153,eMBB,5,WiFi_4,WiFi,0,0.0,0.0,0.0
153,eMBB,6,Satellite_1,Satellite,0,0.0,0.0,0.0
153,eMBB,7,Satellite_2,Satellite,0,0.0,0.0,0.0
154,eMBB,0,6G_1,6G,1,40000000.0,40000000.0,40000000.0
154,eMBB,1,6G_2,6G,0,0.0,0.0,0.0
154,eMBB,2,WiFi_1,WiFi,0,0.0,0.0,0.0
154,eMBB,3,WiFi_2,WiFi,1,18039974.096492104,20000000.0,18039974.096492104
154,eMBB,4,WiFi_3,WiFi,0,0.0,0.0,0.0
154,eMBB,5,WiFi_4,WiFi,0,0.0,0.0,0.0
154,eMBB,6,Satellite_1,Satellite,0,0.0,0.0,0.0
154,eMBB,7,Satellite_2,Satellite,0,0.0,0.0,0.0
155,eMBB,0,6G_1,6G,1,19154390.482564397,40000000.0,19154390.482564397
155,eMBB,1,6G_2,6G,0,0.0,0.0,0.0
155,eMBB,2,WiFi_1,WiFi,0,0.0,0.0,0.0
155,eMBB,3,WiFi_2,WiFi,0,0.0,0.0,0.0
155,eMBB,4,WiFi_3,WiFi,0,0.0,0.0,0.0
155,eMBB,5,WiFi_4,WiFi,1,20000000.0,20000000.0,20000000.0
155,eMBB,6,Satellite_1,Satellite,0,0.0,0.0,0.0
155,eMBB,7,Satellite_2,Satellite,0,0.0,0.0,0.0
156,eMBB,0,6G_1,6G,1,36123721.452359036,40000000.0,36123721.452359036
156,eMBB,1,6G_2,6G,0,0.0,0.0,0.0
156,eMBB,2,WiFi_1,WiFi,0,0.0,0.0,0.0
156,eMBB,3,WiFi_2,WiFi,0,0.0,0.0,0.0
156,eMBB,4,WiFi_3,WiFi,1,437507.1507143113,20000000.0,437507.1507143113
156,eMBB,5,WiFi_4,WiFi,0,0.0,0.0,0.0
156,eMBB,6,Satellite_1,Satellite,0,0.0,0.0,0.0
156,eMBB,7,Satellite_2,Satellite,0,0.0,0.0,0.0
157,eMBB,0,6G_1,6G,0,0.0,0.0,0.0
157,eMBB,1,6G_2,6G,1,40000000.0,40000000.0,40000000.0
157,eMBB,2,WiFi_1,WiFi,0,0.0,0.0,0.0
157,eMBB,3,WiFi_2,WiFi,0,0.0,0.0,0.0
157,eMBB,4,WiFi_3,WiFi,0,0.0,0.0,0.0
157,eMBB,5,WiFi_4,WiFi,1,20000000.0,20000000.0,20000000.0
157,eMBB,6,Satellite_1,Satellite,0,0.0,0.0,0.0
157,eMBB,7,Satellite_2,Satellite,0,0.0,0.0,0.0
158,eMBB,0,6G_1,6G,1,40000000.0,40000000.0,40000000.0
158,eMBB,1,6G_2,6G,0,0.0,0.0,0.0
158,eMBB,2,WiFi_1,WiFi,1,20000000.0,20000000.0,20000000.0
158,eMBB,3,WiFi_2,WiFi,0,0.0,0.0,0.0
158,eMBB,4,WiFi_3,WiFi,0,0.0,0.0,0.0
158,eMBB,5,WiFi_4,WiFi,0,0.0,0.0,0.0
158,eMBB,6,Satellite_1,Satellite,0,0.0,0.0,0.0
158,eMBB,7,Satellite_2,Satellite,0,0.0,0.0,0.0
159,eMBB,0,6G_1,6G,0,0.0,0.0,0.0
159,eMBB,1,6G_2,6G,1,40000000.0,40000000.0,40000000.0
159,eMBB,2,WiFi_1,WiFi,0,0.0,0.0,0.0
159,eMBB,3,WiFi_2,WiFi,1,20000000.0,20000000.0,20000000.0
159,eMBB,4,WiFi_3,WiFi,0,0.0,0.0,0.0
159,eMBB,5,WiFi_4,WiFi,0,0.0,0.0,0.0
159,eMBB,6,Satellite_1,Satellite,0,0.0,0.0,0.0
159,eMBB,7,Satellite_2,Satellite,0,0.0,0.0,0.0
160,eMBB,0,6G_1,6G,1,29556362.55737282,40000000.0,29556362.55737282
160,eMBB,1,6G_2,6G,0,0.0,0.0,0.0
160,eMBB,2,WiFi_1,WiFi,0,0.0,0.0,0.0
160,eMBB,3,WiFi_2,WiFi,0,0.0,0.0,0.0
160,eMBB,4,WiFi_3,WiFi,1,20000000.0,20000000.0,20000000.0
160,eMBB,5,WiFi_4,WiFi,0,0.0,0.0,0.0
160,eMBB,6,Satellite_1,Satellite,0,0.0,0.0,0.0
160,eMBB,7,Satellite_2,Satellite,0,0.0,0.0,0.0
161,eMBB,0,6G_1,6G,1,30451708.041318364,40000000.0,30451708.041318364
161,eMBB,1,6G_2,6G,0,0.0,0.0,0.0
161,eMBB,2,WiFi_1,WiFi,0,0.0,0.0,0.0
161,eMBB,3,WiFi_2,WiFi,0,0.0,0.0,0.0
161,eMBB,4,WiFi_3,WiFi,1,20000000.0,20000000.0,20000000.0
161,eMBB,5,WiFi_4,WiFi,0,0.0,0.0,0.0
161,eMBB,6,Satellite_1,Satellite,0,0.0,0.0,0.0
161,eMBB,7,Satellite_2,Satellite,0,0.0,0.0,0.0
162,eMBB,0,6G_1,6G,1,40000000.0,40000000.0,40000000.0
162,eMBB,1,6G_2,6G,0,0.0,0.0,0.0
162,eMBB,2,WiFi_1,WiFi,1,19451128.44770322,20000000.0,19451128.44770322
162,eMBB,3,WiFi_2,WiFi,0,0.0,0.0,0.0
162,eMBB,4,WiFi_3,WiFi,0,0.0,0.0,0.0
162,eMBB,5,WiFi_4,WiFi,0,0.0,0.0,0.0
162,eMBB,6,Satellite_1,Satellite,0,0.0,0.0,0.0
162,eMBB,7,Satellite_2,Satellite,0,0.0,0.0,0.0
163,eMBB,0,6G_1,6G,0,0.0,0.0,0.0
163,eMBB,1,6G_2,6G,1,40000000.0,40000000.0,40000000.0
163,eMBB,2,WiFi_1,WiFi,0,0.0,0.0,0.0
163,eMBB,3,WiFi_2,WiFi,1,20000000.0,20000000.0,20000000.0
163,eMBB,4,WiFi_3,WiFi,0,0.0,0.0,0.0
163,eMBB,5,WiFi_4,WiFi,0,0.0,0.0,0.0
163,eMBB,6,Satellite_1,Satellite,0,0.0,0.0,0.0
163,eMBB,7,Satellite_2,Satellite,0,0.0,0.0,0.0
164,eMBB,0,6G_1,6G,1,40000000.0,40000000.0,40000000.0
164,eMBB,1,6G_2,6G,0,0.0,0.0,0.0
164,eMBB,2,WiFi_1,WiFi,0,0.0,0.0,0.0
164,eMBB,3,WiFi_2,WiFi,0,0.0,0.0,0.0
164,eMBB,4,WiFi_3,WiFi,1,20000000.0,20000000.0,20000000.0
164,eMBB,5,WiFi_4,WiFi,0,0.0,0.0,0.0
164,eMBB,6,Satellite_1,Satellite,0,0.0,0.0,0.0
164,eMBB,7,Satellite_2,Satellite,0,0.0,0.0,0.0
165,eMBB,0,6G_1,6G,0,0.0,0.0,0.0
165,eMBB,1,6G_2,6G,1,10010483.188007358,40000000.0,10010483.188007358
165,eMBB,2,WiFi_1,WiFi,1,6428214.399195466,20000000.0,6428214.399195466
165,eMBB,3,WiFi_2,WiFi,0,0.0,0.0,0.0
165,eMBB,4,WiFi_3,WiFi,0,0.0,0.0,0.0
165,eMBB,5,WiFi_4,WiFi,0,0.0,0.0,0.0
165,eMBB,6,Satellite_1,Satellite,0,0.0,0.0,0.0
165,eMBB,7,Satellite_2,Satellite,0,0.0,0.0,0.0
166,eMBB,0,6G_1,6G,0,0.0,0.0,0.0
166,eMBB,1,6G_2,6G,1,40000000.0,40000000.0,40000000.0
166,eMBB,2,WiFi_1,WiFi,0,0.0,0.0,0.0
166,eMBB,3,WiFi_2,WiFi,0,0.0,0.0,0.0
166,eMBB,4,WiFi_3,WiFi,1,2099278.27702014,20000000.0,2099278.27702014
166,eMBB,5,WiFi_4,WiFi,0,0.0,0.0,0.0
166,eMBB,6,Satellite_1,Satellite,0,0.0,0.0,0.0
166,eMBB,7,Satellite_2,Satellite,0,0.0,0.0,0.0
167,eMBB,0,6G_1,6G,0,0.0,0.0,0.0
167,eMBB,1,6G_2,6G,1,13567256.198292248,40000000.0,13567256.198292248
167,eMBB,2,WiFi_1,WiFi,1,20000000.0,20000000.0,20000000.0
167,eMBB,3,WiFi_2,WiFi,0,0.0,0.0,0.0
167,eMBB,4,WiFi_3,WiFi,0,0.0,0.0,0.0
167,eMBB,5,WiFi_4,WiFi,0,0.0,0.0,0.0
167,eMBB,6,Satellite_1,Satellite,0,0.0,0.0,0.0
167,eMBB,7,Satellite_2,Satellite,0,0.0,0.0,0.0
168,eMBB,0,6G_1,6G,1,36803057.516154334,40000000.0,36803057.516154334
168,eMBB,1,6G_2,6G,0,0.0,0.0,0.0
168,eMBB,2,WiFi_1,WiFi,1,20000000.0,20000000.0,20000000.0
168,eMBB,3,WiFi_2,WiFi,0,0.0,0.0,0.0
168,eMBB,4,WiFi_3,WiFi,0,0.0,0.0,0.0
168,eMBB,5,WiFi_4,WiFi,0,0.0,0.0,0.0
168,eMBB,6,Satellite_1,Satellite,0,0.0,0.0,0.0
168,eMBB,7,Satellite_2,Satellite,0,0.0,0.0,0.0
169,eMBB,0,6G_1,6G,1,32553490.97760316,40000000.0,32553490.97760316
169,eMBB,1,6G_2,6G,0,0.0,0.0,0.0
169,eMBB,2,WiFi_1,WiFi,0,0.0,0.0,0.0
169,eMBB,3,WiFi_2,WiFi,0,0.0,0.0,0.0
169,eMBB,4,WiFi_3,WiFi,1,6009766.719034922,20000000.0,6009766.719034922
169,eMBB,5,WiFi_4,WiFi,0,0.0,0.0,0.0
169,eMBB,6,Satellite_1,Satellite,0,0.0,0.0,0.0
169,eMBB,7,Satellite_2,Satellite,0,0.0,0.0,0.0
170,eMBB,0,6G_1,6G,1,21141208.29792006,40000000.0,21141208.29792006
170,eMBB,1,6G_2,6G,0,0.0,0.0,0.0
170,eMBB,2,WiFi_1,WiFi,0,0.0,0.0,0.0
170,eMBB,3,WiFi_2,WiFi,0,0.0,0.0,0.0
170,eMBB,4,WiFi_3,WiFi,1,6272839.693135136,20000000.0,6272839.693135136
170,eMBB,5,WiFi_4,WiFi,0,0.0,0.0,0.0
170,eMBB,6,Satellite_1,Satellite,0,0.0,0.0,0.0
170,eMBB,7,Satellite_2,Satellite,0,0.0,0.0,0.0
171,eMBB,0,6G_1,6G,1,40000000.0,40000000.0,40000000.0
171,eMBB,1,6G_2,6G,0,0.0,0.0,0.0
171,eMBB,2,WiFi_1,WiFi,0,0.0,0.0,0.0
171,eMBB,3,WiFi_2,WiFi,0,0.0,0.0,0.0
171,eMBB,4,WiFi_3,WiFi,1,20000000.0,20000000.0,20000000.0
171,eMBB,5,WiFi_4,WiFi,0,0.0,0.0,0.0
171,eMBB,6,Satellite_1,Satellite,0,0.0,0.0,0.0
171,eMBB,7,Satellite_2,Satellite,0,0.0,0.0,0.0
172,eMBB,0,6G_1,6G,0,0.0,0.0,0.0
172,eMBB,1,6G_2,6G,1,8625190.255550502,40000000.0,8625190.255550502
172,eMBB,2,WiFi_1,WiFi,0,0.0,0.0,0.0
172,eMBB,3,WiFi_2,WiFi,0,0.0,0.0,0.0
172,eMBB,4,WiFi_3,WiFi,0,0.0,0.0,0.0
172,eMBB,5,WiFi_4,WiFi,1,20000000.0,20000000.0,20000000.0
172,eMBB,6,Satellite_1,Satellite,0,0.0,0.0,0.0
172,eMBB,7,Satellite_2,Satellite,0,0.0,0.0,0.0
173,eMBB,0,6G_1,6G,1,40000000.0,40000000.0,40000000.0
173,eMBB,1,6G_2,6G,0,0.0,0.0,0.0
173,eMBB,2,WiFi_1,WiFi,0,0.0,0.0,0.0
173,eMBB,3,WiFi_2,WiFi,0,0.0,0.0,0.0
173,eMBB,4,WiFi_3,WiFi,0,0.0,0.0,0.0
173,eMBB,5,WiFi_4,WiFi,1,20000000.0,20000000.0,20000000.0
173,eMBB,6,Satellite_1,Satellite,0,0.0,0.0,0.0
173,eMBB,7,Satellite_2,Satellite,0,0.0,0.0,0.0
174,eMBB,0,6G_1,6G,0,0.0,0.0,0.0
174,eMBB,1,6G_2,6G,1,40000000.0,40000000.0,40000000.0
174,eMBB,2,WiFi_1,WiFi,0,0.0,0.0,0.0
174,eMBB,3,WiFi_2,WiFi,1,20000000.0,20000000.0,20000000.0
174,eMBB,4,WiFi_3,WiFi,0,0.0,0.0,0.0
174,eMBB,5,WiFi_4,WiFi,0,0.0,0.0,0.0
174,eMBB,6,Satellite_1,Satellite,0,0.0,0.0,0.0
174,eMBB,7,Satellite_2,Satellite,0,0.0,0.0,0.0
175,eMBB,0,6G_1,6G,1,32527641.783638794,40000000.0,32527641.783638794
175,eMBB,1,6G_2,6G,0,0.0,0.0,0.0
175,eMBB,2,WiFi_1,WiFi,0,0.0,0.0,0.0
175,eMBB,3,WiFi_2,WiFi,0,0.0,0.0,0.0
175,eMBB,4,WiFi_3,WiFi,0,0.0,0.0,0.0
175,eMBB,5,WiFi_4,WiFi,1,20000000.0,20000000.0,20000000.0
175,eMBB,6,Satellite_1,Satellite,0,0.0,0.0,0.0
175,eMBB,7,Satellite_2,Satellite,0,0.0,0.0,0.0
176,eMBB,0,6G_1,6G,1,5202130.654626876,40000000.0,5202130.654626876
176,eMBB,1,6G_2,6G,0,0.0,0.0,0.0
176,eMBB,2,WiFi_1,WiFi,1,20000000.0,20000000.0,20000000.0
176,eMBB,3,WiFi_2,WiFi,0,0.0,0.0,0.0
176,eMBB,4,WiFi_3,WiFi,0,0.0,0.0,0.0
176,eMBB,5,WiFi_4,WiFi,0,0.0,0.0,0.0
176,eMBB,6,Satellite_1,Satellite,0,0.0,0.0,0.0
176,eMBB,7,Satellite_2,Satellite,0,0.0,0.0,0.0
177,eMBB,0,6G_1,6G,0,0.0,0.0,0.0
177,eMBB,1,6G_2,6G,1,40000000.0,40000000.0,40000000.0
177,eMBB,2,WiFi_1,WiFi,0,0.0,0.0,0.0
177,eMBB,3,WiFi_2,WiFi,0,0.0,0.0,0.0
177,eMBB,4,WiFi_3,WiFi,0,0.0,0.0,0.0
177,eMBB,5,WiFi_4,WiFi,1,20000000.0,20000000.0,20000000.0
177,eMBB,6,Satellite_1,Satellite,0,0.0,0.0,0.0
177,eMBB,7,Satellite_2,Satellite,0,0.0,0.0,0.0
178,eMBB,0,6G_1,6G,1,30030984.197838556,40000000.0,30030984.197838556
178,eMBB,1,6G_2,6G,0,0.0,0.0,0.0
178,eMBB,2,WiFi_1,WiFi,0,0.0,0.0,0.0
178,eMBB,3,WiFi_2,WiFi,0,0.0,0.0,0.0
178,eMBB,4,WiFi_3,WiFi,1,20000000.0,20000000.0,20000000.0
178,eMBB,5,WiFi_4,WiFi,0,0.0,0.0,0.0
178,eMBB,6,Satellite_1,Satellite,0,0.0,0.0,0.0
178,eMBB,7,Satellite_2,Satellite,0,0.0,0.0,0.0
179,eMBB,0,6G_1,6G,0,0.0,0.0,0.0
179,eMBB,1,6G_2,6G,1,40000000.0,40000000.0,40000000.0
179,eMBB,2,WiFi_1,WiFi,0,0.0,0.0,0.0
179,eMBB,3,WiFi_2,WiFi,0,0.0,0.0,0.0
179,eMBB,4,WiFi_3,WiFi,1,20000000.0,20000000.0,20000000.0
179,eMBB,5,WiFi_4,WiFi,0,0.0,0.0,0.0
179,eMBB,6,Satellite_1,Satellite,0,0.0,0.0,0.0
179,eMBB,7,Satellite_2,Satellite,0,0.0,0.0,0.0
180,eMBB,0,6G_1,6G,0,0.0,0.0,0.0
180,eMBB,1,6G_2,6G,1,10864561.718789894,40000000.0,10864561.718789894
180,eMBB,2,WiFi_1,WiFi,0,0.0,0.0,0.0
180,eMBB,3,WiFi_2,WiFi,1,20000000.0,20000000.0,20000000.0
180,eMBB,4,WiFi_3,WiFi,0,0.0,0.0,0.0
180,eMBB,5,WiFi_4,WiFi,0,0.0,0.0,0.0
180,eMBB,6,Satellite_1,Satellite,0,0.0,0.0,0.0
180,eMBB,7,Satellite_2,Satellite,0,0.0,0.0,0.0
181,eMBB,0,6G_1,6G,1,40000000.0,40000000.0,40000000.0
181,eMBB,1,6G_2,6G,0,0.0,0.0,0.0
181,eMBB,2,WiFi_1,WiFi,0,0.0,0.0,0.0
181,eMBB,3,WiFi_2,WiFi,1,20000000.0,20000000.0,20000000.0
181,eMBB,4,WiFi_3,WiFi,0,0.0,0.0,0.0
181,eMBB,5,WiFi_4,WiFi,0,0.0,0.0,0.0
181,eMBB,6,Satellite_1,Satellite,0,0.0,0.0,0.0
181,eMBB,7,Satellite_2,Satellite,0,0.0,0.0,0.0
182,eMBB,0,6G_1,6G,0,0.0,0.0,0.0
182,eMBB,1,6G_2,6G,1,39128311.10597166,40000000.0,39128311.10597166
182,eMBB,2,WiFi_1,WiFi,0,0.0,0.0,0.0
182,eMBB,3,WiFi_2,WiFi,0,0.0,0.0,0.0
182,eMBB,4,WiFi_3,WiFi,0,0.0,0.0,0.0
182,eMBB,5,WiFi_4,WiFi,1,20000000.0,20000000.0,20000000.0
182,eMBB,6,Satellite_1,Satellite,0,0.0,0.0,0.0
182,eMBB,7,Satellite_2,Satellite,0,0.0,0.0,0.0
183,eMBB,0,6G_1,6G,0,0.0,0.0,0.0
183,eMBB,1,6G_2,6G,1,13271151.287795154,40000000.0,13271151.287795154
183,eMBB,2,WiFi_1,WiFi,0,0.0,0.0,0.0
183,eMBB,3,WiFi_2,WiFi,1,20000000.0,20000000.0,20000000.0
183,eMBB,4,WiFi_3,WiFi,0,0.0,0.0,0.0
183,eMBB,5,WiFi_4,WiFi,0,0.0,0.0,0.0
183,eMBB,6,Satellite_1,Satellite,0,0.0,0.0,0.0
183,eMBB,7,Satellite_2,Satellite,0,0.0,0.0,0.0
184,eMBB,0,6G_1,6G,0,0.0,0.0,0.0
184,eMBB,1,6G_2,6G,1,31117715.540823646,40000000.0,31117715.540823646
184,eMBB,2,WiFi_1,WiFi,0,0.0,0.0,0.0
184,eMBB,3,WiFi_2,WiFi,0,0.0,0.0,0.0
184,eMBB,4,WiFi_3,WiFi,0,0.0,0.0,0.0
184,eMBB,5,WiFi_4,WiFi,1,20000000.0,20000000.0,20000000.0
184,eMBB,6,Satellite_1,Satellite,0,0.0,0.0,0.0
184,eMBB,7,Satellite_2,Satellite,0,0.0,0.0,0.0
185,eMBB,0,6G_1,6G,0,0.0,0.0,0.0
185,eMBB,1,6G_2,6G,1,40000000.0,40000000.0,40000000.0
185,eMBB,2,WiFi_1,WiFi,0,0.0,0.0,0.0
185,eMBB,3,WiFi_2,WiFi,1,20000000.0,20000000.0,20000000.0
185,eMBB,4,WiFi_3,WiFi,0,0.0,0.0,0.0
185,eMBB,5,WiFi_4,WiFi,0,0.0,0.0,0.0
185,eMBB,6,Satellite_1,Satellite,0,0.0,0.0,0.0
185,eMBB,7,Satellite_2,Satellite,0,0.0,0.0,0.0
186,eMBB,0,6G_1,6G,0,0.0,0.0,0.0
186,eMBB,1,6G_2,6G,1,40000000.0,40000000.0,40000000.0
186,eMBB,2,WiFi_1,WiFi,0,0.0,0.0,0.0
186,eMBB,3,WiFi_2,WiFi,0,0.0,0.0,0.0
186,eMBB,4,WiFi_3,WiFi,1,20000000.0,20000000.0,20000000.0
186,eMBB,5,WiFi_4,WiFi,0,0.0,0.0,0.0
186,eMBB,6,Satellite_1,Satellite,0,0.0,0.0,0.0
186,eMBB,7,Satellite_2,Satellite,0,0.0,0.0,0.0
187,eMBB,0,6G_1,6G,1,40000000.0,40000000.0,40000000.0
187,eMBB,1,6G_2,6G,0,0.0,0.0,0.0
187,eMBB,2,WiFi_1,WiFi,0,0.0,0.0,0.0
187,eMBB,3,WiFi_2,WiFi,0,0.0,0.0,0.0
187,eMBB,4,WiFi_3,WiFi,1,20000000.0,20000000.0,20000000.0
187,eMBB,5,WiFi_4,WiFi,0,0.0,0.0,0.0
187,eMBB,6,Satellite_1,Satellite,0,0.0,0.0,0.0
187,eMBB,7,Satellite_2,Satellite,0,0.0,0.0,0.0
188,eMBB,0,6G_1,6G,0,0.0,0.0,0.0
188,eMBB,1,6G_2,6G,1,40000000.0,40000000.0,40000000.0
188,eMBB,2,WiFi_1,WiFi,0,0.0,0.0,0.0
188,eMBB,3,WiFi_2,WiFi,1,20000000.0,20000000.0,20000000.0
188,eMBB,4,WiFi_3,WiFi,0,0.0,0.0,0.0
188,eMBB,5,WiFi_4,WiFi,0,0.0,0.0,0.0
188,eMBB,6,Satellite_1,Satellite,0,0.0,0.0,0.0
188,eMBB,7,Satellite_2,Satellite,0,0.0,0.0,0.0
189,eMBB,0,6G_1,6G,1,40000000.0,40000000.0,40000000.0
189,eMBB,1,6G_2,6G,0,0.0,0.0,0.0
189,eMBB,2,WiFi_1,WiFi,1,19092462.728889372,20000000.0,19092462.728889372
189,eMBB,3,WiFi_2,WiFi,0,0.0,0.0,0.0
189,eMBB,4,WiFi_3,WiFi,0,0.0,0.0,0.0
189,eMBB,5,WiFi_4,WiFi,0,0.0,0.0,0.0
189,eMBB,6,Satellite_1,Satellite,0,0.0,0.0,0.0
189,eMBB,7,Satellite_2,Satellite,0,0.0,0.0,0.0
190,eMBB,0,6G_1,6G,1,40000000.0,40000000.0,40000000.0
190,eMBB,1,6G_2,6G,0,0.0,0.0,0.0
190,eMBB,2,WiFi_1,WiFi,0,0.0,0.0,0.0
190,eMBB,3,WiFi_2,WiFi,0,0.0,0.0,0.0
190,eMBB,4,WiFi_3,WiFi,0,0.0,0.0,0.0
190,eMBB,5,WiFi_4,WiFi,1,20000000.0,20000000.0,20000000.0
190,eMBB,6,Satellite_1,Satellite,0,0.0,0.0,0.0
190,eMBB,7,Satellite_2,Satellite,0,0.0,0.0,0.0
191,eMBB,0,6G_1,6G,1,40000000.0,40000000.0,40000000.0
191,eMBB,1,6G_2,6G,0,0.0,0.0,0.0
191,eMBB,2,WiFi_1,WiFi,0,0.0,0.0,0.0
191,eMBB,3,WiFi_2,WiFi,1,20000000.0,20000000.0,20000000.0
191,eMBB,4,WiFi_3,WiFi,0,0.0,0.0,0.0
191,eMBB,5,WiFi_4,WiFi,0,0.0,0.0,0.0
191,eMBB,6,Satellite_1,Satellite,0,0.0,0.0,0.0
191,eMBB,7,Satellite_2,Satellite,0,0.0,0.0,0.0
192,eMBB,0,6G_1,6G,0,0.0,0.0,0.0
192,eMBB,1,6G_2,6G,1,40000000.0,40000000.0,40000000.0
192,eMBB,2,WiFi_1,WiFi,0,0.0,0.0,0.0
192,eMBB,3,WiFi_2,WiFi,0,0.0,0.0,0.0
192,eMBB,4,WiFi_3,WiFi,0,0.0,0.0,0.0
192,eMBB,5,WiFi_4,WiFi,1,151242.7796446006,20000000.0,151242.7796446006
192,eMBB,6,Satellite_1,Satellite,0,0.0,0.0,0.0
192,eMBB,7,Satellite_2,Satellite,0,0.0,0.0,0.0
193,eMBB,0,6G_1,6G,1,40000000.0,40000000.0,40000000.0
193,eMBB,1,6G_2,6G,0,0.0,0.0,0.0
193,eMBB,2,WiFi_1,WiFi,0,0.0,0.0,0.0
193,eMBB,3,WiFi_2,WiFi,0,0.0,0.0,0.0
193,eMBB,4,WiFi_3,WiFi,0,0.0,0.0,0.0
193,eMBB,5,WiFi_4,WiFi,1,16694629.189467236,20000000.0,16694629.189467236
193,eMBB,6,Satellite_1,Satellite,0,0.0,0.0,0.0
193,eMBB,7,Satellite_2,Satellite,0,0.0,0.0,0.0
194,eMBB,0,6G_1,6G,0,0.0,0.0,0.0
194,eMBB,1,6G_2,6G,1,22667843.326190315,40000000.0,22667843.326190315
194,eMBB,2,WiFi_1,WiFi,0,0.0,0.0,0.0
194,eMBB,3,WiFi_2,WiFi,1,11804549.248637361,20000000.0,11804549.248637361
194,eMBB,4,WiFi_3,WiFi,0,0.0,0.0,0.0
194,eMBB,5,WiFi_4,WiFi,0,0.0,0.0,0.0
194,eMBB,6,Satellite_1,Satellite,0,0.0,0.0,0.0
194,eMBB,7,Satellite_2,Satellite,0,0.0,0.0,0.0
195,eMBB,0,6G_1,6G,1,30386517.02548123,40000000.0,30386517.02548123
195,eMBB,1,6G_2,6G,0,0.0,0.0,0.0
195,eMBB,2,WiFi_1,WiFi,0,0.0,0.0,0.0
195,eMBB,3,WiFi_2,WiFi,0,0.0,0.0,0.0
195,eMBB,4,WiFi_3,WiFi,0,0.0,0.0,0.0
195,eMBB,5,WiFi_4,WiFi,1,2675388.3704038537,20000000.0,2675388.3704038537
195,eMBB,6,Satellite_1,Satellite,0,0.0,0.0,0.0
195,eMBB,7,Satellite_2,Satellite,0,0.0,0.0,0.0
196,eMBB,0,6G_1,6G,1,40000000.0,40000000.0,40000000.0
196,eMBB,1,6G_2,6G,0,0.0,0.0,0.0
196,eMBB,2,WiFi_1,WiFi,1,20000000.0,20000000.0,20000000.0
196,eMBB,3,WiFi_2,WiFi,0,0.0,0.0,0.0
196,eMBB,4,WiFi_3,WiFi,0,0.0,0.0,0.0
196,eMBB,5,WiFi_4,WiFi,0,0.0,0.0,0.0
196,eMBB,6,Satellite_1,Satellite,0,0.0,0.0,0.0
196,eMBB,7,Satellite_2,Satellite,0,0.0,0.0,0.0
197,eMBB,0,6G_1,6G,0,0.0,0.0,0.0
197,eMBB,1,6G_2,6G,1,37523340.92922919,40000000.0,37523340.92922919
197,eMBB,2,WiFi_1,WiFi,0,0.0,0.0,0.0
197,eMBB,3,WiFi_2,WiFi,0,0.0,0.0,0.0
197,eMBB,4,WiFi_3,WiFi,1,20000000.0,20000000.0,20000000.0
197,eMBB,5,WiFi_4,WiFi,0,0.0,0.0,0.0
197,eMBB,6,Satellite_1,Satellite,0,0.0,0.0,0.0
197,eMBB,7,Satellite_2,Satellite,0,0.0,0.0,0.0
198,eMBB,0,6G_1,6G,1,34752713.131483495,40000000.0,34752713.131483495
198,eMBB,1,6G_2,6G,0,0.0,0.0,0.0
198,eMBB,2,WiFi_1,WiFi,1,20000000.0,20000000.0,20000000.0
198,eMBB,3,WiFi_2,WiFi,0,0.0,0.0,0.0
198,eMBB,4,WiFi_3,WiFi,0,0.0,0.0,0.0
198,eMBB,5,WiFi_4,WiFi,0,0.0,0.0,0.0
198,eMBB,6,Satellite_1,Satellite,0,0.0,0.0,0.0
198,eMBB,7,Satellite_2,Satellite,0,0.0,0.0,0.0
199,eMBB,0,6G_1,6G,1,40000000.0,40000000.0,40000000.0
199,eMBB,1,6G_2,6G,0,0.0,0.0,0.0
199,eMBB,2,WiFi_1,WiFi,0,0.0,0.0,0.0
199,eMBB,3,WiFi_2,WiFi,0,0.0,0.0,0.0
199,eMBB,4,WiFi_3,WiFi,1,14682956.111180024,20000000.0,14682956.111180024
199,eMBB,5,WiFi_4,WiFi,0,0.0,0.0,0.0
199,eMBB,6,Satellite_1,Satellite,0,0.0,0.0,0.0
199,eMBB,7,Satellite_2,Satellite,0,0.0,0.0,0.0
200,eMBB,0,6G_1,6G,0,0.0,0.0,0.0
200,eMBB,1,6G_2,6G,0,0.0,0.0,0.0
200,eMBB,2,WiFi_1,WiFi,0,0.0,0.0,0.0
200,eMBB,3,WiFi_2,WiFi,0,0.0,0.0,0.0
200,eMBB,4,WiFi_3,WiFi,0,0.0,0.0,0.0
200,eMBB,5,WiFi_4,WiFi,0,0.0,0.0,0.0
200,eMBB,6,Satellite_1,Satellite,1,4184360.1050632102,4184360.1050632102,4184360.1050632102
200,eMBB,7,Satellite_2,Satellite,0,0.0,0.0,0.0
201,eMBB,0,6G_1,6G,0,0.0,0.0,0.0
201,eMBB,1,6G_2,6G,0,0.0,0.0,0.0
201,eMBB,2,WiFi_1,WiFi,0,0.0,0.0,0.0
201,eMBB,3,WiFi_2,WiFi,0,0.0,0.0,0.0
201,eMBB,4,WiFi_3,WiFi,0,0.0,0.0,0.0
201,eMBB,5,WiFi_4,WiFi,0,0.0,0.0,0.0
201,eMBB,6,Satellite_1,Satellite,1,5420611.037437734,2217652.065151395,2217652.065151395
201,eMBB,7,Satellite_2,Satellite,0,0.0,0.0,0.0
202,eMBB,0,6G_1,6G,0,0.0,0.0,0.0
202,eMBB,1,6G_2,6G,0,0.0,0.0,0.0
202,eMBB,2,WiFi_1,WiFi,0,0.0,0.0,0.0
202,eMBB,3,WiFi_2,WiFi,0,0.0,0.0,0.0
202,eMBB,4,WiFi_3,WiFi,0,0.0,0.0,0.0
202,eMBB,5,WiFi_4,WiFi,0,0.0,0.0,0.0
202,eMBB,6,Satellite_1,Satellite,1,2536218.6275138166,2536218.6275138166,2536218.6275138166
202,eMBB,7,Satellite_2,Satellite,0,0.0,0.0,0.0
203,eMBB,0,6G_1,6G,0,0.0,0.0,0.0
203,eMBB,1,6G_2,6G,0,0.0,0.0,0.0
203,eMBB,2,WiFi_1,WiFi,0,0.0,0.0,0.0
203,eMBB,3,WiFi_2,WiFi,0,0.0,0.0,0.0
203,eMBB,4,WiFi_3,WiFi,0,0.0,0.0,0.0
203,eMBB,5,WiFi_4,WiFi,0,0.0,0.0,0.0
203,eMBB,6,Satellite_1,Satellite,1,6058232.55159831,2151696.930725432,2151696.930725432
203,eMBB,7,Satellite_2,Satellite,0,0.0,0.0,0.0
204,eMBB,0,6G_1,6G,0,0.0,0.0,0.0
204,eMBB,1,6G_2,6G,0,0.0,0.0,0.0
204,eMBB,2,WiFi_1,WiFi,0,0.0,0.0,0.0
204,eMBB,3,WiFi_2,WiFi,0,0.0,0.0,0.0
204,eMBB,4,WiFi_3,WiFi,0,0.0,0.0,0.0
204,eMBB,5,WiFi_4,WiFi,0,0.0,0.0,0.0
204,eMBB,6,Satellite_1,Satellite,0,0.0,0.0,0.0
204,eMBB,7,Satellite_2,Satellite,1,9387370.195435083,2746193.342544145,2746193.342544145
205,eMBB,0,6G_1,6G,0,0.0,0.0,0.0
205,eMBB,1,6G_2,6G,0,0.0,0.0,0.0
205,eMBB,2,WiFi_1,WiFi,0,0.0,0.0,0.0
205,eMBB,3,WiFi_2,WiFi,0,0.0,0.0,0.0
205,eMBB,4,WiFi_3,WiFi,0,0.0,0.0,0.0
205,eMBB,5,WiFi_4,WiFi,0,0.0,0.0,0.0
205,eMBB,6,Satellite_1,Satellite,0,0.0,0.0,0.0
205,eMBB,7,Satellite_2,Satellite,1,3386900.3718780135,3386900.3718780135,3386900.3718780135
206,eMBB,0,6G_1,6G,0,0.0,0.0,0.0
206,eMBB,1,6G_2,6G,0,0.0,0.0,0.0
206,eMBB,2,WiFi_1,WiFi,0,0.0,0.0,0.0
206,eMBB,3,WiFi_2,WiFi,0,0.0,0.0,0.0
206,eMBB,4,WiFi_3,WiFi,0,0.0,0.0,0.0
206,eMBB,5,WiFi_4,WiFi,0,0.0,0.0,0.0
206,eMBB,6,Satellite_1,Satellite,0,0.0,0.0,0.0
206,eMBB,7,Satellite_2,Satellite,1,6728837.536018914,2839598.517860134,2839598.517860134
207,eMBB,0,6G_1,6G,0,0.0,0.0,0.0
207,eMBB,1,6G_2,6G,0,0.0,0.0,0.0
207,eMBB,2,WiFi_1,WiFi,0,0.0,0.0,0.0
207,eMBB,3,WiFi_2,WiFi,0,0.0,0.0,0.0
207,eMBB,4,WiFi_3,WiFi,0,0.0,0.0,0.0
207,eMBB,5,WiFi_4,WiFi,0,0.0,0.0,0.0
207,eMBB,6,Satellite_1,Satellite,1,4391729.923671963,4391729.923671963,4391729.923671963
207,eMBB,7,Satellite_2,Satellite,0,0.0,0.0,0.0
208,eMBB,0,6G_1,6G,0,0.0,0.0,0.0
208,eMBB,1,6G_2,6G,0,0.0,0.0,0.0
208,eMBB,2,WiFi_1,WiFi,0,0.0,0.0,0.0
208,eMBB,3,WiFi_2,WiFi,0,0.0,0.0,0.0
208,eMBB,4,WiFi_3,WiFi,0,0.0,0.0,0.0
208,eMBB,5,WiFi_4,WiFi,0,0.0,0.0,0.0
208,eMBB,6,Satellite_1,Satellite,1,10369152.469709681,3576141.169254967,3576141.169254967
208,eMBB,7,Satellite_2,Satellite,0,0.0,0.0,0.0
209,eMBB,0,6G_1,6G,0,0.0,0.0,0.0
209,eMBB,1,6G_2,6G,0,0.0,0.0,0.0
209,eMBB,2,WiFi_1,WiFi,0,0.0,0.0,0.0
209,eMBB,3,WiFi_2,WiFi,0,0.0,0.0,0.0
209,eMBB,4,WiFi_3,WiFi,0,0.0,0.0,0.0
209,eMBB,5,WiFi_4,WiFi,0,0.0,0.0,0.0
209,eMBB,6,Satellite_1,Satellite,1,11418466.092084019,3546715.0755411903,3546715.0755411903
209,eMBB,7,Satellite_2,Satellite,0,0.0,0.0,0.0
210,eMBB,0,6G_1,6G,0,0.0,0.0,0.0
210,eMBB,1,6G_2,6G,0,0.0,0.0,0.0
210,eMBB,2,WiFi_1,WiFi,0,0.0,0.0,0.0
210,eMBB,3,WiFi_2,WiFi,0,0.0,0.0,0.0
210,eMBB,4,WiFi_3,WiFi,0,0.0,0.0,0.0
210,eMBB,5,WiFi_4,WiFi,0,0.0,0.0,0.0
210,eMBB,6,Satellite_1,Satellite,0,0.0,0.0,0.0
210,eMBB,7,Satellite_2,Satellite,1,3275872.736607731,1376857.4210480405,1376857.4210480405
211,eMBB,0,6G_1,6G,0,0.0,0.0,0.0
211,eMBB,1,6G_2,6G,0,0.0,0.0,0.0
211,eMBB,2,WiFi_1,WiFi,0,0.0,0.0,0.0
211,eMBB,3,WiFi_2,WiFi,0,0.0,0.0,0.0
211,eMBB,4,WiFi_3,WiFi,0,0.0,0.0,0.0
211,eMBB,5,WiFi_4,WiFi,0,0.0,0.0,0.0
211,eMBB,6,Satellite_1,Satellite,0,0.0,0.0,0.0
211,eMBB,7,Satellite_2,Satellite,1,8427883.3437883,4225715.411908723,4225715.411908723
212,eMBB,0,6G_1,6G,0,0.0,0.0,0.0
212,eMBB,1,6G_2,6G,0,0.0,0.0,0.0
212,eMBB,2,WiFi_1,WiFi,0,0.0,0.0,0.0
212,eMBB,3,WiFi_2,WiFi,0,0.0,0.0,0.0
212,eMBB,4,WiFi_3,WiFi,0,0.0,0.0,0.0
212,eMBB,5,WiFi_4,WiFi,0,0.0,0.0,0.0
212,eMBB,6,Satellite_1,Satellite,1,6613013.627402473,4474036.8384544775,4474036.8384544775
212,eMBB,7,Satellite_2,Satellite,0,0.0,0.0,0.0
213,eMBB,0,6G_1,6G,0,0.0,0.0,0.0
213,eMBB,1,6G_2,6G,0,0.0,0.0,0.0
213,eMBB,2,WiFi_1,WiFi,0,0.0,0.0,0.0
213,eMBB,3,WiFi_2,WiFi,0,0.0,0.0,0.0
213,eMBB,4,WiFi_3,WiFi,0,0.0,0.0,0.0
213,eMBB,5,WiFi_4,WiFi,0,0.0,0.0,0.0
213,eMBB,6,Satellite_1,Satellite,0,0.0,0.0,0.0
213,eMBB,7,Satellite_2,Satellite,1,4424522.634463748,2016652.8037486763,2016652.8037486763
214,eMBB,0,6G_1,6G,0,0.0,0.0,0.0
214,eMBB,1,6G_2,6G,0,0.0,0.0,0.0
214,eMBB,2,WiFi_1,WiFi,0,0.0,0.0,0.0
214,eMBB,3,WiFi_2,WiFi,0,0.0,0.0,0.0
214,eMBB,4,WiFi_3,WiFi,0,0.0,0.0,0.0
214,eMBB,5,WiFi_4,WiFi,0,0.0,0.0,0.0
214,eMBB,6,Satellite_1,Satellite,0,0.0,0.0,0.0
214,eMBB,7,Satellite_2,Satellite,1,4546651.63484412,2326481.031226177,2326481.031226177
215,eMBB,0,6G_1,6G,0,0.0,0.0,0.0
215,eMBB,1,6G_2,6G,0,0.0,0.0,0.0
215,eMBB,2,WiFi_1,WiFi,0,0.0,0.0,0.0
215,eMBB,3,WiFi_2,WiFi,0,0.0,0.0,0.0
215,eMBB,4,WiFi_3,WiFi,0,0.0,0.0,0.0
215,eMBB,5,WiFi_4,WiFi,0,0.0,0.0,0.0
215,eMBB,6,Satellite_1,Satellite,1,6755713.542568148,4934118.590076506,4934118.590076506
215,eMBB,7,Satellite_2,Satellite,0,0.0,0.0,0.0
216,eMBB,0,6G_1,6G,0,0.0,0.0,0.0
216,eMBB,1,6G_2,6G,0,0.0,0.0,0.0
216,eMBB,2,WiFi_1,WiFi,0,0.0,0.0,0.0
216,eMBB,3,WiFi_2,WiFi,0,0.0,0.0,0.0
216,eMBB,4,WiFi_3,WiFi,0,0.0,0.0,0.0
216,eMBB,5,WiFi_4,WiFi,0,0.0,0.0,0.0
216,eMBB,6,Satellite_1,Satellite,0,0.0,0.0,0.0
216,eMBB,7,Satellite_2,Satellite,1,9544968.46610908,1705684.9043027605,1705684.9043027605
217,eMBB,0,6G_1,6G,0,0.0,0.0,0.0
217,eMBB,1,6G_2,6G,0,0.0,0.0,0.0
217,eMBB,2,WiFi_1,WiFi,0,0.0,0.0,0.0
217,eMBB,3,WiFi_2,WiFi,0,0.0,0.0,0.0
217,eMBB,4,WiFi_3,WiFi,0,0.0,0.0,0.0
217,eMBB,5,WiFi_4,WiFi,0,0.0,0.0,0.0
217,eMBB,6,Satellite_1,Satellite,1,8818834.188955523,3957665.174187593,3957665.174187593
217,eMBB,7,Satellite_2,Satellite,0,0.0,0.0,0.0
218,eMBB,0,6G_1,6G,0,0.0,0.0,0.0
218,eMBB,1,6G_2,6G,0,0.0,0.0,0.0
218,eMBB,2,WiFi_1,WiFi,0,0.0,0.0,0.0
218,eMBB,3,WiFi_2,WiFi,0,0.0,0.0,0.0
218,eMBB,4,WiFi_3,WiFi,0,0.0,0.0,0.0
218,eMBB,5,WiFi_4,WiFi,0,0.0,0.0,0.0
218,eMBB,6,Satellite_1,Satellite,0,0.0,0.0,0.0
218,eMBB,7,Satellite_2,Satellite,1,12180691.542231783,5113146.080370356,5113146.080370356
219,eMBB,0,6G_1,6G,0,0.0,0.0,0.0
219,eMBB,1,6G_2,6G,0,0.0,0.0,0.0
219,eMBB,2,WiFi_1,WiFi,0,0.0,0.0,0.0
219,eMBB,3,WiFi_2,WiFi,0,0.0,0.0,0.0
219,eMBB,4,WiFi_3,WiFi,0,0.0,0.0,0.0
219,eMBB,5,WiFi_4,WiFi,0,0.0,0.0,0.0
219,eMBB,6,Satellite_1,Satellite,1,7854488.259848388,1995737.9891404056,1995737.9891404056
219,eMBB,7,Satellite_2,Satellite,0,0.0,0.0,0.0
220,eMBB,0,6G_1,6G,0,0.0,0.0,0.0
220,eMBB,1,6G_2,6G,0,0.0,0.0,0.0
220,eMBB,2,WiFi_1,WiFi,0,0.0,0.0,0.0
220,eMBB,3,WiFi_2,WiFi,0,0.0,0.0,0.0
220,eMBB,4,WiFi_3,WiFi,0,0.0,0.0,0.0
220,eMBB,5,WiFi_4,WiFi,0,0.0,0.0,0.0
220,eMBB,6,Satellite_1,Satellite,1,8692805.280229025,3256607.071998431,3256607.071998431
220,eMBB,7,Satellite_2,Satellite,0,0.0,0.0,0.0
221,eMBB,0,6G_1,6G,0,0.0,0.0,0.0
221,eMBB,1,6G_2,6G,0,0.0,0.0,0.0
221,eMBB,2,WiFi_1,WiFi,0,0.0,0.0,0.0
221,eMBB,3,WiFi_2,WiFi,0,0.0,0.0,0.0
221,eMBB,4,WiFi_3,WiFi,0,0.0,0.0,0.0
221,eMBB,5,WiFi_4,WiFi,0,0.0,0.0,0.0
221,eMBB,6,Satellite_1,Satellite,1,7592412.866022122,1645931.7818950363,1645931.7818950363
221,eMBB,7,Satellite_2,Satellite,0,0.0,0.0,0.0
222,eMBB,0,6G_1,6G,0,0.0,0.0,0.0
222,eMBB,1,6G_2,6G,0,0.0,0.0,0.0
222,eMBB,2,WiFi_1,WiFi,0,0.0,0.0,0.0
222,eMBB,3,WiFi_2,WiFi,0,0.0,0.0,0.0
222,eMBB,4,WiFi_3,WiFi,0,0.0,0.0,0.0
222,eMBB,5,WiFi_4,WiFi,0,0.0,0.0,0.0
222,eMBB,6,Satellite_1,Satellite,1,6162779.490643958,1522626.2663216244,1522626.2663216244
222,eMBB,7,Satellite_2,Satellite,0,0.0,0.0,0.0
223,eMBB,0,6G_1,6G,0,0.0,0.0,0.0
223,eMBB,1,6G_2,6G,0,0.0,0.0,0.0
223,eMBB,2,WiFi_1,WiFi,0,0.0,0.0,0.0
223,eMBB,3,WiFi_2,WiFi,0,0.0,0.0,0.0
223,eMBB,4,WiFi_3,WiFi,0,0.0,0.0,0.0
223,eMBB,5,WiFi_4,WiFi,0,0.0,0.0,0.0
223,eMBB,6,Satellite_1,Satellite,0,0.0,0.0,0.0
223,eMBB,7,Satellite_2,Satellite,1,1914569.0480806704,1914569.0480806704,1914569.0480806704
224,eMBB,0,6G_1,6G,0,0.0,0.0,0.0
224,eMBB,1,6G_2,6G,0,0.0,0.0,0.0
224,eMBB,2,WiFi_1,WiFi,0,0.0,0.0,0.0
224,eMBB,3,WiFi_2,WiFi,0,0.0,0.0,0.0
224,eMBB,4,WiFi_3,WiFi,0,0.0,0.0,0.0
224,eMBB,5,WiFi_4,WiFi,0,0.0,0.0,0.0
224,eMBB,6,Satellite_1,Satellite,0,0.0,0.0,0.0
224,eMBB,7,Satellite_2,Satellite,1,8724823.020039082,2562980.787215406,2562980.787215406
225,eMBB,0,6G_1,6G,0,0.0,0.0,0.0
225,eMBB,1,6G_2,6G,0,0.0,0.0,0.0
225,eMBB,2,WiFi_1,WiFi,0,0.0,0.0,0.0
225,eMBB,3,WiFi_2,WiFi,0,0.0,0.0,0.0
225,eMBB,4,WiFi_3,WiFi,0,0.0,0.0,0.0
225,eMBB,5,WiFi_4,WiFi,0,0.0,0.0,0.0
225,eMBB,6,Satellite_1,Satellite,0,0.0,0.0,0.0
225,eMBB,7,Satellite_2,Satellite,1,3702443.04370528,3511634.96138037,3511634.96138037
226,eMBB,0,6G_1,6G,0,0.0,0.0,0.0
226,eMBB,1,6G_2,6G,0,0.0,0.0,0.0
226,eMBB,2,WiFi_1,WiFi,0,0.0,0.0,0.0
226,eMBB,3,WiFi_2,WiFi,0,0.0,0.0,0.0
226,eMBB,4,WiFi_3,WiFi,0,0.0,0.0,0.0
226,eMBB,5,WiFi_4,WiFi,0,0.0,0.0,0.0
226,eMBB,6,Satellite_1,Satellite,1,4174763.615870115,4151939.607445916,4151939.607445916
226,eMBB,7,Satellite_2,Satellite,0,0.0,0.0,0.0
227,eMBB,0,6G_1,6G,0,0.0,0.0,0.0
227,eMBB,1,6G_2,6G,0,0.0,0.0,0.0
227,eMBB,2,WiFi_1,WiFi,0,0.0,0.0,0.0
227,eMBB,3,WiFi_2,WiFi,0,0.0,0.0,0.0
227,eMBB,4,WiFi_3,WiFi,0,0.0,0.0,0.0
227,eMBB,5,WiFi_4,WiFi,0,0.0,0.0,0.0
227,eMBB,6,Satellite_1,Satellite,0,0.0,0.0,0.0
227,eMBB,7,Satellite_2,Satellite,1,8165389.300100788,2175011.9851505877,2175011.9851505877
228,eMBB,0,6G_1,6G,0,0.0,0.0,0.0
228,eMBB,1,6G_2,6G,0,0.0,0.0,0.0
228,eMBB,2,WiFi_1,WiFi,0,0.0,0.0,0.0
228,eMBB,3,WiFi_2,WiFi,0,0.0,0.0,0.0
228,eMBB,4,WiFi_3,WiFi,0,0.0,0.0,0.0
228,eMBB,5,WiFi_4,WiFi,0,0.0,0.0,0.0
228,eMBB,6,Satellite_1,Satellite,1,4814607.277854957,4814607.277854957,4814607.277854957
228,eMBB,7,Satellite_2,Satellite,0,0.0,0.0,0.0
229,eMBB,0,6G_1,6G,0,0.0,0.0,0.0
229,eMBB,1,6G_2,6G,0,0.0,0.0,0.0
229,eMBB,2,WiFi_1,WiFi,0,0.0,0.0,0.0
229,eMBB,3,WiFi_2,WiFi,0,0.0,0.0,0.0
229,eMBB,4,WiFi_3,WiFi,0,0.0,0.0,0.0
229,eMBB,5,WiFi_4,WiFi,0,0.0,0.0,0.0
229,eMBB,6,Satellite_1,Satellite,0,0.0,0.0,0.0
229,eMBB,7,Satellite_2,Satellite,1,7291012.791455618,5547528.25748865,5547528.25748865
230,eMBB,0,6G_1,6G,0,0.0,0.0,0.0
230,eMBB,1,6G_2,6G,0,0.0,0.0,0.0
230,eMBB,2,WiFi_1,WiFi,0,0.0,0.0,0.0
230,eMBB,3,WiFi_2,WiFi,0,0.0,0.0,0.0
230,eMBB,4,WiFi_3,WiFi,0,0.0,0.0,0.0
230,eMBB,5,WiFi_4,WiFi,0,0.0,0.0,0.0
230,eMBB,6,Satellite_1,Satellite,1,9789575.674916986,2844227.8609163812,2844227.8609163812
230,eMBB,7,Satellite_2,Satellite,0,0.0,0.0,0.0
231,eMBB,0,6G_1,6G,0,0.0,0.0,0.0
231,eMBB,1,6G_2,6G,0,0.0,0.0,0.0
231,eMBB,2,WiFi_1,WiFi,0,0.0,0.0,0.0
231,eMBB,3,WiFi_2,WiFi,0,0.0,0.0,0.0
231,eMBB,4,WiFi_3,WiFi,0,0.0,0.0,0.0
231,eMBB,5,WiFi_4,WiFi,0,0.0,0.0,0.0
231,eMBB,6,Satellite_1,Satellite,0,0.0,0.0,0.0
231,eMBB,7,Satellite_2,Satellite,1,2588932.6520035923,1943710.9691561311,1943710.9691561311
232,eMBB,0,6G_1,6G,0,0.0,0.0,0.0
232,eMBB,1,6G_2,6G,0,0.0,0.0,0.0
232,eMBB,2,WiFi_1,WiFi,0,0.0,0.0,0.0
232,eMBB,3,WiFi_2,WiFi,0,0.0,0.0,0.0
232,eMBB,4,WiFi_3,WiFi,0,0.0,0.0,0.0
232,eMBB,5,WiFi_4,WiFi,0,0.0,0.0,0.0
232,eMBB,6,Satellite_1,Satellite,1,5264240.925034706,2944274.6560772504,2944274.6560772504
232,eMBB,7,Satellite_2,Satellite,0,0.0,0.0,0.0
233,eMBB,0,6G_1,6G,0,0.0,0.0,0.0
233,eMBB,1,6G_2,6G,0,0.0,0.0,0.0
233,eMBB,2,WiFi_1,WiFi,0,0.0,0.0,0.0
233,eMBB,3,WiFi_2,WiFi,0,0.0,0.0,0.0
233,eMBB,4,WiFi_3,WiFi,0,0.0,0.0,0.0
233,eMBB,5,WiFi_4,WiFi,0,0.0,0.0,0.0
233,eMBB,6,Satellite_1,Satellite,0,0.0,0.0,0.0
233,eMBB,7,Satellite_2,Satellite,1,12289877.21229137,1863169.475319414,1863169.475319414
234,eMBB,0,6G_1,6G,0,0.0,0.0,0.0
234,eMBB,1,6G_2,6G,0,0.0,0.0,0.0
234,eMBB,2,WiFi_1,WiFi,0,0.0,0.0,0.0
234,eMBB,3,WiFi_2,WiFi,0,0.0,0.0,0.0
234,eMBB,4,WiFi_3,WiFi,0,0.0,0.0,0.0
234,eMBB,5,WiFi_4,WiFi,0,0.0,0.0,0.0
234,eMBB,6,Satellite_1,Satellite,0,0.0,0.0,0.0
234,eMBB,7,Satellite_2,Satellite,1,6578770.872078936,5470350.065899628,5470350.065899628
235,eMBB,0,6G_1,6G,0,0.0,0.0,0.0
235,eMBB,1,6G_2,6G,0,0.0,0.0,0.0
235,eMBB,2,WiFi_1,WiFi,0,0.0,0.0,0.0
235,eMBB,3,WiFi_2,WiFi,0,0.0,0.0,0.0
235,eMBB,4,WiFi_3,WiFi,0,0.0,0.0,0.0
235,eMBB,5,WiFi_4,WiFi,0,0.0,0.0,0.0
235,eMBB,6,Satellite_1,Satellite,1,3288697.5227252985,3288697.5227252985,3288697.5227252985
235,eMBB,7,Satellite_2,Satellite,0,0.0,0.0,0.0
236,eMBB,0,6G_1,6G,0,0.0,0.0,0.0
236,eMBB,1,6G_2,6G,0,0.0,0.0,0.0
236,eMBB,2,WiFi_1,WiFi,0,0.0,0.0,0.0
236,eMBB,3,WiFi_2,WiFi,0,0.0,0.0,0.0
236,eMBB,4,WiFi_3,WiFi,0,0.0,0.0,0.0
236,eMBB,5,WiFi_4,WiFi,0,0.0,0.0,0.0
236,eMBB,6,Satellite_1,Satellite,1,10499885.637588378,2992402.477387882,2992402.477387882
236,eMBB,7,Satellite_2,Satellite,0,0.0,0.0,0.0
237,eMBB,0,6G_1,6G,0,0.0,0.0,0.0
237,eMBB,1,6G_2,6G,0,0.0,0.0,0.0
237,eMBB,2,WiFi_1,WiFi,0,0.0,0.0,0.0
237,eMBB,3,WiFi_2,WiFi,0,0.0,0.0,0.0
237,eMBB,4,WiFi_3,WiFi,0,0.0,0.0,0.0
237,eMBB,5,WiFi_4,WiFi,0,0.0,0.0,0.0
237,eMBB,6,Satellite_1,Satellite,0,0.0,0.0,0.0
237,eMBB,7,Satellite_2,Satellite,1,5492010.476371445,4074806.3380230647,4074806.3380230647
238,eMBB,0,6G_1,6G,0,0.0,0.0,0.0
238,eMBB,1,6G_2,6G,0,0.0,0.0,0.0
238,eMBB,2,WiFi_1,WiFi,0,0.0,0.0,0.0
238,eMBB,3,WiFi_2,WiFi,0,0.0,0.0,0.0
238,eMBB,4,WiFi_3,WiFi,0,0.0,0.0,0.0
238,eMBB,5,WiFi_4,WiFi,0,0.0,0.0,0.0
238,eMBB,6,Satellite_1,Satellite,1,4089780.1649887078,4089780.1649887078,4089780.1649887078
238,eMBB,7,Satellite_2,Satellite,0,0.0,0.0,0.0
239,eMBB,0,6G_1,6G,0,0.0,0.0,0.0
239,eMBB,1,6G_2,6G,0,0.0,0.0,0.0
239,eMBB,2,WiFi_1,WiFi,0,0.0,0.0,0.0
239,eMBB,3,WiFi_2,WiFi,0,0.0,0.0,0.0
239,eMBB,4,WiFi_3,WiFi,0,0.0,0.0,0.0
239,eMBB,5,WiFi_4,WiFi,0,0.0,0.0,0.0
239,eMBB,6,Satellite_1,Satellite,1,5429284.473633255,4808596.259350581,4808596.259350581
239,eMBB,7,Satellite_2,Satellite,0,0.0,0.0,0.0
240,eMBB,0,6G_1,6G,0,0.0,0.0,0.0
240,eMBB,1,6G_2,6G,0,0.0,0.0,0.0
240,eMBB,2,WiFi_1,WiFi,0,0.0,0.0,0.0
240,eMBB,3,WiFi_2,WiFi,0,0.0,0.0,0.0
240,eMBB,4,WiFi_3,WiFi,0,0.0,0.0,0.0
240,eMBB,5,WiFi_4,WiFi,0,0.0,0.0,0.0
240,eMBB,6,Satellite_1,Satellite,0,0.0,0.0,0.0
240,eMBB,7,Satellite_2,Satellite,1,6823843.396383866,3470239.285924304,3470239.285924304
241,eMBB,0,6G_1,6G,0,0.0,0.0,0.0
241,eMBB,1,6G_2,6G,0,0.0,0.0,0.0
241,eMBB,2,WiFi_1,WiFi,0,0.0,0.0,0.0
241,eMBB,3,WiFi_2,WiFi,0,0.0,0.0,0.0
241,eMBB,4,WiFi_3,WiFi,0,0.0,0.0,0.0
241,eMBB,5,WiFi_4,WiFi,0,0.0,0.0,0.0
241,eMBB,6,Satellite_1,Satellite,0,0.0,0.0,0.0
241,eMBB,7,Satellite_2,Satellite,1,7620602.488338355,2613496.851093804,2613496.851093804
242,eMBB,0,6G_1,6G,0,0.0,0.0,0.0
242,eMBB,1,6G_2,6G,0,0.0,0.0,0.0
242,eMBB,2,WiFi_1,WiFi,0,0.0,0.0,0.0
242,eMBB,3,WiFi_2,WiFi,0,0.0,0.0,0.0
242,eMBB,4,WiFi_3,WiFi,0,0.0,0.0,0.0
242,eMBB,5,WiFi_4,WiFi,0,0.0,0.0,0.0
242,eMBB,6,Satellite_1,Satellite,0,0.0,0.0,0.0
242,eMBB,7,Satellite_2,Satellite,1,3016096.007183682,1841067.3329622152,1841067.3329622152
243,eMBB,0,6G_1,6G,0,0.0,0.0,0.0
243,eMBB,1,6G_2,6G,0,0.0,0.0,0.0
243,eMBB,2,WiFi_1,WiFi,0,0.0,0.0,0.0
243,eMBB,3,WiFi_2,WiFi,0,0.0,0.0,0.0
243,eMBB,4,WiFi_3,WiFi,0,0.0,0.0,0.0
243,eMBB,5,WiFi_4,WiFi,0,0.0,0.0,0.0
243,eMBB,6,Satellite_1,Satellite,1,1951249.9183764588,1951249.918376459,1951249.9183764588
243,eMBB,7,Satellite_2,Satellite,0,0.0,0.0,0.0
244,eMBB,0,6G_1,6G,0,0.0,0.0,0.0
244,eMBB,1,6G_2,6G,0,0.0,0.0,0.0
244,eMBB,2,WiFi_1,WiFi,0,0.0,0.0,0.0
244,eMBB,3,WiFi_2,WiFi,0,0.0,0.0,0.0
244,eMBB,4,WiFi_3,WiFi,0,0.0,0.0,0.0
244,eMBB,5,WiFi_4,WiFi,0,0.0,0.0,0.0
244,eMBB,6,Satellite_1,Satellite,0,0.0,0.0,0.0
244,eMBB,7,Satellite_2,Satellite,1,5907310.233126258,2765234.7719985847,2765234.7719985847
245,eMBB,0,6G_1,6G,0,0.0,0.0,0.0
245,eMBB,1,6G_2,6G,0,0.0,0.0,0.0
245,eMBB,2,WiFi_1,WiFi,0,0.0,0.0,0.0
245,eMBB,3,WiFi_2,WiFi,0,0.0,0.0,0.0
245,eMBB,4,WiFi_3,WiFi,0,0.0,0.0,0.0
245,eMBB,5,WiFi_4,WiFi,0,0.0,0.0,0.0
245,eMBB,6,Satellite_1,Satellite,1,6896204.112878022,3559660.6219419483,3559660.6219419483
245,eMBB,7,Satellite_2,Satellite,0,0.0,0.0,0.0
246,eMBB,0,6G_1,6G,0,0.0,0.0,0.0
246,eMBB,1,6G_2,6G,0,0.0,0.0,0.0
246,eMBB,2,WiFi_1,WiFi,0,0.0,0.0,0.0
246,eMBB,3,WiFi_2,WiFi,0,0.0,0.0,0.0
246,eMBB,4,WiFi_3,WiFi,0,0.0,0.0,0.0
246,eMBB,5,WiFi_4,WiFi,0,0.0,0.0,0.0
246,eMBB,6,Satellite_1,Satellite,0,0.0,0.0,0.0
246,eMBB,7,Satellite_2,Satellite,1,7042750.681517333,2550267.2327435208,2550267.2327435208
247,eMBB,0,6G_1,6G,0,0.0,0.0,0.0
247,eMBB,1,6G_2,6G,0,0.0,0.0,0.0
247,eMBB,2,WiFi_1,WiFi,0,0.0,0.0,0.0
247,eMBB,3,WiFi_2,WiFi,0,0.0,0.0,0.0
247,eMBB,4,WiFi_3,WiFi,0,0.0,0.0,0.0
247,eMBB,5,WiFi_4,WiFi,0,0.0,0.0,0.0
247,eMBB,6,Satellite_1,Satellite,1,3604064.9117509993,3242544.0802189563,3242544.0802189563
247,eMBB,7,Satellite_2,Satellite,0,0.0,0.0,0.0
248,eMBB,0,6G_1,6G,0,0.0,0.0,0.0
248,eMBB,1,6G_2,6G,0,0.0,0.0,0.0
248,eMBB,2,WiFi_1,WiFi,0,0.0,0.0,0.0
248,eMBB,3,WiFi_2,WiFi,0,0.0,0.0,0.0
248,eMBB,4,WiFi_3,WiFi,0,0.0,0.0,0.0
248,eMBB,5,WiFi_4,WiFi,0,0.0,0.0,0.0
248,eMBB,6,Satellite_1,Satellite,0,0.0,0.0,0.0
248,eMBB,7,Satellite_2,Satellite,1,5814116.271591197,2816460.6734973765,2816460.6734973765
249,eMBB,0,6G_1,6G,0,0.0,0.0,0.0
249,eMBB,1,6G_2,6G,0,0.0,0.0,0.0
249,eMBB,2,WiFi_1,WiFi,0,0.0,0.0,0.0
249,eMBB,3,WiFi_2,WiFi,0,0.0,0.0,0.0
249,eMBB,4,WiFi_3,WiFi,0,0.0,0.0,0.0
249,eMBB,5,WiFi_4,WiFi,0,0.0,0.0,0.0
249,eMBB,6,Satellite_1,Satellite,0,0.0,0.0,0.0
249,eMBB,7,Satellite_2,Satellite,1,3340170.5111041367,3340170.5111041367,3340170.5111041367
250,eMBB,0,6G_1,6G,1,40000000.0,40000000.0,40000000.0
250,eMBB,1,6G_2,6G,0,0.0,0.0,0.0
250,eMBB,2,WiFi_1,WiFi,0,0.0,0.0,0.0
250,eMBB,3,WiFi_2,WiFi,0,0.0,0.0,0.0
250,eMBB,4,WiFi_3,WiFi,1,12022171.127871266,20000000.0,12022171.127871266
250,eMBB,5,WiFi_4,WiFi,0,0.0,0.0,0.0
250,eMBB,6,Satellite_1,Satellite,0,0.0,0.0,0.0
250,eMBB,7,Satellite_2,Satellite,0,0.0,0.0,0.0
251,eMBB,0,6G_1,6G,0,0.0,0.0,0.0
251,eMBB,1,6G_2,6G,1,40000000.0,40000000.0,40000000.0
251,eMBB,2,WiFi_1,WiFi,0,0.0,0.0,0.0
251,eMBB,3,WiFi_2,WiFi,0,0.0,0.0,0.0
251,eMBB,4,WiFi_3,WiFi,1,20000000.0,20000000.0,20000000.0
251,eMBB,5,WiFi_4,WiFi,0,0.0,0.0,0.0
251,eMBB,6,Satellite_1,Satellite,0,0.0,0.0,0.0
251,eMBB,7,Satellite_2,Satellite,0,0.0,0.0,0.0
252,eMBB,0,6G_1,6G,0,0.0,0.0,0.0
252,eMBB,1,6G_2,6G,1,40000000.0,40000000.0,40000000.0
252,eMBB,2,WiFi_1,WiFi,0,0.0,0.0,0.0
252,eMBB,3,WiFi_2,WiFi,0,0.0,0.0,0.0
252,eMBB,4,WiFi_3,WiFi,0,0.0,0.0,0.0
252,eMBB,5,WiFi_4,WiFi,1,20000000.0,20000000.0,20000000.0
252,eMBB,6,Satellite_1,Satellite,0,0.0,0.0,0.0
252,eMBB,7,Satellite_2,Satellite,0,0.0,0.0,0.0
253,eMBB,0,6G_1,6G,1,40000000.0,40000000.0,40000000.0
253,eMBB,1,6G_2,6G,0,0.0,0.0,0.0
253,eMBB,2,WiFi_1,WiFi,0,0.0,0.0,0.0
253,eMBB,3,WiFi_2,WiFi,0,0.0,0.0,0.0
253,eMBB,4,WiFi_3,WiFi,0,0.0,0.0,0.0
253,eMBB,5,WiFi_4,WiFi,1,20000000.0,20000000.0,20000000.0
253,eMBB,6,Satellite_1,Satellite,0,0.0,0.0,0.0
253,eMBB,7,Satellite_2,Satellite,0,0.0,0.0,0.0
254,eMBB,0,6G_1,6G,0,0.0,0.0,0.0
254,eMBB,1,6G_2,6G,1,13494972.582036572,40000000.0,13494972.582036572
254,eMBB,2,WiFi_1,WiFi,0,0.0,0.0,0.0
254,eMBB,3,WiFi_2,WiFi,1,20000000.0,20000000.0,20000000.0
254,eMBB,4,WiFi_3,WiFi,0,0.0,0.0,0.0
254,eMBB,5,WiFi_4,WiFi,0,0.0,0.0,0.0
254,eMBB,6,Satellite_1,Satellite,0,0.0,0.0,0.0
254,eMBB,7,Satellite_2,Satellite,0,0.0,0.0,0.0
255,eMBB,0,6G_1,6G,1,40000000.0,40000000.0,40000000.0
255,eMBB,1,6G_2,6G,0,0.0,0.0,0.0
255,eMBB,2,WiFi_1,WiFi,1,20000000.0,20000000.0,20000000.0
255,eMBB,3,WiFi_2,WiFi,0,0.0,0.0,0.0
255,eMBB,4,WiFi_3,WiFi,0,0.0,0.0,0.0
255,eMBB,5,WiFi_4,WiFi,0,0.0,0.0,0.0
255,eMBB,6,Satellite_1,Satellite,0,0.0,0.0,0.0
255,eMBB,7,Satellite_2,Satellite,0,0.0,0.0,0.0
256,eMBB,0,6G_1,6G,0,0.0,0.0,0.0
256,eMBB,1,6G_2,6G,1,40000000.0,40000000.0,40000000.0
256,eMBB,2,WiFi_1,WiFi,0,0.0,0.0,0.0
256,eMBB,3,WiFi_2,WiFi,1,20000000.0,20000000.0,20000000.0
256,eMBB,4,WiFi_3,WiFi,0,0.0,0.0,0.0
256,eMBB,5,WiFi_4,WiFi,0,0.0,0.0,0.0
256,eMBB,6,Satellite_1,Satellite,0,0.0,0.0,0.0
256,eMBB,7,Satellite_2,Satellite,0,0.0,0.0,0.0
257,eMBB,0,6G_1,6G,0,0.0,0.0,0.0
257,eMBB,1,6G_2,6G,1,40000000.0,40000000.0,40000000.0
257,eMBB,2,WiFi_1,WiFi,0,0.0,0.0,0.0
257,eMBB,3,WiFi_2,WiFi,1,16606920.759831516,20000000.0,16606920.759831516
257,eMBB,4,WiFi_3,WiFi,0,0.0,0.0,0.0
257,eMBB,5,WiFi_4,WiFi,0,0.0,0.0,0.0
257,eMBB,6,Satellite_1,Satellite,0,0.0,0.0,0.0
257,eMBB,7,Satellite_2,Satellite,0,0.0,0.0,0.0
258,eMBB,0,6G_1,6G,1,40000000.0,40000000.0,40000000.0
258,eMBB,1,6G_2,6G,0,0.0,0.0,0.0
258,eMBB,2,WiFi_1,WiFi,0,0.0,0.0,0.0
258,eMBB,3,WiFi_2,WiFi,0,0.0,0.0,0.0
258,eMBB,4,WiFi_3,WiFi,0,0.0,0.0,0.0
258,eMBB,5,WiFi_4,WiFi,1,20000000.0,20000000.0,20000000.0
258,eMBB,6,Satellite_1,Satellite,0,0.0,0.0,0.0
258,eMBB,7,Satellite_2,Satellite,0,0.0,0.0,0.0
259,eMBB,0,6G_1,6G,0,0.0,0.0,0.0
259,eMBB,1,6G_2,6G,1,20599005.804943945,40000000.0,20599005.804943945
259,eMBB,2,WiFi_1,WiFi,1,8860616.269736279,20000000.0,8860616.269736279
259,eMBB,3,WiFi_2,WiFi,0,0.0,0.0,0.0
259,eMBB,4,WiFi_3,WiFi,0,0.0,0.0,0.0
259,eMBB,5,WiFi_4,WiFi,0,0.0,0.0,0.0
259,eMBB,6,Satellite_1,Satellite,0,0.0,0.0,0.0
259,eMBB,7,Satellite_2,Satellite,0,0.0,0.0,0.0
260,eMBB,0,6G_1,6G,1,6132657.121204405,40000000.0,6132657.121204405
260,eMBB,1,6G_2,6G,0,0.0,0.0,0.0
260,eMBB,2,WiFi_1,WiFi,0,0.0,0.0,0.0
260,eMBB,3,WiFi_2,WiFi,0,0.0,0.0,0.0
260,eMBB,4,WiFi_3,WiFi,0,0.0,0.0,0.0
260,eMBB,5,WiFi_4,WiFi,1,20000000.0,20000000.0,20000000.0
260,eMBB,6,Satellite_1,Satellite,0,0.0,0.0,0.0
260,eMBB,7,Satellite_2,Satellite,0,0.0,0.0,0.0
261,eMBB,0,6G_1,6G,1,19252914.99653169,40000000.0,19252914.99653169
261,eMBB,1,6G_2,6G,0,0.0,0.0,0.0
261,eMBB,2,WiFi_1,WiFi,1,20000000.0,20000000.0,20000000.0
261,eMBB,3,WiFi_2,WiFi,0,0.0,0.0,0.0
261,eMBB,4,WiFi_3,WiFi,0,0.0,0.0,0.0
261,eMBB,5,WiFi_4,WiFi,0,0.0,0.0,0.0
261,eMBB,6,Satellite_1,Satellite,0,0.0,0.0,0.0
261,eMBB,7,Satellite_2,Satellite,0,0.0,0.0,0.0
262,eMBB,0,6G_1,6G,1,40000000.0,40000000.0,40000000.0
262,eMBB,1,6G_2,6G,0,0.0,0.0,0.0
262,eMBB,2,WiFi_1,WiFi,0,0.0,0.0,0.0
262,eMBB,3,WiFi_2,WiFi,1,7091766.144018073,20000000.0,7091766.144018073
262,eMBB,4,WiFi_3,WiFi,0,0.0,0.0,0.0
262,eMBB,5,WiFi_4,WiFi,0,0.0,0.0,0.0
262,eMBB,6,Satellite_1,Satellite,0,0.0,0.0,0.0
262,eMBB,7,Satellite_2,Satellite,0,0.0,0.0,0.0
263,eMBB,0,6G_1,6G,0,0.0,0.0,0.0
263,eMBB,1,6G_2,6G,1,40000000.0,40000000.0,40000000.0
263,eMBB,2,WiFi_1,WiFi,1,20000000.0,20000000.0,20000000.0
263,eMBB,3,WiFi_2,WiFi,0,0.0,0.0,0.0
263,eMBB,4,WiFi_3,WiFi,0,0.0,0.0,0.0
263,eMBB,5,WiFi_4,WiFi,0,0.0,0.0,0.0
263,eMBB,6,Satellite_1,Satellite,0,0.0,0.0,0.0
263,eMBB,7,Satellite_2,Satellite,0,0.0,0.0,0.0
264,eMBB,0,6G_1,6G,1,4085042.7472741078,40000000.0,4085042.7472741078
264,eMBB,1,6G_2,6G,0,0.0,0.0,0.0
264,eMBB,2,WiFi_1,WiFi,0,0.0,0.0,0.0
264,eMBB,3,WiFi_2,WiFi,0,0.0,0.0,0.0
264,eMBB,4,WiFi_3,WiFi,1,18301803.919364627,20000000.0,18301803.919364627
264,eMBB,5,WiFi_4,WiFi,0,0.0,0.0,0.0
264,eMBB,6,Satellite_1,Satellite,0,0.0,0.0,0.0
264,eMBB,7,Satellite_2,Satellite,0,0.0,0.0,0.0
265,eMBB,0,6G_1,6G,1,36340976.81637969,40000000.0,36340976.81637969
265,eMBB,1,6G_2,6G,0,0.0,0.0,0.0
265,eMBB,2,WiFi_1,WiFi,0,0.0,0.0,0.0
265,eMBB,3,WiFi_2,WiFi,0,0.0,0.0,0.0
265,eMBB,4,WiFi_3,WiFi,1,20000000.0,20000000.0,20000000.0
265,eMBB,5,WiFi_4,WiFi,0,0.0,0.0,0.0
265,eMBB,6,Satellite_1,Satellite,0,0.0,0.0,0.0
265,eMBB,7,Satellite_2,Satellite,0,0.0,0.0,0.0
266,eMBB,0,6G_1,6G,0,0.0,0.0,0.0
266,eMBB,1,6G_2,6G,1,13361803.814169591,40000000.0,13361803.814169591
266,eMBB,2,WiFi_1,WiFi,0,0.0,0.0,0.0
266,eMBB,3,WiFi_2,WiFi,0,0.0,0.0,0.0
266,eMBB,4,WiFi_3,WiFi,0,0.0,0.0,0.0
266,eMBB,5,WiFi_4,WiFi,1,20000000.0,20000000.0,20000000.0
266,eMBB,6,Satellite_1,Satellite,0,0.0,0.0,0.0
266,eMBB,7,Satellite_2,Satellite,0,0.0,0.0,0.0
267,eMBB,0,6G_1,6G,1,27933350.74358497,40000000.0,27933350.74358497
267,eMBB,1,6G_2,6G,0,0.0,0.0,0.0
267,eMBB,2,WiFi_1,WiFi,0,0.0,0.0,0.0
267,eMBB,3,WiFi_2,WiFi,0,0.0,0.0,0.0
267,eMBB,4,WiFi_3,WiFi,1,13645210.470673231,20000000.0,13645210.470673231
267,eMBB,5,WiFi_4,WiFi,0,0.0,0.0,0.0
267,eMBB,6,Satellite_1,Satellite,0,0.0,0.0,0.0
267,eMBB,7,Satellite_2,Satellite,0,0.0,0.0,0.0
268,eMBB,0,6G_1,6G,0,0.0,0.0,0.0
268,eMBB,1,6G_2,6G,1,40000000.0,40000000.0,40000000.0
268,eMBB,2,WiFi_1,WiFi,1,14922967.673914589,20000000.0,14922967.673914589
268,eMBB,3,WiFi_2,WiFi,0,0.0,0.0,0.0
268,eMBB,4,WiFi_3,WiFi,0,0.0,0.0,0.0
268,eMBB,5,WiFi_4,WiFi,0,0.0,0.0,0.0
268,eMBB,6,Satellite_1,Satellite,0,0.0,0.0,0.0
268,eMBB,7,Satellite_2,Satellite,0,0.0,0.0,0.0
269,eMBB,0,6G_1,6G,0,0.0,0.0,0.0
269,eMBB,1,6G_2,6G,1,40000000.0,40000000.0,40000000.0
269,eMBB,2,WiFi_1,WiFi,1,20000000.0,20000000.0,20000000.0
269,eMBB,3,WiFi_2,WiFi,0,0.0,0.0,0.0
269,eMBB,4,WiFi_3,WiFi,0,0.0,0.0,0.0
269,eMBB,5,WiFi_4,WiFi,0,0.0,0.0,0.0
269,eMBB,6,Satellite_1,Satellite,0,0.0,0.0,0.0
269,eMBB,7,Satellite_2,Satellite,0,0.0,0.0,0.0
270,eMBB,0,6G_1,6G,1,2803471.5658011315,40000000.0,2803471.5658011315
270,eMBB,1,6G_2,6G,0,0.0,0.0,0.0
270,eMBB,2,WiFi_1,WiFi,1,20000000.0,20000000.0,20000000.0
270,eMBB,3,WiFi_2,WiFi,0,0.0,0.0,0.0
270,eMBB,4,WiFi_3,WiFi,0,0.0,0.0,0.0
270,eMBB,5,WiFi_4,WiFi,0,0.0,0.0,0.0
270,eMBB,6,Satellite_1,Satellite,0,0.0,0.0,0.0
270,eMBB,7,Satellite_2,Satellite,0,0.0,0.0,0.0
271,eMBB,0,6G_1,6G,1,40000000.0,40000000.0,40000000.0
271,eMBB,1,6G_2,6G,0,0.0,0.0,0.0
271,eMBB,2,WiFi_1,WiFi,0,0.0,0.0,0.0
271,eMBB,3,WiFi_2,WiFi,1,6342836.648583015,20000000.0,6342836.648583015
271,eMBB,4,WiFi_3,WiFi,0,0.0,0.0,0.0
271,eMBB,5,WiFi_4,WiFi,0,0.0,0.0,0.0
271,eMBB,6,Satellite_1,Satellite,0,0.0,0.0,0.0
271,eMBB,7,Satellite_2,Satellite,0,0.0,0.0,0.0
272,eMBB,0,6G_1,6G,0,0.0,0.0,0.0
272,eMBB,1,6G_2,6G,1,24787315.381355226,40000000.0,24787315.381355226
272,eMBB,2,WiFi_1,WiFi,0,0.0,0.0,0.0
272,eMBB,3,WiFi_2,WiFi,0,0.0,0.0,0.0
272,eMBB,4,WiFi_3,WiFi,0,0.0,0.0,0.0
272,eMBB,5,WiFi_4,WiFi,1,20000000.0,20000000.0,20000000.0
272,eMBB,6,Satellite_1,Satellite,0,0.0,0.0,0.0
272,eMBB,7,Satellite_2,Satellite,0,0.0,0.0,0.0
273,eMBB,0,6G_1,6G,0,0.0,0.0,0.0
273,eMBB,1,6G_2,6G,1,40000000.0,40000000.0,40000000.0
273,eMBB,2,WiFi_1,WiFi,0,0.0,0.0,0.0
273,eMBB,3,WiFi_2,WiFi,0,0.0,0.0,0.0
273,eMBB,4,WiFi_3,WiFi,0,0.0,0.0,0.0
273,eMBB,5,WiFi_4,WiFi,1,20000000.0,20000000.0,20000000.0
273,eMBB,6,Satellite_1,Satellite,0,0.0,0.0,0.0
273,eMBB,7,Satellite_2,Satellite,0,0.0,0.0,0.0
274,eMBB,0,6G_1,6G,1,40000000.0,40000000.0,40000000.0
274,eMBB,1,6G_2,6G,0,0.0,0.0,0.0
274,eMBB,2,WiFi_1,WiFi,0,0.0,0.0,0.0
274,eMBB,3,WiFi_2,WiFi,1,20000000.0,20000000.0,20000000.0
274,eMBB,4,WiFi_3,WiFi,0,0.0,0.0,0.0
274,eMBB,5,WiFi_4,WiFi,0,0.0,0.0,0.0
274,eMBB,6,Satellite_1,Satellite,0,0.0,0.0,0.0
274,eMBB,7,Satellite_2,Satellite,0,0.0,0.0,0.0
275,eMBB,0,6G_1,6G,0,0.0,0.0,0.0
275,eMBB,1,6G_2,6G,1,30478320.151944824,40000000.0,30478320.151944824
275,eMBB,2,WiFi_1,WiFi,0,0.0,0.0,0.0
275,eMBB,3,WiFi_2,WiFi,0,0.0,0.0,0.0
275,eMBB,4,WiFi_3,WiFi,0,0.0,0.0,0.0
275,eMBB,5,WiFi_4,WiFi,1,6128266.4527673265,20000000.0,6128266.4527673265
275,eMBB,6,Satellite_1,Satellite,0,0.0,0.0,0.0
275,eMBB,7,Satellite_2,Satellite,0,0.0,0.0,0.0
276,eMBB,0,6G_1,6G,0,0.0,0.0,0.0
276,eMBB,1,6G_2,6G,1,10807915.877997661,40000000.0,10807915.877997661
276,eMBB,2,WiFi_1,WiFi,1,20000000.0,20000000.0,20000000.0
276,eMBB,3,WiFi_2,WiFi,0,0.0,0.0,0.0
276,eMBB,4,WiFi_3,WiFi,0,0.0,0.0,0.0
276,eMBB,5,WiFi_4,WiFi,0,0.0,0.0,0.0
276,eMBB,6,Satellite_1,Satellite,0,0.0,0.0,0.0
276,eMBB,7,Satellite_2,Satellite,0,0.0,0.0,0.0
277,eMBB,0,6G_1,6G,1,24460696.80041208,40000000.0,24460696.80041208
277,eMBB,1,6G_2,6G,0,0.0,0.0,0.0
277,eMBB,2,WiFi_1,WiFi,0,0.0,0.0,0.0
277,eMBB,3,WiFi_2,WiFi,0,0.0,0.0,0.0
277,eMBB,4,WiFi_3,WiFi,0,0.0,0.0,0.0
277,eMBB,5,WiFi_4,WiFi,1,7004167.218495059,20000000.0,7004167.218495059
277,eMBB,6,Satellite_1,Satellite,0,0.0,0.0,0.0
277,eMBB,7,Satellite_2,Satellite,0,0.0,0.0,0.0
278,eMBB,0,6G_1,6G,1,40000000.0,40000000.0,40000000.0
278,eMBB,1,6G_2,6G,0,0.0,0.0,0.0
278,eMBB,2,WiFi_1,WiFi,1,19999999.999999996,20000000.0,19999999.999999996
278,eMBB,3,WiFi_2,WiFi,0,0.0,0.0,0.0
278,eMBB,4,WiFi_3,WiFi,0,0.0,0.0,0.0
278,eMBB,5,WiFi_4,WiFi,0,0.0,0.0,0.0
278,eMBB,6,Satellite_1,Satellite,0,0.0,0.0,0.0
278,eMBB,7,Satellite_2,Satellite,0,0.0,0.0,0.0
279,eMBB,0,6G_1,6G,0,0.0,0.0,0.0
279,eMBB,1,6G_2,6G,1,40000000.0,40000000.0,40000000.0
279,eMBB,2,WiFi_1,WiFi,0,0.0,0.0,0.0
279,eMBB,3,WiFi_2,WiFi,0,0.0,0.0,0.0
279,eMBB,4,WiFi_3,WiFi,1,15117212.1466081,20000000.0,15117212.1466081
279,eMBB,5,WiFi_4,WiFi,0,0.0,0.0,0.0
279,eMBB,6,Satellite_1,Satellite,0,0.0,0.0,0.0
279,eMBB,7,Satellite_2,Satellite,0,0.0,0.0,0.0
280,eMBB,0,6G_1,6G,1,40000000.0,40000000.0,40000000.0
280,eMBB,1,6G_2,6G,0,0.0,0.0,0.0
280,eMBB,2,WiFi_1,WiFi,0,0.0,0.0,0.0
280,eMBB,3,WiFi_2,WiFi,0,0.0,0.0,0.0
280,eMBB,4,WiFi_3,WiFi,0,0.0,0.0,0.0
280,eMBB,5,WiFi_4,WiFi,1,20000000.0,20000000.0,20000000.0
280,eMBB,6,Satellite_1,Satellite,0,0.0,0.0,0.0
280,eMBB,7,Satellite_2,Satellite,0,0.0,0.0,0.0
281,eMBB,0,6G_1,6G,0,0.0,0.0,0.0
281,eMBB,1,6G_2,6G,1,40000000.0,40000000.0,40000000.0
281,eMBB,2,WiFi_1,WiFi,0,0.0,0.0,0.0
281,eMBB,3,WiFi_2,WiFi,1,16228342.054428924,20000000.0,16228342.054428924
281,eMBB,4,WiFi_3,WiFi,0,0.0,0.0,0.0
281,eMBB,5,WiFi_4,WiFi,0,0.0,0.0,0.0
281,eMBB,6,Satellite_1,Satellite,0,0.0,0.0,0.0
281,eMBB,7,Satellite_2,Satellite,0,0.0,0.0,0.0
282,eMBB,0,6G_1,6G,0,0.0,0.0,0.0
282,eMBB,1,6G_2,6G,1,40000000.0,40000000.0,40000000.0
282,eMBB,2,WiFi_1,WiFi,0,0.0,0.0,0.0
282,eMBB,3,WiFi_2,WiFi,0,0.0,0.0,0.0
282,eMBB,4,WiFi_3,WiFi,1,7369042.893935235,20000000.0,7369042.893935235
282,eMBB,5,WiFi_4,WiFi,0,0.0,0.0,0.0
282,eMBB,6,Satellite_1,Satellite,0,0.0,0.0,0.0
282,eMBB,7,Satellite_2,Satellite,0,0.0,0.0,0.0
283,eMBB,0,6G_1,6G,0,0.0,0.0,0.0
283,eMBB,1,6G_2,6G,1,40000000.0,40000000.0,40000000.0
283,eMBB,2,WiFi_1,WiFi,0,0.0,0.0,0.0
283,eMBB,3,WiFi_2,WiFi,1,17817008.649196655,20000000.0,17817008.649196655
283,eMBB,4,WiFi_3,WiFi,0,0.0,0.0,0.0
283,eMBB,5,WiFi_4,WiFi,0,0.0,0.0,0.0
283,eMBB,6,Satellite_1,Satellite,0,0.0,0.0,0.0
283,eMBB,7,Satellite_2,Satellite,0,0.0,0.0,0.0
284,eMBB,0,6G_1,6G,0,0.0,0.0,0.0
284,eMBB,1,6G_2,6G,1,11146581.736460779,40000000.0,11146581.736460779
284,eMBB,2,WiFi_1,WiFi,0,0.0,0.0,0.0
284,eMBB,3,WiFi_2,WiFi,1,20000000.0,20000000.0,20000000.0
284,eMBB,4,WiFi_3,WiFi,0,0.0,0.0,0.0
284,eMBB,5,WiFi_4,WiFi,0,0.0,0.0,0.0
284,eMBB,6,Satellite_1,Satellite,0,0.0,0.0,0.0
284,eMBB,7,Satellite_2,Satellite,0,0.0,0.0,0.0
285,eMBB,0,6G_1,6G,1,40000000.0,40000000.0,40000000.0
285,eMBB,1,6G_2,6G,0,0.0,0.0,0.0
285,eMBB,2,WiFi_1,WiFi,0,0.0,0.0,0.0
285,eMBB,3,WiFi_2,WiFi,0,0.0,0.0,0.0
285,eMBB,4,WiFi_3,WiFi,0,0.0,0.0,0.0
285,eMBB,5,WiFi_4,WiFi,1,20000000.0,20000000.0,20000000.0
285,eMBB,6,Satellite_1,Satellite,0,0.0,0.0,0.0
285,eMBB,7,Satellite_2,Satellite,0,0.0,0.0,0.0
286,eMBB,0,6G_1,6G,0,0.0,0.0,0.0
286,eMBB,1,6G_2,6G,1,30081294.099114884,40000000.0,30081294.099114884
286,eMBB,2,WiFi_1,WiFi,1,20000000.0,20000000.0,20000000.0
286,eMBB,3,WiFi_2,WiFi,0,0.0,0.0,0.0
286,eMBB,4,WiFi_3,WiFi,0,0.0,0.0,0.0
286,eMBB,5,WiFi_4,WiFi,0,0.0,0.0,0.0
286,eMBB,6,Satellite_1,Satellite,0,0.0,0.0,0.0
286,eMBB,7,Satellite_2,Satellite,0,0.0,0.0,0.0
287,eMBB,0,6G_1,6G,1,40000000.0,40000000.0,40000000.0
287,eMBB,1,6G_2,6G,0,0.0,0.0,0.0
287,eMBB,2,WiFi_1,WiFi,0,0.0,0.0,0.0
287,eMBB,3,WiFi_2,WiFi,0,0.0,0.0,0.0
287,eMBB,4,WiFi_3,WiFi,0,0.0,0.0,0.0
287,eMBB,5,WiFi_4,WiFi,1,20000000.0,20000000.0,20000000.0
287,eMBB,6,Satellite_1,Satellite,0,0.0,0.0,0.0
287,eMBB,7,Satellite_2,Satellite,0,0.0,0.0,0.0
288,eMBB,0,6G_1,6G,0,0.0,0.0,0.0
288,eMBB,1,6G_2,6G,1,40000000.0,40000000.0,40000000.0
288,eMBB,2,WiFi_1,WiFi,1,19887306.731911764,20000000.0,19887306.731911764
288,eMBB,3,WiFi_2,WiFi,0,0.0,0.0,0.0
288,eMBB,4,WiFi_3,WiFi,0,0.0,0.0,0.0
288,eMBB,5,WiFi_4,WiFi,0,0.0,0.0,0.0
288,eMBB,6,Satellite_1,Satellite,0,0.0,0.0,0.0
288,eMBB,7,Satellite_2,Satellite,0,0.0,0.0,0.0
289,eMBB,0,6G_1,6G,0,0.0,0.0,0.0
289,eMBB,1,6G_2,6G,1,40000000.0,40000000.0,40000000.0
289,eMBB,2,WiFi_1,WiFi,0,0.0,0.0,0.0
289,eMBB,3,WiFi_2,WiFi,0,0.0,0.0,0.0
289,eMBB,4,WiFi_3,WiFi,0,0.0,0.0,0.0
289,eMBB,5,WiFi_4,WiFi,1,6549019.913582822,20000000.0,6549019.913582822
289,eMBB,6,Satellite_1,Satellite,0,0.0,0.0,0.0
289,eMBB,7,Satellite_2,Satellite,0,0.0,0.0,0.0
290,eMBB,0,6G_1,6G,1,40000000.0,40000000.0,40000000.0
290,eMBB,1,6G_2,6G,0,0.0,0.0,0.0
290,eMBB,2,WiFi_1,WiFi,0,0.0,0.0,0.0
290,eMBB,3,WiFi_2,WiFi,1,12925813.91619619,20000000.0,12925813.91619619
290,eMBB,4,WiFi_3,WiFi,0,0.0,0.0,0.0
290,eMBB,5,WiFi_4,WiFi,0,0.0,0.0,0.0
290,eMBB,6,Satellite_1,Satellite,0,0.0,0.0,0.0
290,eMBB,7,Satellite_2,Satellite,0,0.0,0.0,0.0
291,eMBB,0,6G_1,6G,1,40000000.0,40000000.0,40000000.0
291,eMBB,1,6G_2,6G,0,0.0,0.0,0.0
291,eMBB,2,WiFi_1,WiFi,0,0.0,0.0,0.0
291,eMBB,3,WiFi_2,WiFi,0,0.0,0.0,0.0
291,eMBB,4,WiFi_3,WiFi,1,20000000.0,20000000.0,20000000.0
291,eMBB,5,WiFi_4,WiFi,0,0.0,0.0,0.0
291,eMBB,6,Satellite_1,Satellite,0,0.0,0.0,0.0
291,eMBB,7,Satellite_2,Satellite,0,0.0,0.0,0.0
292,eMBB,0,6G_1,6G,0,0.0,0.0,0.0
292,eMBB,1,6G_2,6G,1,22989195.78133885,40000000.0,22989195.78133885
292,eMBB,2,WiFi_1,WiFi,0,0.0,0.0,0.0
292,eMBB,3,WiFi_2,WiFi,1,18224810.937640414,20000000.0,18224810.937640414
292,eMBB,4,WiFi_3,WiFi,0,0.0,0.0,0.0
292,eMBB,5,WiFi_4,WiFi,0,0.0,0.0,0.0
292,eMBB,6,Satellite_1,Satellite,0,0.0,0.0,0.0
292,eMBB,7,Satellite_2,Satellite,0,0.0,0.0,0.0
293,eMBB,0,6G_1,6G,1,40000000.0,40000000.0,40000000.0
293,eMBB,1,6G_2,6G,0,0.0,0.0,0.0
293,eMBB,2,WiFi_1,WiFi,1,20000000.0,20000000.0,20000000.0
293,eMBB,3,WiFi_2,WiFi,0,0.0,0.0,0.0
293,eMBB,4,WiFi_3,WiFi,0,0.0,0.0,0.0
293,eMBB,5,WiFi_4,WiFi,0,0.0,0.0,0.0
293,eMBB,6,Satellite_1,Satellite,0,0.0,0.0,0.0
293,eMBB,7,Satellite_2,Satellite,0,0.0,0.0,0.0
294,eMBB,0,6G_1,6G,0,0.0,0.0,0.0
294,eMBB,1,6G_2,6G,1,40000000.0,40000000.0,40000000.0
294,eMBB,2,WiFi_1,WiFi,1,3451999.831242524,20000000.0,3451999.831242524
294,eMBB,3,WiFi_2,WiFi,0,0.0,0.0,0.0
294,eMBB,4,WiFi_3,WiFi,0,0.0,0.0,0.0
294,eMBB,5,WiFi_4,WiFi,0,0.0,0.0,0.0
294,eMBB,6,Satellite_1,Satellite,0,0.0,0.0,0.0
294,eMBB,7,Satellite_2,Satellite,0,0.0,0.0,0.0
295,eMBB,0,6G_1,6G,0,0.0,0.0,0.0
295,eMBB,1,6G_2,6G,1,22972122.8421172,40000000.0,22972122.8421172
295,eMBB,2,WiFi_1,WiFi,0,0.0,0.0,0.0
295,eMBB,3,WiFi_2,WiFi,1,20000000.0,20000000.0,20000000.0
295,eMBB,4,WiFi_3,WiFi,0,0.0,0.0,0.0
295,eMBB,5,WiFi_4,WiFi,0,0.0,0.0,0.0
295,eMBB,6,Satellite_1,Satellite,0,0.0,0.0,0.0
295,eMBB,7,Satellite_2,Satellite,0,0.0,0.0,0.0
296,eMBB,0,6G_1,6G,0,0.0,0.0,0.0
296,eMBB,1,6G_2,6G,1,32897472.70419297,40000000.0,32897472.70419297
296,eMBB,2,WiFi_1,WiFi,0,0.0,0.0,0.0
296,eMBB,3,WiFi_2,WiFi,1,19273632.779472608,20000000.0,19273632.779472608
296,eMBB,4,WiFi_3,WiFi,0,0.0,0.0,0.0
296,eMBB,5,WiFi_4,WiFi,0,0.0,0.0,0.0
296,eMBB,6,Satellite_1,Satellite,0,0.0,0.0,0.0
296,eMBB,7,Satellite_2,Satellite,0,0.0,0.0,0.0
297,eMBB,0,6G_1,6G,0,0.0,0.0,0.0
297,eMBB,1,6G_2,6G,1,40000000.0,40000000.0,40000000.0
297,eMBB,2,WiFi_1,WiFi,1,15172182.144639345,20000000.0,15172182.144639345
297,eMBB,3,WiFi_2,WiFi,0,0.0,0.0,0.0
297,eMBB,4,WiFi_3,WiFi,0,0.0,0.0,0.0
297,eMBB,5,WiFi_4,WiFi,0,0.0,0.0,0.0
297,eMBB,6,Satellite_1,Satellite,0,0.0,0.0,0.0
297,eMBB,7,Satellite_2,Satellite,0,0.0,0.0,0.0
298,eMBB,0,6G_1,6G,1,28830009.232017573,40000000.0,28830009.232017573
298,eMBB,1,6G_2,6G,0,0.0,0.0,0.0
298,eMBB,2,WiFi_1,WiFi,1,11418300.277645482,20000000.0,11418300.277645482
298,eMBB,3,WiFi_2,WiFi,0,0.0,0.0,0.0
298,eMBB,4,WiFi_3,WiFi,0,0.0,0.0,0.0
298,eMBB,5,WiFi_4,WiFi,0,0.0,0.0,0.0
298,eMBB,6,Satellite_1,Satellite,0,0.0,0.0,0.0
298,eMBB,7,Satellite_2,Satellite,0,0.0,0.0,0.0
299,eMBB,0,6G_1,6G,0,0.0,0.0,0.0
299,eMBB,1,6G_2,6G,1,37105386.58659152,40000000.0,37105386.58659152
299,eMBB,2,WiFi_1,WiFi,1,20000000.0,20000000.0,20000000.0
299,eMBB,3,WiFi_2,WiFi,0,0.0,0.0,0.0
299,eMBB,4,WiFi_3,WiFi,0,0.0,0.0,0.0
299,eMBB,5,WiFi_4,WiFi,0,0.0,0.0,0.0
299,eMBB,6,Satellite_1,Satellite,0,0.0,0.0,0.0
299,eMBB,7,Satellite_2,Satellite,0,0.0,0.0,0.0
