user_id,user_type,rat_id,rat_name,rat_type,selected,uplink_rate,downlink_rate,effective_e2e_rate
0,URLLC,0,6G_1,6G,0,0.0,0.0,0.0
0,URLLC,1,6G_2,6G,1,36925257.93815487,40000000.0,36925257.93815487
0,URLLC,2,WiFi_1,WiFi,0,0.0,0.0,0.0
0,URLLC,3,WiFi_2,WiFi,0,0.0,0.0,0.0
0,URLLC,4,WiFi_3,WiFi,0,0.0,0.0,0.0
0,URLLC,5,WiFi_4,WiFi,0,0.0,0.0,0.0
0,URLLC,6,Satellite_1,Satellite,0,0.0,0.0,0.0
0,URLLC,7,Satellite_2,Satellite,0,0.0,0.0,0.0
1,URLLC,0,6G_1,6G,1,31614930.853675958,40000000.0,31614930.853675958
1,URLLC,1,6G_2,6G,0,0.0,0.0,0.0
1,URLLC,2,WiFi_1,WiFi,0,0.0,0.0,0.0
1,URLLC,3,WiFi_2,WiFi,0,0.0,0.0,0.0
1,URLLC,4,WiFi_3,WiFi,0,0.0,0.0,0.0
1,URLLC,5,WiFi_4,WiFi,0,0.0,0.0,0.0
1,URLLC,6,Satellite_1,Satellite,0,0.0,0.0,0.0
1,URLLC,7,Satellite_2,Satellite,0,0.0,0.0,0.0
2,URLLC,0,6G_1,6G,0,0.0,0.0,0.0
2,URLLC,1,6G_2,6G,0,0.0,0.0,0.0
2,URLLC,2,WiFi_1,WiFi,1,44125837.1288648,20000000.0,20000000.0
2,URLLC,3,WiFi_2,WiFi,0,0.0,0.0,0.0
2,URLLC,4,WiFi_3,WiFi,0,0.0,0.0,0.0
2,URLLC,5,WiFi_4,WiFi,0,0.0,0.0,0.0
2,URLLC,6,Satellite_1,Satellite,0,0.0,0.0,0.0
2,URLLC,7,Satellite_2,Satellite,0,0.0,0.0,0.0
3,URLLC,0,6G_1,6G,0,0.0,0.0,0.0
3,URLLC,1,6G_2,6G,1,26810905.798670482,40000000.0,26810905.798670482
3,URLLC,2,WiFi_1,WiFi,0,0.0,0.0,0.0
3,URLLC,3,WiFi_2,WiFi,0,0.0,0.0,0.0
3,URLLC,4,WiFi_3,WiFi,0,0.0,0.0,0.0
3,URLLC,5,WiFi_4,WiFi,0,0.0,0.0,0.0
3,URLLC,6,Satellite_1,Satellite,0,0.0,0.0,0.0
3,URLLC,7,Satellite_2,Satellite,0,0.0,0.0,0.0
4,URLLC,0,6G_1,6G,1,29797617.16028527,40000000.0,29797617.16028527
4,URLLC,1,6G_2,6G,0,0.0,0.0,0.0
4,URLLC,2,WiFi_1,WiFi,0,0.0,0.0,0.0
4,URLLC,3,WiFi_2,WiFi,0,0.0,0.0,0.0
4,URLLC,4,WiFi_3,WiFi,0,0.0,0.0,0.0
4,URLLC,5,WiFi_4,WiFi,0,0.0,0.0,0.0
4,URLLC,6,Satellite_1,Satellite,0,0.0,0.0,0.0
4,URLLC,7,Satellite_2,Satellite,0,0.0,0.0,0.0
5,URLLC,0,6G_1,6G,1,35880441.85303224,40000000.0,35880441.85303224
5,URLLC,1,6G_2,6G,0,0.0,0.0,0.0
5,URLLC,2,WiFi_1,WiFi,0,0.0,0.0,0.0
5,URLLC,3,WiFi_2,WiFi,0,0.0,0.0,0.0
5,URLLC,4,WiFi_3,WiFi,0,0.0,0.0,0.0
5,URLLC,5,WiFi_4,WiFi,0,0.0,0.0,0.0
5,URLLC,6,Satellite_1,Satellite,0,0.0,0.0,0.0
5,URLLC,7,Satellite_2,Satellite,0,0.0,0.0,0.0
6,URLLC,0,6G_1,6G,0,0.0,0.0,0.0
6,URLLC,1,6G_2,6G,1,75247185.3959404,40000000.0,40000000.0
6,URLLC,2,WiFi_1,WiFi,0,0.0,0.0,0.0
6,URLLC,3,WiFi_2,WiFi,0,0.0,0.0,0.0
6,URLLC,4,WiFi_3,WiFi,0,0.0,0.0,0.0
6,URLLC,5,WiFi_4,WiFi,0,0.0,0.0,0.0
6,URLLC,6,Satellite_1,Satellite,0,0.0,0.0,0.0
6,URLLC,7,Satellite_2,Satellite,0,0.0,0.0,0.0
7,URLLC,0,6G_1,6G,0,0.0,0.0,0.0
7,URLLC,1,6G_2,6G,0,0.0,0.0,0.0
7,URLLC,2,WiFi_1,WiFi,0,0.0,0.0,0.0
7,URLLC,3,WiFi_2,WiFi,0,0.0,0.0,0.0
7,URLLC,4,WiFi_3,WiFi,1,17678677.05169495,20000000.0,17678677.05169495
7,URLLC,5,WiFi_4,WiFi,0,0.0,0.0,0.0
7,URLLC,6,Satellite_1,Satellite,0,0.0,0.0,0.0
7,URLLC,7,Satellite_2,Satellite,0,0.0,0.0,0.0
8,URLLC,0,6G_1,6G,0,0.0,0.0,0.0
8,URLLC,1,6G_2,6G,1,60753673.88625305,40000000.0,40000000.0
8,URLLC,2,WiFi_1,WiFi,0,0.0,0.0,0.0
8,URLLC,3,WiFi_2,WiFi,0,0.0,0.0,0.0
8,URLLC,4,WiFi_3,WiFi,0,0.0,0.0,0.0
8,URLLC,5,WiFi_4,WiFi,0,0.0,0.0,0.0
8,URLLC,6,Satellite_1,Satellite,0,0.0,0.0,0.0
8,URLLC,7,Satellite_2,Satellite,0,0.0,0.0,0.0
9,URLLC,0,6G_1,6G,1,43558498.67955351,40000000.0,40000000.0
9,URLLC,1,6G_2,6G,0,0.0,0.0,0.0
9,URLLC,2,WiFi_1,WiFi,0,0.0,0.0,0.0
9,URLLC,3,WiFi_2,WiFi,0,0.0,0.0,0.0
9,URLLC,4,WiFi_3,WiFi,0,0.0,0.0,0.0
9,URLLC,5,WiFi_4,WiFi,0,0.0,0.0,0.0
9,URLLC,6,Satellite_1,Satellite,0,0.0,0.0,0.0
9,URLLC,7,Satellite_2,Satellite,0,0.0,0.0,0.0
10,URLLC,0,6G_1,6G,0,0.0,0.0,0.0
10,URLLC,1,6G_2,6G,1,52235133.57407202,40000000.0,40000000.0
10,URLLC,2,WiFi_1,WiFi,0,0.0,0.0,0.0
10,URLLC,3,WiFi_2,WiFi,0,0.0,0.0,0.0
10,URLLC,4,WiFi_3,WiFi,0,0.0,0.0,0.0
10,URLLC,5,WiFi_4,WiFi,0,0.0,0.0,0.0
10,URLLC,6,Satellite_1,Satellite,0,0.0,0.0,0.0
10,URLLC,7,Satellite_2,Satellite,0,0.0,0.0,0.0
11,URLLC,0,6G_1,6G,1,47527709.4377538,40000000.0,40000000.0
11,URLLC,1,6G_2,6G,0,0.0,0.0,0.0
11,URLLC,2,WiFi_1,WiFi,0,0.0,0.0,0.0
11,URLLC,3,WiFi_2,WiFi,0,0.0,0.0,0.0
11,URLLC,4,WiFi_3,WiFi,0,0.0,0.0,0.0
11,URLLC,5,WiFi_4,WiFi,0,0.0,0.0,0.0
11,URLLC,6,Satellite_1,Satellite,0,0.0,0.0,0.0
11,URLLC,7,Satellite_2,Satellite,0,0.0,0.0,0.0
12,URLLC,0,6G_1,6G,1,86012625.89815058,40000000.0,40000000.0
12,URLLC,1,6G_2,6G,0,0.0,0.0,0.0
12,URLLC,2,WiFi_1,WiFi,0,0.0,0.0,0.0
12,URLLC,3,WiFi_2,WiFi,0,0.0,0.0,0.0
12,URLLC,4,WiFi_3,WiFi,0,0.0,0.0,0.0
12,URLLC,5,WiFi_4,WiFi,0,0.0,0.0,0.0
12,URLLC,6,Satellite_1,Satellite,0,0.0,0.0,0.0
12,URLLC,7,Satellite_2,Satellite,0,0.0,0.0,0.0
13,URLLC,0,6G_1,6G,1,34497374.64327407,40000000.0,34497374.64327407
13,URLLC,1,6G_2,6G,0,0.0,0.0,0.0
13,URLLC,2,WiFi_1,WiFi,0,0.0,0.0,0.0
13,URLLC,3,WiFi_2,WiFi,0,0.0,0.0,0.0
13,URLLC,4,WiFi_3,WiFi,0,0.0,0.0,0.0
13,URLLC,5,WiFi_4,WiFi,0,0.0,0.0,0.0
13,URLLC,6,Satellite_1,Satellite,0,0.0,0.0,0.0
13,URLLC,7,Satellite_2,Satellite,0,0.0,0.0,0.0
14,URLLC,0,6G_1,6G,0,0.0,0.0,0.0
14,URLLC,1,6G_2,6G,0,0.0,0.0,0.0
14,URLLC,2,WiFi_1,WiFi,0,0.0,0.0,0.0
14,URLLC,3,WiFi_2,WiFi,1,42576089.4379726,20000000.0,20000000.0
14,URLLC,4,WiFi_3,WiFi,0,0.0,0.0,0.0
14,URLLC,5,WiFi_4,WiFi,0,0.0,0.0,0.0
14,URLLC,6,Satellite_1,Satellite,0,0.0,0.0,0.0
14,URLLC,7,Satellite_2,Satellite,0,0.0,0.0,0.0
15,URLLC,0,6G_1,6G,1,37939221.47028538,40000000.0,37939221.47028538
15,URLLC,1,6G_2,6G,0,0.0,0.0,0.0
15,URLLC,2,WiFi_1,WiFi,0,0.0,0.0,0.0
15,URLLC,3,WiFi_2,WiFi,0,0.0,0.0,0.0
15,URLLC,4,WiFi_3,WiFi,0,0.0,0.0,0.0
15,URLLC,5,WiFi_4,WiFi,0,0.0,0.0,0.0
15,URLLC,6,Satellite_1,Satellite,0,0.0,0.0,0.0
15,URLLC,7,Satellite_2,Satellite,0,0.0,0.0,0.0
16,URLLC,0,6G_1,6G,0,0.0,0.0,0.0
16,URLLC,1,6G_2,6G,0,0.0,0.0,0.0
16,URLLC,2,WiFi_1,WiFi,1,27876755.73005706,20000000.0,20000000.0
16,URLLC,3,WiFi_2,WiFi,0,0.0,0.0,0.0
16,URLLC,4,WiFi_3,WiFi,0,0.0,0.0,0.0
16,URLLC,5,WiFi_4,WiFi,0,0.0,0.0,0.0
16,URLLC,6,Satellite_1,Satellite,0,0.0,0.0,0.0
16,URLLC,7,Satellite_2,Satellite,0,0.0,0.0,0.0
17,URLLC,0,6G_1,6G,0,0.0,0.0,0.0
17,URLLC,1,6G_2,6G,0,0.0,0.0,0.0
17,URLLC,2,WiFi_1,WiFi,1,24619340.16598898,20000000.0,20000000.0
17,URLLC,3,WiFi_2,WiFi,0,0.0,0.0,0.0
17,URLLC,4,WiFi_3,WiFi,0,0.0,0.0,0.0
17,URLLC,5,WiFi_4,WiFi,0,0.0,0.0,0.0
17,URLLC,6,Satellite_1,Satellite,0,0.0,0.0,0.0
17,URLLC,7,Satellite_2,Satellite,0,0.0,0.0,0.0
18,URLLC,0,6G_1,6G,0,0.0,0.0,0.0
18,URLLC,1,6G_2,6G,0,0.0,0.0,0.0
18,URLLC,2,WiFi_1,WiFi,0,0.0,0.0,0.0
18,URLLC,3,WiFi_2,WiFi,1,19116906.932316035,20000000.0,19116906.932316035
18,URLLC,4,WiFi_3,WiFi,0,0.0,0.0,0.0
18,URLLC,5,WiFi_4,WiFi,0,0.0,0.0,0.0
18,URLLC,6,Satellite_1,Satellite,0,0.0,0.0,0.0
18,URLLC,7,Satellite_2,Satellite,0,0.0,0.0,0.0
19,URLLC,0,6G_1,6G,0,0.0,0.0,0.0
19,URLLC,1,6G_2,6G,1,39402193.18408719,40000000.0,39402193.18408719
19,URLLC,2,WiFi_1,WiFi,0,0.0,0.0,0.0
19,URLLC,3,WiFi_2,WiFi,0,0.0,0.0,0.0
19,URLLC,4,WiFi_3,WiFi,0,0.0,0.0,0.0
19,URLLC,5,WiFi_4,WiFi,0,0.0,0.0,0.0
19,URLLC,6,Satellite_1,Satellite,0,0.0,0.0,0.0
19,URLLC,7,Satellite_2,Satellite,0,0.0,0.0,0.0
20,URLLC,0,6G_1,6G,1,68672402.14026529,40000000.0,40000000.0
20,URLLC,1,6G_2,6G,0,0.0,0.0,0.0
20,URLLC,2,WiFi_1,WiFi,0,0.0,0.0,0.0
20,URLLC,3,WiFi_2,WiFi,0,0.0,0.0,0.0
20,URLLC,4,WiFi_3,WiFi,0,0.0,0.0,0.0
20,URLLC,5,WiFi_4,WiFi,0,0.0,0.0,0.0
20,URLLC,6,Satellite_1,Satellite,0,0.0,0.0,0.0
20,URLLC,7,Satellite_2,Satellite,0,0.0,0.0,0.0
21,URLLC,0,6G_1,6G,0,0.0,0.0,0.0
21,URLLC,1,6G_2,6G,0,0.0,0.0,0.0
21,URLLC,2,WiFi_1,WiFi,0,0.0,0.0,0.0
21,URLLC,3,WiFi_2,WiFi,0,0.0,0.0,0.0
21,URLLC,4,WiFi_3,WiFi,0,0.0,0.0,0.0
21,URLLC,5,WiFi_4,WiFi,1,3583529.303351583,20000000.0,3583529.303351583
21,URLLC,6,Satellite_1,Satellite,0,0.0,0.0,0.0
21,URLLC,7,Satellite_2,Satellite,0,0.0,0.0,0.0
22,URLLC,0,6G_1,6G,1,30166693.261550017,40000000.0,30166693.261550017
22,URLLC,1,6G_2,6G,0,0.0,0.0,0.0
22,URLLC,2,WiFi_1,WiFi,0,0.0,0.0,0.0
22,URLLC,3,WiFi_2,WiFi,0,0.0,0.0,0.0
22,URLLC,4,WiFi_3,WiFi,0,0.0,0.0,0.0
22,URLLC,5,WiFi_4,WiFi,0,0.0,0.0,0.0
22,URLLC,6,Satellite_1,Satellite,0,0.0,0.0,0.0
22,URLLC,7,Satellite_2,Satellite,0,0.0,0.0,0.0
23,URLLC,0,6G_1,6G,0,0.0,0.0,0.0
23,URLLC,1,6G_2,6G,0,0.0,0.0,0.0
23,URLLC,2,WiFi_1,WiFi,0,0.0,0.0,0.0
23,URLLC,3,WiFi_2,WiFi,1,25328107.732028607,20000000.0,20000000.0
23,URLLC,4,WiFi_3,WiFi,0,0.0,0.0,0.0
23,URLLC,5,WiFi_4,WiFi,0,0.0,0.0,0.0
23,URLLC,6,Satellite_1,Satellite,0,0.0,0.0,0.0
23,URLLC,7,Satellite_2,Satellite,0,0.0,0.0,0.0
24,URLLC,0,6G_1,6G,0,0.0,0.0,0.0
24,URLLC,1,6G_2,6G,0,0.0,0.0,0.0
24,URLLC,2,WiFi_1,WiFi,1,51583554.89558733,20000000.0,20000000.0
24,URLLC,3,WiFi_2,WiFi,0,0.0,0.0,0.0
24,URLLC,4,WiFi_3,WiFi,0,0.0,0.0,0.0
24,URLLC,5,WiFi_4,WiFi,0,0.0,0.0,0.0
24,URLLC,6,Satellite_1,Satellite,0,0.0,0.0,0.0
24,URLLC,7,Satellite_2,Satellite,0,0.0,0.0,0.0
25,URLLC,0,6G_1,6G,1,56976651.456959814,40000000.0,40000000.0
25,URLLC,1,6G_2,6G,0,0.0,0.0,0.0
25,URLLC,2,WiFi_1,WiFi,0,0.0,0.0,0.0
25,URLLC,3,WiFi_2,WiFi,0,0.0,0.0,0.0
25,URLLC,4,WiFi_3,WiFi,0,0.0,0.0,0.0
25,URLLC,5,WiFi_4,WiFi,0,0.0,0.0,0.0
25,URLLC,6,Satellite_1,Satellite,0,0.0,0.0,0.0
25,URLLC,7,Satellite_2,Satellite,0,0.0,0.0,0.0
26,URLLC,0,6G_1,6G,0,0.0,0.0,0.0
26,URLLC,1,6G_2,6G,0,0.0,0.0,0.0
26,URLLC,2,WiFi_1,WiFi,0,0.0,0.0,0.0
26,URLLC,3,WiFi_2,WiFi,0,0.0,0.0,0.0
26,URLLC,4,WiFi_3,WiFi,0,0.0,0.0,0.0
26,URLLC,5,WiFi_4,WiFi,1,10260865.125808101,20000000.0,10260865.125808101
26,URLLC,6,Satellite_1,Satellite,0,0.0,0.0,0.0
26,URLLC,7,Satellite_2,Satellite,0,0.0,0.0,0.0
27,URLLC,0,6G_1,6G,0,0.0,0.0,0.0
27,URLLC,1,6G_2,6G,0,0.0,0.0,0.0
27,URLLC,2,WiFi_1,WiFi,1,19550597.88076517,20000000.0,19550597.88076517
27,URLLC,3,WiFi_2,WiFi,0,0.0,0.0,0.0
27,URLLC,4,WiFi_3,WiFi,0,0.0,0.0,0.0
27,URLLC,5,WiFi_4,WiFi,0,0.0,0.0,0.0
27,URLLC,6,Satellite_1,Satellite,0,0.0,0.0,0.0
27,URLLC,7,Satellite_2,Satellite,0,0.0,0.0,0.0
28,URLLC,0,6G_1,6G,0,0.0,0.0,0.0
28,URLLC,1,6G_2,6G,0,0.0,0.0,0.0
28,URLLC,2,WiFi_1,WiFi,0,0.0,0.0,0.0
28,URLLC,3,WiFi_2,WiFi,0,0.0,0.0,0.0
28,URLLC,4,WiFi_3,WiFi,0,0.0,0.0,0.0
28,URLLC,5,WiFi_4,WiFi,1,17347655.27928579,20000000.0,17347655.27928579
28,URLLC,6,Satellite_1,Satellite,0,0.0,0.0,0.0
28,URLLC,7,Satellite_2,Satellite,0,0.0,0.0,0.0
29,URLLC,0,6G_1,6G,0,0.0,0.0,0.0
29,URLLC,1,6G_2,6G,0,0.0,0.0,0.0
29,URLLC,2,WiFi_1,WiFi,0,0.0,0.0,0.0
29,URLLC,3,WiFi_2,WiFi,0,0.0,0.0,0.0
29,URLLC,4,WiFi_3,WiFi,1,21235616.446760513,20000000.0,20000000.0
29,URLLC,5,WiFi_4,WiFi,0,0.0,0.0,0.0
29,URLLC,6,Satellite_1,Satellite,0,0.0,0.0,0.0
29,URLLC,7,Satellite_2,Satellite,0,0.0,0.0,0.0
30,URLLC,0,6G_1,6G,1,76754245.36063202,40000000.0,40000000.0
30,URLLC,1,6G_2,6G,0,0.0,0.0,0.0
30,URLLC,2,WiFi_1,WiFi,0,0.0,0.0,0.0
30,URLLC,3,WiFi_2,WiFi,0,0.0,0.0,0.0
30,URLLC,4,WiFi_3,WiFi,0,0.0,0.0,0.0
30,URLLC,5,WiFi_4,WiFi,0,0.0,0.0,0.0
30,URLLC,6,Satellite_1,Satellite,0,0.0,0.0,0.0
30,URLLC,7,Satellite_2,Satellite,0,0.0,0.0,0.0
31,URLLC,0,6G_1,6G,0,0.0,0.0,0.0
31,URLLC,1,6G_2,6G,0,0.0,0.0,0.0
31,URLLC,2,WiFi_1,WiFi,0,0.0,0.0,0.0
31,URLLC,3,WiFi_2,WiFi,1,24289191.725432396,20000000.0,20000000.0
31,URLLC,4,WiFi_3,WiFi,0,0.0,0.0,0.0
31,URLLC,5,WiFi_4,WiFi,0,0.0,0.0,0.0
31,URLLC,6,Satellite_1,Satellite,0,0.0,0.0,0.0
31,URLLC,7,Satellite_2,Satellite,0,0.0,0.0,0.0
32,URLLC,0,6G_1,6G,0,0.0,0.0,0.0
32,URLLC,1,6G_2,6G,0,0.0,0.0,0.0
32,URLLC,2,WiFi_1,WiFi,1,29932361.87537252,20000000.0,20000000.0
32,URLLC,3,WiFi_2,WiFi,0,0.0,0.0,0.0
32,URLLC,4,WiFi_3,WiFi,0,0.0,0.0,0.0
32,URLLC,5,WiFi_4,WiFi,0,0.0,0.0,0.0
32,URLLC,6,Satellite_1,Satellite,0,0.0,0.0,0.0
32,URLLC,7,Satellite_2,Satellite,0,0.0,0.0,0.0
33,URLLC,0,6G_1,6G,0,0.0,0.0,0.0
33,URLLC,1,6G_2,6G,0,0.0,0.0,0.0
33,URLLC,2,WiFi_1,WiFi,0,0.0,0.0,0.0
33,URLLC,3,WiFi_2,WiFi,0,0.0,0.0,0.0
33,URLLC,4,WiFi_3,WiFi,0,0.0,0.0,0.0
33,URLLC,5,WiFi_4,WiFi,1,41808530.69601501,20000000.0,20000000.0
33,URLLC,6,Satellite_1,Satellite,0,0.0,0.0,0.0
33,URLLC,7,Satellite_2,Satellite,0,0.0,0.0,0.0
34,URLLC,0,6G_1,6G,0,0.0,0.0,0.0
34,URLLC,1,6G_2,6G,0,0.0,0.0,0.0
34,URLLC,2,WiFi_1,WiFi,0,0.0,0.0,0.0
34,URLLC,3,WiFi_2,WiFi,1,26141181.307741687,20000000.0,20000000.0
34,URLLC,4,WiFi_3,WiFi,0,0.0,0.0,0.0
34,URLLC,5,WiFi_4,WiFi,0,0.0,0.0,0.0
34,URLLC,6,Satellite_1,Satellite,0,0.0,0.0,0.0
34,URLLC,7,Satellite_2,Satellite,0,0.0,0.0,0.0
35,URLLC,0,6G_1,6G,0,0.0,0.0,0.0
35,URLLC,1,6G_2,6G,0,0.0,0.0,0.0
35,URLLC,2,WiFi_1,WiFi,0,0.0,0.0,0.0
35,URLLC,3,WiFi_2,WiFi,1,35272819.87036587,20000000.0,20000000.0
35,URLLC,4,WiFi_3,WiFi,0,0.0,0.0,0.0
35,URLLC,5,WiFi_4,WiFi,0,0.0,0.0,0.0
35,URLLC,6,Satellite_1,Satellite,0,0.0,0.0,0.0
35,URLLC,7,Satellite_2,Satellite,0,0.0,0.0,0.0
36,URLLC,0,6G_1,6G,0,0.0,0.0,0.0
36,URLLC,1,6G_2,6G,1,43442475.89134483,40000000.0,40000000.0
36,URLLC,2,WiFi_1,WiFi,0,0.0,0.0,0.0
36,URLLC,3,WiFi_2,WiFi,0,0.0,0.0,0.0
36,URLLC,4,WiFi_3,WiFi,0,0.0,0.0,0.0
36,URLLC,5,WiFi_4,WiFi,0,0.0,0.0,0.0
36,URLLC,6,Satellite_1,Satellite,0,0.0,0.0,0.0
36,URLLC,7,Satellite_2,Satellite,0,0.0,0.0,0.0
37,URLLC,0,6G_1,6G,0,0.0,0.0,0.0
37,URLLC,1,6G_2,6G,0,0.0,0.0,0.0
37,URLLC,2,WiFi_1,WiFi,0,0.0,0.0,0.0
37,URLLC,3,WiFi_2,WiFi,1,19134935.031889837,20000000.0,19134935.031889837
37,URLLC,4,WiFi_3,WiFi,0,0.0,0.0,0.0
37,URLLC,5,WiFi_4,WiFi,0,0.0,0.0,0.0
37,URLLC,6,Satellite_1,Satellite,0,0.0,0.0,0.0
37,URLLC,7,Satellite_2,Satellite,0,0.0,0.0,0.0
38,URLLC,0,6G_1,6G,0,0.0,0.0,0.0
38,URLLC,1,6G_2,6G,0,0.0,0.0,0.0
38,URLLC,2,WiFi_1,WiFi,0,0.0,0.0,0.0
38,URLLC,3,WiFi_2,WiFi,0,0.0,0.0,0.0
38,URLLC,4,WiFi_3,WiFi,1,45525657.05728449,20000000.0,20000000.0
38,URLLC,5,WiFi_4,WiFi,0,0.0,0.0,0.0
38,URLLC,6,Satellite_1,Satellite,0,0.0,0.0,0.0
38,URLLC,7,Satellite_2,Satellite,0,0.0,0.0,0.0
39,URLLC,0,6G_1,6G,0,0.0,0.0,0.0
39,URLLC,1,6G_2,6G,0,0.0,0.0,0.0
39,URLLC,2,WiFi_1,WiFi,0,0.0,0.0,0.0
39,URLLC,3,WiFi_2,WiFi,0,0.0,0.0,0.0
39,URLLC,4,WiFi_3,WiFi,1,18850605.35542384,20000000.0,18850605.35542384
39,URLLC,5,WiFi_4,WiFi,0,0.0,0.0,0.0
39,URLLC,6,Satellite_1,Satellite,0,0.0,0.0,0.0
39,URLLC,7,Satellite_2,Satellite,0,0.0,0.0,0.0
40,URLLC,0,6G_1,6G,0,0.0,0.0,0.0
40,URLLC,1,6G_2,6G,0,0.0,0.0,0.0
40,URLLC,2,WiFi_1,WiFi,1,24675137.73526935,20000000.0,20000000.0
40,URLLC,3,WiFi_2,WiFi,0,0.0,0.0,0.0
40,URLLC,4,WiFi_3,WiFi,0,0.0,0.0,0.0
40,URLLC,5,WiFi_4,WiFi,0,0.0,0.0,0.0
40,URLLC,6,Satellite_1,Satellite,0,0.0,0.0,0.0
40,URLLC,7,Satellite_2,Satellite,0,0.0,0.0,0.0
41,URLLC,0,6G_1,6G,0,0.0,0.0,0.0
41,URLLC,1,6G_2,6G,1,42370716.04665147,40000000.0,40000000.0
41,URLLC,2,WiFi_1,WiFi,0,0.0,0.0,0.0
41,URLLC,3,WiFi_2,WiFi,0,0.0,0.0,0.0
41,URLLC,4,WiFi_3,WiFi,0,0.0,0.0,0.0
41,URLLC,5,WiFi_4,WiFi,0,0.0,0.0,0.0
41,URLLC,6,Satellite_1,Satellite,0,0.0,0.0,0.0
41,URLLC,7,Satellite_2,Satellite,0,0.0,0.0,0.0
42,URLLC,0,6G_1,6G,0,0.0,0.0,0.0
42,URLLC,1,6G_2,6G,0,0.0,0.0,0.0
42,URLLC,2,WiFi_1,WiFi,0,0.0,0.0,0.0
42,URLLC,3,WiFi_2,WiFi,0,0.0,0.0,0.0
42,URLLC,4,WiFi_3,WiFi,1,20231958.774363313,20000000.0,20000000.0
42,URLLC,5,WiFi_4,WiFi,0,0.0,0.0,0.0
42,URLLC,6,Satellite_1,Satellite,0,0.0,0.0,0.0
42,URLLC,7,Satellite_2,Satellite,0,0.0,0.0,0.0
43,URLLC,0,6G_1,6G,1,57708185.851827696,40000000.0,40000000.0
43,URLLC,1,6G_2,6G,0,0.0,0.0,0.0
43,URLLC,2,WiFi_1,WiFi,0,0.0,0.0,0.0
43,URLLC,3,WiFi_2,WiFi,0,0.0,0.0,0.0
43,URLLC,4,WiFi_3,WiFi,0,0.0,0.0,0.0
43,URLLC,5,WiFi_4,WiFi,0,0.0,0.0,0.0
43,URLLC,6,Satellite_1,Satellite,0,0.0,0.0,0.0
43,URLLC,7,Satellite_2,Satellite,0,0.0,0.0,0.0
44,URLLC,0,6G_1,6G,0,0.0,0.0,0.0
44,URLLC,1,6G_2,6G,0,0.0,0.0,0.0
44,URLLC,2,WiFi_1,WiFi,0,0.0,0.0,0.0
44,URLLC,3,WiFi_2,WiFi,1,18762578.633343223,20000000.0,18762578.633343223
44,URLLC,4,WiFi_3,WiFi,0,0.0,0.0,0.0
44,URLLC,5,WiFi_4,WiFi,0,0.0,0.0,0.0
44,URLLC,6,Satellite_1,Satellite,0,0.0,0.0,0.0
44,URLLC,7,Satellite_2,Satellite,0,0.0,0.0,0.0
45,URLLC,0,6G_1,6G,1,77684617.59817472,40000000.0,40000000.0
45,URLLC,1,6G_2,6G,0,0.0,0.0,0.0
45,URLLC,2,WiFi_1,WiFi,0,0.0,0.0,0.0
45,URLLC,3,WiFi_2,WiFi,0,0.0,0.0,0.0
45,URLLC,4,WiFi_3,WiFi,0,0.0,0.0,0.0
45,URLLC,5,WiFi_4,WiFi,0,0.0,0.0,0.0
45,URLLC,6,Satellite_1,Satellite,0,0.0,0.0,0.0
45,URLLC,7,Satellite_2,Satellite,0,0.0,0.0,0.0
46,URLLC,0,6G_1,6G,1,70046545.13156503,40000000.0,40000000.0
46,URLLC,1,6G_2,6G,0,0.0,0.0,0.0
46,URLLC,2,WiFi_1,WiFi,0,0.0,0.0,0.0
46,URLLC,3,WiFi_2,WiFi,0,0.0,0.0,0.0
46,URLLC,4,WiFi_3,WiFi,0,0.0,0.0,0.0
46,URLLC,5,WiFi_4,WiFi,0,0.0,0.0,0.0
46,URLLC,6,Satellite_1,Satellite,0,0.0,0.0,0.0
46,URLLC,7,Satellite_2,Satellite,0,0.0,0.0,0.0
47,URLLC,0,6G_1,6G,0,0.0,0.0,0.0
47,URLLC,1,6G_2,6G,0,0.0,0.0,0.0
47,URLLC,2,WiFi_1,WiFi,0,0.0,0.0,0.0
47,URLLC,3,WiFi_2,WiFi,0,0.0,0.0,0.0
47,URLLC,4,WiFi_3,WiFi,1,17180235.560675524,20000000.0,17180235.560675524
47,URLLC,5,WiFi_4,WiFi,0,0.0,0.0,0.0
47,URLLC,6,Satellite_1,Satellite,0,0.0,0.0,0.0
47,URLLC,7,Satellite_2,Satellite,0,0.0,0.0,0.0
48,URLLC,0,6G_1,6G,0,0.0,0.0,0.0
48,URLLC,1,6G_2,6G,0,0.0,0.0,0.0
48,URLLC,2,WiFi_1,WiFi,0,0.0,0.0,0.0
48,URLLC,3,WiFi_2,WiFi,0,0.0,0.0,0.0
48,URLLC,4,WiFi_3,WiFi,0,0.0,0.0,0.0
48,URLLC,5,WiFi_4,WiFi,1,19713333.378098868,20000000.0,19713333.378098868
48,URLLC,6,Satellite_1,Satellite,0,0.0,0.0,0.0
48,URLLC,7,Satellite_2,Satellite,0,0.0,0.0,0.0
49,URLLC,0,6G_1,6G,0,0.0,0.0,0.0
49,URLLC,1,6G_2,6G,0,0.0,0.0,0.0
49,URLLC,2,WiFi_1,WiFi,1,21860657.325141087,20000000.0,20000000.0
49,URLLC,3,WiFi_2,WiFi,0,0.0,0.0,0.0
49,URLLC,4,WiFi_3,WiFi,0,0.0,0.0,0.0
49,URLLC,5,WiFi_4,WiFi,0,0.0,0.0,0.0
49,URLLC,6,Satellite_1,Satellite,0,0.0,0.0,0.0
49,URLLC,7,Satellite_2,Satellite,0,0.0,0.0,0.0
50,URLLC,0,6G_1,6G,0,0.0,0.0,0.0
50,URLLC,1,6G_2,6G,0,0.0,0.0,0.0
50,URLLC,2,WiFi_1,WiFi,0,0.0,0.0,0.0
50,URLLC,3,WiFi_2,WiFi,0,0.0,0.0,0.0
50,URLLC,4,WiFi_3,WiFi,0,0.0,0.0,0.0
50,URLLC,5,WiFi_4,WiFi,0,0.0,0.0,0.0
50,URLLC,6,Satellite_1,Satellite,0,0.0,0.0,0.0
50,URLLC,7,Satellite_2,Satellite,1,12222364.01247183,14411738.088085657,12222364.01247183
51,URLLC,0,6G_1,6G,0,0.0,0.0,0.0
51,URLLC,1,6G_2,6G,0,0.0,0.0,0.0
51,URLLC,2,WiFi_1,WiFi,0,0.0,0.0,0.0
51,URLLC,3,WiFi_2,WiFi,0,0.0,0.0,0.0
51,URLLC,4,WiFi_3,WiFi,0,0.0,0.0,0.0
51,URLLC,5,WiFi_4,WiFi,0,0.0,0.0,0.0
51,URLLC,6,Satellite_1,Satellite,1,7049278.305987974,14411738.088085657,7049278.305987974
51,URLLC,7,Satellite_2,Satellite,0,0.0,0.0,0.0
52,URLLC,0,6G_1,6G,0,0.0,0.0,0.0
52,URLLC,1,6G_2,6G,0,0.0,0.0,0.0
52,URLLC,2,WiFi_1,WiFi,0,0.0,0.0,0.0
52,URLLC,3,WiFi_2,WiFi,0,0.0,0.0,0.0
52,URLLC,4,WiFi_3,WiFi,0,0.0,0.0,0.0
52,URLLC,5,WiFi_4,WiFi,0,0.0,0.0,0.0
52,URLLC,6,Satellite_1,Satellite,1,5430091.418316797,14411738.088085657,5430091.418316797
52,URLLC,7,Satellite_2,Satellite,0,0.0,0.0,0.0
53,URLLC,0,6G_1,6G,0,0.0,0.0,0.0
53,URLLC,1,6G_2,6G,0,0.0,0.0,0.0
53,URLLC,2,WiFi_1,WiFi,0,0.0,0.0,0.0
53,URLLC,3,WiFi_2,WiFi,0,0.0,0.0,0.0
53,URLLC,4,WiFi_3,WiFi,0,0.0,0.0,0.0
53,URLLC,5,WiFi_4,WiFi,0,0.0,0.0,0.0
53,URLLC,6,Satellite_1,Satellite,0,0.0,0.0,0.0
53,URLLC,7,Satellite_2,Satellite,1,7250483.51547449,14411738.088085657,7250483.51547449
54,URLLC,0,6G_1,6G,0,0.0,0.0,0.0
54,URLLC,1,6G_2,6G,0,0.0,0.0,0.0
54,URLLC,2,WiFi_1,WiFi,0,0.0,0.0,0.0
54,URLLC,3,WiFi_2,WiFi,0,0.0,0.0,0.0
54,URLLC,4,WiFi_3,WiFi,0,0.0,0.0,0.0
54,URLLC,5,WiFi_4,WiFi,0,0.0,0.0,0.0
54,URLLC,6,Satellite_1,Satellite,1,8558562.051151816,14411738.088085657,8558562.051151816
54,URLLC,7,Satellite_2,Satellite,0,0.0,0.0,0.0
55,URLLC,0,6G_1,6G,0,0.0,0.0,0.0
55,URLLC,1,6G_2,6G,0,0.0,0.0,0.0
55,URLLC,2,WiFi_1,WiFi,0,0.0,0.0,0.0
55,URLLC,3,WiFi_2,WiFi,0,0.0,0.0,0.0
55,URLLC,4,WiFi_3,WiFi,0,0.0,0.0,0.0
55,URLLC,5,WiFi_4,WiFi,0,0.0,0.0,0.0
55,URLLC,6,Satellite_1,Satellite,0,0.0,0.0,0.0
55,URLLC,7,Satellite_2,Satellite,1,7089734.130871846,14411738.088085657,7089734.130871846
56,URLLC,0,6G_1,6G,0,0.0,0.0,0.0
56,URLLC,1,6G_2,6G,0,0.0,0.0,0.0
56,URLLC,2,WiFi_1,WiFi,0,0.0,0.0,0.0
56,URLLC,3,WiFi_2,WiFi,0,0.0,0.0,0.0
56,URLLC,4,WiFi_3,WiFi,0,0.0,0.0,0.0
56,URLLC,5,WiFi_4,WiFi,0,0.0,0.0,0.0
56,URLLC,6,Satellite_1,Satellite,0,0.0,0.0,0.0
56,URLLC,7,Satellite_2,Satellite,1,8740370.562329724,14411738.088085657,8740370.562329724
57,URLLC,0,6G_1,6G,0,0.0,0.0,0.0
57,URLLC,1,6G_2,6G,0,0.0,0.0,0.0
57,URLLC,2,WiFi_1,WiFi,0,0.0,0.0,0.0
57,URLLC,3,WiFi_2,WiFi,0,0.0,0.0,0.0
57,URLLC,4,WiFi_3,WiFi,0,0.0,0.0,0.0
57,URLLC,5,WiFi_4,WiFi,0,0.0,0.0,0.0
57,URLLC,6,Satellite_1,Satellite,1,6697573.314020745,14411738.088085657,6697573.314020745
57,URLLC,7,Satellite_2,Satellite,0,0.0,0.0,0.0
58,URLLC,0,6G_1,6G,0,0.0,0.0,0.0
58,URLLC,1,6G_2,6G,0,0.0,0.0,0.0
58,URLLC,2,WiFi_1,WiFi,0,0.0,0.0,0.0
58,URLLC,3,WiFi_2,WiFi,0,0.0,0.0,0.0
58,URLLC,4,WiFi_3,WiFi,0,0.0,0.0,0.0
58,URLLC,5,WiFi_4,WiFi,0,0.0,0.0,0.0
58,URLLC,6,Satellite_1,Satellite,0,0.0,0.0,0.0
58,URLLC,7,Satellite_2,Satellite,1,7710252.895772304,14411738.088085657,7710252.895772304
59,URLLC,0,6G_1,6G,0,0.0,0.0,0.0
59,URLLC,1,6G_2,6G,0,0.0,0.0,0.0
59,URLLC,2,WiFi_1,WiFi,0,0.0,0.0,0.0
59,URLLC,3,WiFi_2,WiFi,0,0.0,0.0,0.0
59,URLLC,4,WiFi_3,WiFi,0,0.0,0.0,0.0
59,URLLC,5,WiFi_4,WiFi,0,0.0,0.0,0.0
59,URLLC,6,Satellite_1,Satellite,0,0.0,0.0,0.0
59,URLLC,7,Satellite_2,Satellite,1,8323857.021143865,14411738.088085657,8323857.021143865
60,URLLC,0,6G_1,6G,0,0.0,0.0,0.0
60,URLLC,1,6G_2,6G,0,0.0,0.0,0.0
60,URLLC,2,WiFi_1,WiFi,0,0.0,0.0,0.0
60,URLLC,3,WiFi_2,WiFi,0,0.0,0.0,0.0
60,URLLC,4,WiFi_3,WiFi,0,0.0,0.0,0.0
60,URLLC,5,WiFi_4,WiFi,0,0.0,0.0,0.0
60,URLLC,6,Satellite_1,Satellite,1,3548707.1277799816,14411738.088085657,3548707.1277799816
60,URLLC,7,Satellite_2,Satellite,0,0.0,0.0,0.0
61,URLLC,0,6G_1,6G,0,0.0,0.0,0.0
61,URLLC,1,6G_2,6G,0,0.0,0.0,0.0
61,URLLC,2,WiFi_1,WiFi,0,0.0,0.0,0.0
61,URLLC,3,WiFi_2,WiFi,0,0.0,0.0,0.0
61,URLLC,4,WiFi_3,WiFi,0,0.0,0.0,0.0
61,URLLC,5,WiFi_4,WiFi,0,0.0,0.0,0.0
61,URLLC,6,Satellite_1,Satellite,0,0.0,0.0,0.0
61,URLLC,7,Satellite_2,Satellite,1,2318079.821423419,14411738.088085657,2318079.821423419
62,URLLC,0,6G_1,6G,0,0.0,0.0,0.0
62,URLLC,1,6G_2,6G,0,0.0,0.0,0.0
62,URLLC,2,WiFi_1,WiFi,0,0.0,0.0,0.0
62,URLLC,3,WiFi_2,WiFi,0,0.0,0.0,0.0
62,URLLC,4,WiFi_3,WiFi,0,0.0,0.0,0.0
62,URLLC,5,WiFi_4,WiFi,0,0.0,0.0,0.0
62,URLLC,6,Satellite_1,Satellite,1,874301.9713769208,14411738.088085657,874301.9713769208
62,URLLC,7,Satellite_2,Satellite,0,0.0,0.0,0.0
63,URLLC,0,6G_1,6G,0,0.0,0.0,0.0
63,URLLC,1,6G_2,6G,0,0.0,0.0,0.0
63,URLLC,2,WiFi_1,WiFi,0,0.0,0.0,0.0
63,URLLC,3,WiFi_2,WiFi,0,0.0,0.0,0.0
63,URLLC,4,WiFi_3,WiFi,0,0.0,0.0,0.0
63,URLLC,5,WiFi_4,WiFi,0,0.0,0.0,0.0
63,URLLC,6,Satellite_1,Satellite,1,8085501.079639779,14411738.088085657,8085501.079639779
63,URLLC,7,Satellite_2,Satellite,0,0.0,0.0,0.0
64,URLLC,0,6G_1,6G,0,0.0,0.0,0.0
64,URLLC,1,6G_2,6G,0,0.0,0.0,0.0
64,URLLC,2,WiFi_1,WiFi,0,0.0,0.0,0.0
64,URLLC,3,WiFi_2,WiFi,0,0.0,0.0,0.0
64,URLLC,4,WiFi_3,WiFi,0,0.0,0.0,0.0
64,URLLC,5,WiFi_4,WiFi,0,0.0,0.0,0.0
64,URLLC,6,Satellite_1,Satellite,0,0.0,0.0,0.0
64,URLLC,7,Satellite_2,Satellite,1,6494485.05689022,14411738.088085657,6494485.05689022
65,URLLC,0,6G_1,6G,0,0.0,0.0,0.0
65,URLLC,1,6G_2,6G,0,0.0,0.0,0.0
65,URLLC,2,WiFi_1,WiFi,0,0.0,0.0,0.0
65,URLLC,3,WiFi_2,WiFi,0,0.0,0.0,0.0
65,URLLC,4,WiFi_3,WiFi,0,0.0,0.0,0.0
65,URLLC,5,WiFi_4,WiFi,0,0.0,0.0,0.0
65,URLLC,6,Satellite_1,Satellite,1,5460385.880055472,14411738.088085657,5460385.880055472
65,URLLC,7,Satellite_2,Satellite,0,0.0,0.0,0.0
66,URLLC,0,6G_1,6G,0,0.0,0.0,0.0
66,URLLC,1,6G_2,6G,0,0.0,0.0,0.0
66,URLLC,2,WiFi_1,WiFi,0,0.0,0.0,0.0
66,URLLC,3,WiFi_2,WiFi,0,0.0,0.0,0.0
66,URLLC,4,WiFi_3,WiFi,0,0.0,0.0,0.0
66,URLLC,5,WiFi_4,WiFi,0,0.0,0.0,0.0
66,URLLC,6,Satellite_1,Satellite,1,274803.27470213274,14411738.088085657,274803.27470213274
66,URLLC,7,Satellite_2,Satellite,0,0.0,0.0,0.0
67,URLLC,0,6G_1,6G,0,0.0,0.0,0.0
67,URLLC,1,6G_2,6G,0,0.0,0.0,0.0
67,URLLC,2,WiFi_1,WiFi,0,0.0,0.0,0.0
67,URLLC,3,WiFi_2,WiFi,0,0.0,0.0,0.0
67,URLLC,4,WiFi_3,WiFi,0,0.0,0.0,0.0
67,URLLC,5,WiFi_4,WiFi,0,0.0,0.0,0.0
67,URLLC,6,Satellite_1,Satellite,0,0.0,0.0,0.0
67,URLLC,7,Satellite_2,Satellite,1,9489198.052676849,14411738.088085657,9489198.052676849
68,URLLC,0,6G_1,6G,0,0.0,0.0,0.0
68,URLLC,1,6G_2,6G,0,0.0,0.0,0.0
68,URLLC,2,WiFi_1,WiFi,0,0.0,0.0,0.0
68,URLLC,3,WiFi_2,WiFi,0,0.0,0.0,0.0
68,URLLC,4,WiFi_3,WiFi,0,0.0,0.0,0.0
68,URLLC,5,WiFi_4,WiFi,0,0.0,0.0,0.0
68,URLLC,6,Satellite_1,Satellite,1,7646247.917976025,14411738.088085657,7646247.917976025
68,URLLC,7,Satellite_2,Satellite,0,0.0,0.0,0.0
69,URLLC,0,6G_1,6G,0,0.0,0.0,0.0
69,URLLC,1,6G_2,6G,0,0.0,0.0,0.0
69,URLLC,2,WiFi_1,WiFi,0,0.0,0.0,0.0
69,URLLC,3,WiFi_2,WiFi,0,0.0,0.0,0.0
69,URLLC,4,WiFi_3,WiFi,0,0.0,0.0,0.0
69,URLLC,5,WiFi_4,WiFi,0,0.0,0.0,0.0
69,URLLC,6,Satellite_1,Satellite,1,4959478.901716123,14411738.088085657,4959478.901716123
69,URLLC,7,Satellite_2,Satellite,0,0.0,0.0,0.0
70,URLLC,0,6G_1,6G,0,0.0,0.0,0.0
70,URLLC,1,6G_2,6G,0,0.0,0.0,0.0
70,URLLC,2,WiFi_1,WiFi,0,0.0,0.0,0.0
70,URLLC,3,WiFi_2,WiFi,0,0.0,0.0,0.0
70,URLLC,4,WiFi_3,WiFi,0,0.0,0.0,0.0
70,URLLC,5,WiFi_4,WiFi,0,0.0,0.0,0.0
70,URLLC,6,Satellite_1,Satellite,1,6822684.490351735,14411738.088085657,6822684.490351735
70,URLLC,7,Satellite_2,Satellite,0,0.0,0.0,0.0
71,URLLC,0,6G_1,6G,0,0.0,0.0,0.0
71,URLLC,1,6G_2,6G,0,0.0,0.0,0.0
71,URLLC,2,WiFi_1,WiFi,0,0.0,0.0,0.0
71,URLLC,3,WiFi_2,WiFi,0,0.0,0.0,0.0
71,URLLC,4,WiFi_3,WiFi,0,0.0,0.0,0.0
71,URLLC,5,WiFi_4,WiFi,0,0.0,0.0,0.0
71,URLLC,6,Satellite_1,Satellite,1,5813564.408608817,14411738.088085657,5813564.408608817
71,URLLC,7,Satellite_2,Satellite,0,0.0,0.0,0.0
72,URLLC,0,6G_1,6G,0,0.0,0.0,0.0
72,URLLC,1,6G_2,6G,0,0.0,0.0,0.0
72,URLLC,2,WiFi_1,WiFi,0,0.0,0.0,0.0
72,URLLC,3,WiFi_2,WiFi,0,0.0,0.0,0.0
72,URLLC,4,WiFi_3,WiFi,0,0.0,0.0,0.0
72,URLLC,5,WiFi_4,WiFi,0,0.0,0.0,0.0
72,URLLC,6,Satellite_1,Satellite,0,0.0,0.0,0.0
72,URLLC,7,Satellite_2,Satellite,1,5829360.462085449,14411738.088085657,5829360.462085449
73,URLLC,0,6G_1,6G,0,0.0,0.0,0.0
73,URLLC,1,6G_2,6G,0,0.0,0.0,0.0
73,URLLC,2,WiFi_1,WiFi,0,0.0,0.0,0.0
73,URLLC,3,WiFi_2,WiFi,0,0.0,0.0,0.0
73,URLLC,4,WiFi_3,WiFi,0,0.0,0.0,0.0
73,URLLC,5,WiFi_4,WiFi,0,0.0,0.0,0.0
73,URLLC,6,Satellite_1,Satellite,0,0.0,0.0,0.0
73,URLLC,7,Satellite_2,Satellite,1,9474894.515775654,14411738.088085657,9474894.515775654
74,URLLC,0,6G_1,6G,0,0.0,0.0,0.0
74,URLLC,1,6G_2,6G,0,0.0,0.0,0.0
74,URLLC,2,WiFi_1,WiFi,0,0.0,0.0,0.0
74,URLLC,3,WiFi_2,WiFi,0,0.0,0.0,0.0
74,URLLC,4,WiFi_3,WiFi,0,0.0,0.0,0.0
74,URLLC,5,WiFi_4,WiFi,0,0.0,0.0,0.0
74,URLLC,6,Satellite_1,Satellite,1,2738752.4855965814,14411738.088085657,2738752.4855965814
74,URLLC,7,Satellite_2,Satellite,0,0.0,0.0,0.0
75,URLLC,0,6G_1,6G,0,0.0,0.0,0.0
75,URLLC,1,6G_2,6G,0,0.0,0.0,0.0
75,URLLC,2,WiFi_1,WiFi,0,0.0,0.0,0.0
75,URLLC,3,WiFi_2,WiFi,0,0.0,0.0,0.0
75,URLLC,4,WiFi_3,WiFi,0,0.0,0.0,0.0
75,URLLC,5,WiFi_4,WiFi,0,0.0,0.0,0.0
75,URLLC,6,Satellite_1,Satellite,1,7762757.300564411,14411738.088085657,7762757.300564411
75,URLLC,7,Satellite_2,Satellite,0,0.0,0.0,0.0
76,URLLC,0,6G_1,6G,0,0.0,0.0,0.0
76,URLLC,1,6G_2,6G,0,0.0,0.0,0.0
76,URLLC,2,WiFi_1,WiFi,0,0.0,0.0,0.0
76,URLLC,3,WiFi_2,WiFi,0,0.0,0.0,0.0
76,URLLC,4,WiFi_3,WiFi,0,0.0,0.0,0.0
76,URLLC,5,WiFi_4,WiFi,0,0.0,0.0,0.0
76,URLLC,6,Satellite_1,Satellite,1,5105082.73362671,14411738.088085657,5105082.73362671
76,URLLC,7,Satellite_2,Satellite,0,0.0,0.0,0.0
77,URLLC,0,6G_1,6G,0,0.0,0.0,0.0
77,URLLC,1,6G_2,6G,0,0.0,0.0,0.0
77,URLLC,2,WiFi_1,WiFi,0,0.0,0.0,0.0
77,URLLC,3,WiFi_2,WiFi,0,0.0,0.0,0.0
77,URLLC,4,WiFi_3,WiFi,0,0.0,0.0,0.0
77,URLLC,5,WiFi_4,WiFi,0,0.0,0.0,0.0
77,URLLC,6,Satellite_1,Satellite,1,8403332.963561948,14411738.088085657,8403332.963561948
77,URLLC,7,Satellite_2,Satellite,0,0.0,0.0,0.0
78,URLLC,0,6G_1,6G,0,0.0,0.0,0.0
78,URLLC,1,6G_2,6G,0,0.0,0.0,0.0
78,URLLC,2,WiFi_1,WiFi,0,0.0,0.0,0.0
78,URLLC,3,WiFi_2,WiFi,0,0.0,0.0,0.0
78,URLLC,4,WiFi_3,WiFi,0,0.0,0.0,0.0
78,URLLC,5,WiFi_4,WiFi,0,0.0,0.0,0.0
78,URLLC,6,Satellite_1,Satellite,1,6473313.399753663,14411738.088085657,6473313.399753663
78,URLLC,7,Satellite_2,Satellite,0,0.0,0.0,0.0
79,URLLC,0,6G_1,6G,0,0.0,0.0,0.0
79,URLLC,1,6G_2,6G,0,0.0,0.0,0.0
79,URLLC,2,WiFi_1,WiFi,0,0.0,0.0,0.0
79,URLLC,3,WiFi_2,WiFi,0,0.0,0.0,0.0
79,URLLC,4,WiFi_3,WiFi,0,0.0,0.0,0.0
79,URLLC,5,WiFi_4,WiFi,0,0.0,0.0,0.0
79,URLLC,6,Satellite_1,Satellite,1,9153913.04614229,14411738.088085657,9153913.04614229
79,URLLC,7,Satellite_2,Satellite,0,0.0,0.0,0.0
80,URLLC,0,6G_1,6G,0,0.0,0.0,0.0
80,URLLC,1,6G_2,6G,0,0.0,0.0,0.0
80,URLLC,2,WiFi_1,WiFi,0,0.0,0.0,0.0
80,URLLC,3,WiFi_2,WiFi,0,0.0,0.0,0.0
80,URLLC,4,WiFi_3,WiFi,0,0.0,0.0,0.0
80,URLLC,5,WiFi_4,WiFi,0,0.0,0.0,0.0
80,URLLC,6,Satellite_1,Satellite,1,7436160.931851892,14411738.088085657,7436160.931851892
80,URLLC,7,Satellite_2,Satellite,0,0.0,0.0,0.0
81,URLLC,0,6G_1,6G,0,0.0,0.0,0.0
81,URLLC,1,6G_2,6G,0,0.0,0.0,0.0
81,URLLC,2,WiFi_1,WiFi,0,0.0,0.0,0.0
81,URLLC,3,WiFi_2,WiFi,0,0.0,0.0,0.0
81,URLLC,4,WiFi_3,WiFi,0,0.0,0.0,0.0
81,URLLC,5,WiFi_4,WiFi,0,0.0,0.0,0.0
81,URLLC,6,Satellite_1,Satellite,1,7212411.332528155,14411738.088085657,7212411.332528155
81,URLLC,7,Satellite_2,Satellite,0,0.0,0.0,0.0
82,URLLC,0,6G_1,6G,0,0.0,0.0,0.0
82,URLLC,1,6G_2,6G,0,0.0,0.0,0.0
82,URLLC,2,WiFi_1,WiFi,0,0.0,0.0,0.0
82,URLLC,3,WiFi_2,WiFi,0,0.0,0.0,0.0
82,URLLC,4,WiFi_3,WiFi,0,0.0,0.0,0.0
82,URLLC,5,WiFi_4,WiFi,0,0.0,0.0,0.0
82,URLLC,6,Satellite_1,Satellite,1,7216159.818842267,14411738.088085657,7216159.818842267
82,URLLC,7,Satellite_2,Satellite,0,0.0,0.0,0.0
83,URLLC,0,6G_1,6G,0,0.0,0.0,0.0
83,URLLC,1,6G_2,6G,0,0.0,0.0,0.0
83,URLLC,2,WiFi_1,WiFi,0,0.0,0.0,0.0
83,URLLC,3,WiFi_2,WiFi,0,0.0,0.0,0.0
83,URLLC,4,WiFi_3,WiFi,0,0.0,0.0,0.0
83,URLLC,5,WiFi_4,WiFi,0,0.0,0.0,0.0
83,URLLC,6,Satellite_1,Satellite,0,0.0,0.0,0.0
83,URLLC,7,Satellite_2,Satellite,1,2089977.805072432,14411738.088085657,2089977.805072432
84,URLLC,0,6G_1,6G,0,0.0,0.0,0.0
84,URLLC,1,6G_2,6G,0,0.0,0.0,0.0
84,URLLC,2,WiFi_1,WiFi,0,0.0,0.0,0.0
84,URLLC,3,WiFi_2,WiFi,0,0.0,0.0,0.0
84,URLLC,4,WiFi_3,WiFi,0,0.0,0.0,0.0
84,URLLC,5,WiFi_4,WiFi,0,0.0,0.0,0.0
84,URLLC,6,Satellite_1,Satellite,1,6786384.847815137,14411738.088085657,6786384.847815137
84,URLLC,7,Satellite_2,Satellite,0,0.0,0.0,0.0
85,URLLC,0,6G_1,6G,0,0.0,0.0,0.0
85,URLLC,1,6G_2,6G,0,0.0,0.0,0.0
85,URLLC,2,WiFi_1,WiFi,0,0.0,0.0,0.0
85,URLLC,3,WiFi_2,WiFi,0,0.0,0.0,0.0
85,URLLC,4,WiFi_3,WiFi,0,0.0,0.0,0.0
85,URLLC,5,WiFi_4,WiFi,0,0.0,0.0,0.0
85,URLLC,6,Satellite_1,Satellite,0,0.0,0.0,0.0
85,URLLC,7,Satellite_2,Satellite,1,2620600.7304827627,14411738.088085657,2620600.7304827627
86,URLLC,0,6G_1,6G,0,0.0,0.0,0.0
86,URLLC,1,6G_2,6G,0,0.0,0.0,0.0
86,URLLC,2,WiFi_1,WiFi,0,0.0,0.0,0.0
86,URLLC,3,WiFi_2,WiFi,0,0.0,0.0,0.0
86,URLLC,4,WiFi_3,WiFi,0,0.0,0.0,0.0
86,URLLC,5,WiFi_4,WiFi,0,0.0,0.0,0.0
86,URLLC,6,Satellite_1,Satellite,1,2831801.774521038,14411738.088085657,2831801.774521038
86,URLLC,7,Satellite_2,Satellite,0,0.0,0.0,0.0
87,URLLC,0,6G_1,6G,0,0.0,0.0,0.0
87,URLLC,1,6G_2,6G,0,0.0,0.0,0.0
87,URLLC,2,WiFi_1,WiFi,0,0.0,0.0,0.0
87,URLLC,3,WiFi_2,WiFi,0,0.0,0.0,0.0
87,URLLC,4,WiFi_3,WiFi,0,0.0,0.0,0.0
87,URLLC,5,WiFi_4,WiFi,0,0.0,0.0,0.0
87,URLLC,6,Satellite_1,Satellite,0,0.0,0.0,0.0
87,URLLC,7,Satellite_2,Satellite,1,4846000.587211224,14411738.088085657,4846000.587211224
88,URLLC,0,6G_1,6G,0,0.0,0.0,0.0
88,URLLC,1,6G_2,6G,0,0.0,0.0,0.0
88,URLLC,2,WiFi_1,WiFi,0,0.0,0.0,0.0
88,URLLC,3,WiFi_2,WiFi,0,0.0,0.0,0.0
88,URLLC,4,WiFi_3,WiFi,0,0.0,0.0,0.0
88,URLLC,5,WiFi_4,WiFi,0,0.0,0.0,0.0
88,URLLC,6,Satellite_1,Satellite,1,3180679.376661683,14411738.088085657,3180679.376661683
88,URLLC,7,Satellite_2,Satellite,0,0.0,0.0,0.0
89,URLLC,0,6G_1,6G,0,0.0,0.0,0.0
89,URLLC,1,6G_2,6G,0,0.0,0.0,0.0
89,URLLC,2,WiFi_1,WiFi,0,0.0,0.0,0.0
89,URLLC,3,WiFi_2,WiFi,0,0.0,0.0,0.0
89,URLLC,4,WiFi_3,WiFi,0,0.0,0.0,0.0
89,URLLC,5,WiFi_4,WiFi,0,0.0,0.0,0.0
89,URLLC,6,Satellite_1,Satellite,1,6591834.75086065,14411738.088085657,6591834.75086065
89,URLLC,7,Satellite_2,Satellite,0,0.0,0.0,0.0
90,URLLC,0,6G_1,6G,0,0.0,0.0,0.0
90,URLLC,1,6G_2,6G,0,0.0,0.0,0.0
90,URLLC,2,WiFi_1,WiFi,0,0.0,0.0,0.0
90,URLLC,3,WiFi_2,WiFi,0,0.0,0.0,0.0
90,URLLC,4,WiFi_3,WiFi,0,0.0,0.0,0.0
90,URLLC,5,WiFi_4,WiFi,0,0.0,0.0,0.0
90,URLLC,6,Satellite_1,Satellite,1,4603861.592336222,14411738.088085657,4603861.592336222
90,URLLC,7,Satellite_2,Satellite,0,0.0,0.0,0.0
91,URLLC,0,6G_1,6G,0,0.0,0.0,0.0
91,URLLC,1,6G_2,6G,0,0.0,0.0,0.0
91,URLLC,2,WiFi_1,WiFi,0,0.0,0.0,0.0
91,URLLC,3,WiFi_2,WiFi,0,0.0,0.0,0.0
91,URLLC,4,WiFi_3,WiFi,0,0.0,0.0,0.0
91,URLLC,5,WiFi_4,WiFi,0,0.0,0.0,0.0
91,URLLC,6,Satellite_1,Satellite,0,0.0,0.0,0.0
91,URLLC,7,Satellite_2,Satellite,1,7176885.4325684495,14411738.088085657,7176885.4325684495
92,URLLC,0,6G_1,6G,0,0.0,0.0,0.0
92,URLLC,1,6G_2,6G,0,0.0,0.0,0.0
92,URLLC,2,WiFi_1,WiFi,0,0.0,0.0,0.0
92,URLLC,3,WiFi_2,WiFi,0,0.0,0.0,0.0
92,URLLC,4,WiFi_3,WiFi,0,0.0,0.0,0.0
92,URLLC,5,WiFi_4,WiFi,0,0.0,0.0,0.0
92,URLLC,6,Satellite_1,Satellite,0,0.0,0.0,0.0
92,URLLC,7,Satellite_2,Satellite,1,8344517.615627555,14411738.088085657,8344517.615627555
93,URLLC,0,6G_1,6G,0,0.0,0.0,0.0
93,URLLC,1,6G_2,6G,0,0.0,0.0,0.0
93,URLLC,2,WiFi_1,WiFi,0,0.0,0.0,0.0
93,URLLC,3,WiFi_2,WiFi,0,0.0,0.0,0.0
93,URLLC,4,WiFi_3,WiFi,0,0.0,0.0,0.0
93,URLLC,5,WiFi_4,WiFi,0,0.0,0.0,0.0
93,URLLC,6,Satellite_1,Satellite,0,0.0,0.0,0.0
93,URLLC,7,Satellite_2,Satellite,1,2791600.8859461765,14411738.088085657,2791600.8859461765
94,URLLC,0,6G_1,6G,0,0.0,0.0,0.0
94,URLLC,1,6G_2,6G,0,0.0,0.0,0.0
94,URLLC,2,WiFi_1,WiFi,0,0.0,0.0,0.0
94,URLLC,3,WiFi_2,WiFi,0,0.0,0.0,0.0
94,URLLC,4,WiFi_3,WiFi,0,0.0,0.0,0.0
94,URLLC,5,WiFi_4,WiFi,0,0.0,0.0,0.0
94,URLLC,6,Satellite_1,Satellite,0,0.0,0.0,0.0
94,URLLC,7,Satellite_2,Satellite,1,4172406.490587106,14411738.088085657,4172406.490587106
95,URLLC,0,6G_1,6G,0,0.0,0.0,0.0
95,URLLC,1,6G_2,6G,0,0.0,0.0,0.0
95,URLLC,2,WiFi_1,WiFi,0,0.0,0.0,0.0
95,URLLC,3,WiFi_2,WiFi,0,0.0,0.0,0.0
95,URLLC,4,WiFi_3,WiFi,0,0.0,0.0,0.0
95,URLLC,5,WiFi_4,WiFi,0,0.0,0.0,0.0
95,URLLC,6,Satellite_1,Satellite,0,0.0,0.0,0.0
95,URLLC,7,Satellite_2,Satellite,1,6458712.32478866,14411738.088085657,6458712.32478866
96,URLLC,0,6G_1,6G,0,0.0,0.0,0.0
96,URLLC,1,6G_2,6G,0,0.0,0.0,0.0
96,URLLC,2,WiFi_1,WiFi,0,0.0,0.0,0.0
96,URLLC,3,WiFi_2,WiFi,0,0.0,0.0,0.0
96,URLLC,4,WiFi_3,WiFi,0,0.0,0.0,0.0
96,URLLC,5,WiFi_4,WiFi,0,0.0,0.0,0.0
96,URLLC,6,Satellite_1,Satellite,0,0.0,0.0,0.0
96,URLLC,7,Satellite_2,Satellite,1,10350814.122178283,14411738.088085657,10350814.122178283
97,URLLC,0,6G_1,6G,0,0.0,0.0,0.0
97,URLLC,1,6G_2,6G,0,0.0,0.0,0.0
97,URLLC,2,WiFi_1,WiFi,0,0.0,0.0,0.0
97,URLLC,3,WiFi_2,WiFi,0,0.0,0.0,0.0
97,URLLC,4,WiFi_3,WiFi,0,0.0,0.0,0.0
97,URLLC,5,WiFi_4,WiFi,0,0.0,0.0,0.0
97,URLLC,6,Satellite_1,Satellite,1,4406712.103243142,14411738.088085657,4406712.103243142
97,URLLC,7,Satellite_2,Satellite,0,0.0,0.0,0.0
98,URLLC,0,6G_1,6G,0,0.0,0.0,0.0
98,URLLC,1,6G_2,6G,0,0.0,0.0,0.0
98,URLLC,2,WiFi_1,WiFi,0,0.0,0.0,0.0
98,URLLC,3,WiFi_2,WiFi,0,0.0,0.0,0.0
98,URLLC,4,WiFi_3,WiFi,0,0.0,0.0,0.0
98,URLLC,5,WiFi_4,WiFi,0,0.0,0.0,0.0
98,URLLC,6,Satellite_1,Satellite,0,0.0,0.0,0.0
98,URLLC,7,Satellite_2,Satellite,1,4469629.86093878,14411738.088085657,4469629.86093878
99,URLLC,0,6G_1,6G,0,0.0,0.0,0.0
99,URLLC,1,6G_2,6G,0,0.0,0.0,0.0
99,URLLC,2,WiFi_1,WiFi,0,0.0,0.0,0.0
99,URLLC,3,WiFi_2,WiFi,0,0.0,0.0,0.0
99,URLLC,4,WiFi_3,WiFi,0,0.0,0.0,0.0
99,URLLC,5,WiFi_4,WiFi,0,0.0,0.0,0.0
99,URLLC,6,Satellite_1,Satellite,1,9131331.847192118,14411738.088085657,9131331.847192118
99,URLLC,7,Satellite_2,Satellite,0,0.0,0.0,0.0
100,URLLC,0,6G_1,6G,0,0.0,0.0,0.0
100,URLLC,1,6G_2,6G,0,0.0,0.0,0.0
100,URLLC,2,WiFi_1,WiFi,0,0.0,0.0,0.0
100,URLLC,3,WiFi_2,WiFi,1,26812496.466162656,20000000.0,20000000.0
100,URLLC,4,WiFi_3,WiFi,0,0.0,0.0,0.0
100,URLLC,5,WiFi_4,WiFi,0,0.0,0.0,0.0
100,URLLC,6,Satellite_1,Satellite,0,0.0,0.0,0.0
100,URLLC,7,Satellite_2,Satellite,0,0.0,0.0,0.0
101,URLLC,0,6G_1,6G,0,0.0,0.0,0.0
101,URLLC,1,6G_2,6G,0,0.0,0.0,0.0
101,URLLC,2,WiFi_1,WiFi,0,0.0,0.0,0.0
101,URLLC,3,WiFi_2,WiFi,0,0.0,0.0,0.0
101,URLLC,4,WiFi_3,WiFi,1,52066192.53067957,20000000.0,20000000.0
101,URLLC,5,WiFi_4,WiFi,0,0.0,0.0,0.0
101,URLLC,6,Satellite_1,Satellite,0,0.0,0.0,0.0
101,URLLC,7,Satellite_2,Satellite,0,0.0,0.0,0.0
102,URLLC,0,6G_1,6G,0,0.0,0.0,0.0
102,URLLC,1,6G_2,6G,0,0.0,0.0,0.0
102,URLLC,2,WiFi_1,WiFi,1,39171360.867812194,20000000.0,20000000.0
102,URLLC,3,WiFi_2,WiFi,0,0.0,0.0,0.0
102,URLLC,4,WiFi_3,WiFi,0,0.0,0.0,0.0
102,URLLC,5,WiFi_4,WiFi,0,0.0,0.0,0.0
102,URLLC,6,Satellite_1,Satellite,0,0.0,0.0,0.0
102,URLLC,7,Satellite_2,Satellite,0,0.0,0.0,0.0
103,URLLC,0,6G_1,6G,0,0.0,0.0,0.0
103,URLLC,1,6G_2,6G,1,65813959.21324339,40000000.0,40000000.0
103,URLLC,2,WiFi_1,WiFi,0,0.0,0.0,0.0
103,URLLC,3,WiFi_2,WiFi,0,0.0,0.0,0.0
103,URLLC,4,WiFi_3,WiFi,0,0.0,0.0,0.0
103,URLLC,5,WiFi_4,WiFi,0,0.0,0.0,0.0
103,URLLC,6,Satellite_1,Satellite,0,0.0,0.0,0.0
103,URLLC,7,Satellite_2,Satellite,0,0.0,0.0,0.0
104,URLLC,0,6G_1,6G,0,0.0,0.0,0.0
104,URLLC,1,6G_2,6G,1,66080941.953938775,40000000.0,40000000.0
104,URLLC,2,WiFi_1,WiFi,0,0.0,0.0,0.0
104,URLLC,3,WiFi_2,WiFi,0,0.0,0.0,0.0
104,URLLC,4,WiFi_3,WiFi,0,0.0,0.0,0.0
104,URLLC,5,WiFi_4,WiFi,0,0.0,0.0,0.0
104,URLLC,6,Satellite_1,Satellite,0,0.0,0.0,0.0
104,URLLC,7,Satellite_2,Satellite,0,0.0,0.0,0.0
105,URLLC,0,6G_1,6G,1,61597265.070242845,40000000.0,40000000.0
105,URLLC,1,6G_2,6G,0,0.0,0.0,0.0
105,URLLC,2,WiFi_1,WiFi,0,0.0,0.0,0.0
105,URLLC,3,WiFi_2,WiFi,0,0.0,0.0,0.0
105,URLLC,4,WiFi_3,WiFi,0,0.0,0.0,0.0
105,URLLC,5,WiFi_4,WiFi,0,0.0,0.0,0.0
105,URLLC,6,Satellite_1,Satellite,0,0.0,0.0,0.0
105,URLLC,7,Satellite_2,Satellite,0,0.0,0.0,0.0
106,URLLC,0,6G_1,6G,0,0.0,0.0,0.0
106,URLLC,1,6G_2,6G,0,0.0,0.0,0.0
106,URLLC,2,WiFi_1,WiFi,0,0.0,0.0,0.0
106,URLLC,3,WiFi_2,WiFi,1,25670202.14145994,20000000.0,20000000.0
106,URLLC,4,WiFi_3,WiFi,0,0.0,0.0,0.0
106,URLLC,5,WiFi_4,WiFi,0,0.0,0.0,0.0
106,URLLC,6,Satellite_1,Satellite,0,0.0,0.0,0.0
106,URLLC,7,Satellite_2,Satellite,0,0.0,0.0,0.0
107,URLLC,0,6G_1,6G,0,0.0,0.0,0.0
107,URLLC,1,6G_2,6G,0,0.0,0.0,0.0
107,URLLC,2,WiFi_1,WiFi,0,0.0,0.0,0.0
107,URLLC,3,WiFi_2,WiFi,1,15379302.793664807,20000000.0,15379302.793664807
107,URLLC,4,WiFi_3,WiFi,0,0.0,0.0,0.0
107,URLLC,5,WiFi_4,WiFi,0,0.0,0.0,0.0
107,URLLC,6,Satellite_1,Satellite,0,0.0,0.0,0.0
107,URLLC,7,Satellite_2,Satellite,0,0.0,0.0,0.0
108,URLLC,0,6G_1,6G,0,0.0,0.0,0.0
108,URLLC,1,6G_2,6G,0,0.0,0.0,0.0
108,URLLC,2,WiFi_1,WiFi,1,18745072.518899985,20000000.0,18745072.518899985
108,URLLC,3,WiFi_2,WiFi,0,0.0,0.0,0.0
108,URLLC,4,WiFi_3,WiFi,0,0.0,0.0,0.0
108,URLLC,5,WiFi_4,WiFi,0,0.0,0.0,0.0
108,URLLC,6,Satellite_1,Satellite,0,0.0,0.0,0.0
108,URLLC,7,Satellite_2,Satellite,0,0.0,0.0,0.0
109,URLLC,0,6G_1,6G,0,0.0,0.0,0.0
109,URLLC,1,6G_2,6G,1,51758004.20547716,40000000.0,40000000.0
109,URLLC,2,WiFi_1,WiFi,0,0.0,0.0,0.0
109,URLLC,3,WiFi_2,WiFi,0,0.0,0.0,0.0
109,URLLC,4,WiFi_3,WiFi,0,0.0,0.0,0.0
109,URLLC,5,WiFi_4,WiFi,0,0.0,0.0,0.0
109,URLLC,6,Satellite_1,Satellite,0,0.0,0.0,0.0
109,URLLC,7,Satellite_2,Satellite,0,0.0,0.0,0.0
110,URLLC,0,6G_1,6G,0,0.0,0.0,0.0
110,URLLC,1,6G_2,6G,1,112121590.78811905,40000000.0,40000000.0
110,URLLC,2,WiFi_1,WiFi,0,0.0,0.0,0.0
110,URLLC,3,WiFi_2,WiFi,0,0.0,0.0,0.0
110,URLLC,4,WiFi_3,WiFi,0,0.0,0.0,0.0
110,URLLC,5,WiFi_4,WiFi,0,0.0,0.0,0.0
110,URLLC,6,Satellite_1,Satellite,0,0.0,0.0,0.0
110,URLLC,7,Satellite_2,Satellite,0,0.0,0.0,0.0
111,URLLC,0,6G_1,6G,0,0.0,0.0,0.0
111,URLLC,1,6G_2,6G,1,69255630.0760116,40000000.0,40000000.0
111,URLLC,2,WiFi_1,WiFi,0,0.0,0.0,0.0
111,URLLC,3,WiFi_2,WiFi,0,0.0,0.0,0.0
111,URLLC,4,WiFi_3,WiFi,0,0.0,0.0,0.0
111,URLLC,5,WiFi_4,WiFi,0,0.0,0.0,0.0
111,URLLC,6,Satellite_1,Satellite,0,0.0,0.0,0.0
111,URLLC,7,Satellite_2,Satellite,0,0.0,0.0,0.0
112,URLLC,0,6G_1,6G,0,0.0,0.0,0.0
112,URLLC,1,6G_2,6G,0,0.0,0.0,0.0
112,URLLC,2,WiFi_1,WiFi,1,38999409.315670334,20000000.0,20000000.0
112,URLLC,3,WiFi_2,WiFi,0,0.0,0.0,0.0
112,URLLC,4,WiFi_3,WiFi,0,0.0,0.0,0.0
112,URLLC,5,WiFi_4,WiFi,0,0.0,0.0,0.0
112,URLLC,6,Satellite_1,Satellite,0,0.0,0.0,0.0
112,URLLC,7,Satellite_2,Satellite,0,0.0,0.0,0.0
113,URLLC,0,6G_1,6G,0,0.0,0.0,0.0
113,URLLC,1,6G_2,6G,0,0.0,0.0,0.0
113,URLLC,2,WiFi_1,WiFi,0,0.0,0.0,0.0
113,URLLC,3,WiFi_2,WiFi,0,0.0,0.0,0.0
113,URLLC,4,WiFi_3,WiFi,0,0.0,0.0,0.0
113,URLLC,5,WiFi_4,WiFi,1,46199471.29902433,20000000.0,20000000.0
113,URLLC,6,Satellite_1,Satellite,0,0.0,0.0,0.0
113,URLLC,7,Satellite_2,Satellite,0,0.0,0.0,0.0
114,URLLC,0,6G_1,6G,0,0.0,0.0,0.0
114,URLLC,1,6G_2,6G,0,0.0,0.0,0.0
114,URLLC,2,WiFi_1,WiFi,0,0.0,0.0,0.0
114,URLLC,3,WiFi_2,WiFi,1,32137239.598411493,20000000.0,20000000.0
114,URLLC,4,WiFi_3,WiFi,0,0.0,0.0,0.0
114,URLLC,5,WiFi_4,WiFi,0,0.0,0.0,0.0
114,URLLC,6,Satellite_1,Satellite,0,0.0,0.0,0.0
114,URLLC,7,Satellite_2,Satellite,0,0.0,0.0,0.0
115,URLLC,0,6G_1,6G,0,0.0,0.0,0.0
115,URLLC,1,6G_2,6G,0,0.0,0.0,0.0
115,URLLC,2,WiFi_1,WiFi,1,38335833.731049135,20000000.0,20000000.0
115,URLLC,3,WiFi_2,WiFi,0,0.0,0.0,0.0
115,URLLC,4,WiFi_3,WiFi,0,0.0,0.0,0.0
115,URLLC,5,WiFi_4,WiFi,0,0.0,0.0,0.0
115,URLLC,6,Satellite_1,Satellite,0,0.0,0.0,0.0
115,URLLC,7,Satellite_2,Satellite,0,0.0,0.0,0.0
116,URLLC,0,6G_1,6G,0,0.0,0.0,0.0
116,URLLC,1,6G_2,6G,0,0.0,0.0,0.0
116,URLLC,2,WiFi_1,WiFi,0,0.0,0.0,0.0
116,URLLC,3,WiFi_2,WiFi,0,0.0,0.0,0.0
116,URLLC,4,WiFi_3,WiFi,0,0.0,0.0,0.0
116,URLLC,5,WiFi_4,WiFi,1,18724233.065471124,20000000.0,18724233.065471124
116,URLLC,6,Satellite_1,Satellite,0,0.0,0.0,0.0
116,URLLC,7,Satellite_2,Satellite,0,0.0,0.0,0.0
117,URLLC,0,6G_1,6G,0,0.0,0.0,0.0
117,URLLC,1,6G_2,6G,0,0.0,0.0,0.0
117,URLLC,2,WiFi_1,WiFi,1,26673131.419377156,20000000.0,20000000.0
117,URLLC,3,WiFi_2,WiFi,0,0.0,0.0,0.0
117,URLLC,4,WiFi_3,WiFi,0,0.0,0.0,0.0
117,URLLC,5,WiFi_4,WiFi,0,0.0,0.0,0.0
117,URLLC,6,Satellite_1,Satellite,0,0.0,0.0,0.0
117,URLLC,7,Satellite_2,Satellite,0,0.0,0.0,0.0
118,URLLC,0,6G_1,6G,0,0.0,0.0,0.0
118,URLLC,1,6G_2,6G,0,0.0,0.0,0.0
118,URLLC,2,WiFi_1,WiFi,1,23733383.469420698,20000000.0,20000000.0
118,URLLC,3,WiFi_2,WiFi,0,0.0,0.0,0.0
118,URLLC,4,WiFi_3,WiFi,0,0.0,0.0,0.0
118,URLLC,5,WiFi_4,WiFi,0,0.0,0.0,0.0
118,URLLC,6,Satellite_1,Satellite,0,0.0,0.0,0.0
118,URLLC,7,Satellite_2,Satellite,0,0.0,0.0,0.0
119,URLLC,0,6G_1,6G,1,89923768.75231616,40000000.0,40000000.0
119,URLLC,1,6G_2,6G,0,0.0,0.0,0.0
119,URLLC,2,WiFi_1,WiFi,0,0.0,0.0,0.0
119,URLLC,3,WiFi_2,WiFi,0,0.0,0.0,0.0
119,URLLC,4,WiFi_3,WiFi,0,0.0,0.0,0.0
119,URLLC,5,WiFi_4,WiFi,0,0.0,0.0,0.0
119,URLLC,6,Satellite_1,Satellite,0,0.0,0.0,0.0
119,URLLC,7,Satellite_2,Satellite,0,0.0,0.0,0.0
120,URLLC,0,6G_1,6G,0,0.0,0.0,0.0
120,URLLC,1,6G_2,6G,0,0.0,0.0,0.0
120,URLLC,2,WiFi_1,WiFi,0,0.0,0.0,0.0
120,URLLC,3,WiFi_2,WiFi,0,0.0,0.0,0.0
120,URLLC,4,WiFi_3,WiFi,0,0.0,0.0,0.0
120,URLLC,5,WiFi_4,WiFi,1,5121518.766396492,20000000.0,5121518.766396492
120,URLLC,6,Satellite_1,Satellite,0,0.0,0.0,0.0
120,URLLC,7,Satellite_2,Satellite,0,0.0,0.0,0.0
121,URLLC,0,6G_1,6G,0,0.0,0.0,0.0
121,URLLC,1,6G_2,6G,0,0.0,0.0,0.0
121,URLLC,2,WiFi_1,WiFi,0,0.0,0.0,0.0
121,URLLC,3,WiFi_2,WiFi,0,0.0,0.0,0.0
121,URLLC,4,WiFi_3,WiFi,1,16385539.130746748,20000000.0,16385539.130746748
121,URLLC,5,WiFi_4,WiFi,0,0.0,0.0,0.0
121,URLLC,6,Satellite_1,Satellite,0,0.0,0.0,0.0
121,URLLC,7,Satellite_2,Satellite,0,0.0,0.0,0.0
122,URLLC,0,6G_1,6G,0,0.0,0.0,0.0
122,URLLC,1,6G_2,6G,0,0.0,0.0,0.0
122,URLLC,2,WiFi_1,WiFi,0,0.0,0.0,0.0
122,URLLC,3,WiFi_2,WiFi,1,10285958.713607393,20000000.0,10285958.713607393
122,URLLC,4,WiFi_3,WiFi,0,0.0,0.0,0.0
122,URLLC,5,WiFi_4,WiFi,0,0.0,0.0,0.0
122,URLLC,6,Satellite_1,Satellite,0,0.0,0.0,0.0
122,URLLC,7,Satellite_2,Satellite,0,0.0,0.0,0.0
123,URLLC,0,6G_1,6G,0,0.0,0.0,0.0
123,URLLC,1,6G_2,6G,0,0.0,0.0,0.0
123,URLLC,2,WiFi_1,WiFi,0,0.0,0.0,0.0
123,URLLC,3,WiFi_2,WiFi,1,41841635.60930543,20000000.0,20000000.0
123,URLLC,4,WiFi_3,WiFi,0,0.0,0.0,0.0
123,URLLC,5,WiFi_4,WiFi,0,0.0,0.0,0.0
123,URLLC,6,Satellite_1,Satellite,0,0.0,0.0,0.0
123,URLLC,7,Satellite_2,Satellite,0,0.0,0.0,0.0
124,URLLC,0,6G_1,6G,0,0.0,0.0,0.0
124,URLLC,1,6G_2,6G,1,28747187.62546418,40000000.0,28747187.62546418
124,URLLC,2,WiFi_1,WiFi,0,0.0,0.0,0.0
124,URLLC,3,WiFi_2,WiFi,0,0.0,0.0,0.0
124,URLLC,4,WiFi_3,WiFi,0,0.0,0.0,0.0
124,URLLC,5,WiFi_4,WiFi,0,0.0,0.0,0.0
124,URLLC,6,Satellite_1,Satellite,0,0.0,0.0,0.0
124,URLLC,7,Satellite_2,Satellite,0,0.0,0.0,0.0
125,URLLC,0,6G_1,6G,0,0.0,0.0,0.0
125,URLLC,1,6G_2,6G,1,49983966.01818877,40000000.0,40000000.0
125,URLLC,2,WiFi_1,WiFi,0,0.0,0.0,0.0
125,URLLC,3,WiFi_2,WiFi,0,0.0,0.0,0.0
125,URLLC,4,WiFi_3,WiFi,0,0.0,0.0,0.0
125,URLLC,5,WiFi_4,WiFi,0,0.0,0.0,0.0
125,URLLC,6,Satellite_1,Satellite,0,0.0,0.0,0.0
125,URLLC,7,Satellite_2,Satellite,0,0.0,0.0,0.0
126,URLLC,0,6G_1,6G,0,0.0,0.0,0.0
126,URLLC,1,6G_2,6G,1,58090728.2027543,40000000.0,40000000.0
126,URLLC,2,WiFi_1,WiFi,0,0.0,0.0,0.0
126,URLLC,3,WiFi_2,WiFi,0,0.0,0.0,0.0
126,URLLC,4,WiFi_3,WiFi,0,0.0,0.0,0.0
126,URLLC,5,WiFi_4,WiFi,0,0.0,0.0,0.0
126,URLLC,6,Satellite_1,Satellite,0,0.0,0.0,0.0
126,URLLC,7,Satellite_2,Satellite,0,0.0,0.0,0.0
127,URLLC,0,6G_1,6G,0,0.0,0.0,0.0
127,URLLC,1,6G_2,6G,0,0.0,0.0,0.0
127,URLLC,2,WiFi_1,WiFi,0,0.0,0.0,0.0
127,URLLC,3,WiFi_2,WiFi,0,0.0,0.0,0.0
127,URLLC,4,WiFi_3,WiFi,0,0.0,0.0,0.0
127,URLLC,5,WiFi_4,WiFi,1,13496134.547984574,20000000.0,13496134.547984574
127,URLLC,6,Satellite_1,Satellite,0,0.0,0.0,0.0
127,URLLC,7,Satellite_2,Satellite,0,0.0,0.0,0.0
128,URLLC,0,6G_1,6G,1,50760113.16333046,40000000.0,40000000.0
128,URLLC,1,6G_2,6G,0,0.0,0.0,0.0
128,URLLC,2,WiFi_1,WiFi,0,0.0,0.0,0.0
128,URLLC,3,WiFi_2,WiFi,0,0.0,0.0,0.0
128,URLLC,4,WiFi_3,WiFi,0,0.0,0.0,0.0
128,URLLC,5,WiFi_4,WiFi,0,0.0,0.0,0.0
128,URLLC,6,Satellite_1,Satellite,0,0.0,0.0,0.0
128,URLLC,7,Satellite_2,Satellite,0,0.0,0.0,0.0
129,URLLC,0,6G_1,6G,0,0.0,0.0,0.0
129,URLLC,1,6G_2,6G,1,40879523.49904155,40000000.0,40000000.0
129,URLLC,2,WiFi_1,WiFi,0,0.0,0.0,0.0
129,URLLC,3,WiFi_2,WiFi,0,0.0,0.0,0.0
129,URLLC,4,WiFi_3,WiFi,0,0.0,0.0,0.0
129,URLLC,5,WiFi_4,WiFi,0,0.0,0.0,0.0
129,URLLC,6,Satellite_1,Satellite,0,0.0,0.0,0.0
129,URLLC,7,Satellite_2,Satellite,0,0.0,0.0,0.0
130,URLLC,0,6G_1,6G,0,0.0,0.0,0.0
130,URLLC,1,6G_2,6G,0,0.0,0.0,0.0
130,URLLC,2,WiFi_1,WiFi,0,0.0,0.0,0.0
130,URLLC,3,WiFi_2,WiFi,0,0.0,0.0,0.0
130,URLLC,4,WiFi_3,WiFi,1,9390331.521921614,20000000.0,9390331.521921614
130,URLLC,5,WiFi_4,WiFi,0,0.0,0.0,0.0
130,URLLC,6,Satellite_1,Satellite,0,0.0,0.0,0.0
130,URLLC,7,Satellite_2,Satellite,0,0.0,0.0,0.0
131,URLLC,0,6G_1,6G,1,69054764.91873023,40000000.0,40000000.0
131,URLLC,1,6G_2,6G,0,0.0,0.0,0.0
131,URLLC,2,WiFi_1,WiFi,0,0.0,0.0,0.0
131,URLLC,3,WiFi_2,WiFi,0,0.0,0.0,0.0
131,URLLC,4,WiFi_3,WiFi,0,0.0,0.0,0.0
131,URLLC,5,WiFi_4,WiFi,0,0.0,0.0,0.0
131,URLLC,6,Satellite_1,Satellite,0,0.0,0.0,0.0
131,URLLC,7,Satellite_2,Satellite,0,0.0,0.0,0.0
132,URLLC,0,6G_1,6G,0,0.0,0.0,0.0
132,URLLC,1,6G_2,6G,1,69957199.34791227,40000000.0,40000000.0
132,URLLC,2,WiFi_1,WiFi,0,0.0,0.0,0.0
132,URLLC,3,WiFi_2,WiFi,0,0.0,0.0,0.0
132,URLLC,4,WiFi_3,WiFi,0,0.0,0.0,0.0
132,URLLC,5,WiFi_4,WiFi,0,0.0,0.0,0.0
132,URLLC,6,Satellite_1,Satellite,0,0.0,0.0,0.0
132,URLLC,7,Satellite_2,Satellite,0,0.0,0.0,0.0
133,URLLC,0,6G_1,6G,1,71713674.47235653,40000000.0,40000000.0
133,URLLC,1,6G_2,6G,0,0.0,0.0,0.0
133,URLLC,2,WiFi_1,WiFi,0,0.0,0.0,0.0
133,URLLC,3,WiFi_2,WiFi,0,0.0,0.0,0.0
133,URLLC,4,WiFi_3,WiFi,0,0.0,0.0,0.0
133,URLLC,5,WiFi_4,WiFi,0,0.0,0.0,0.0
133,URLLC,6,Satellite_1,Satellite,0,0.0,0.0,0.0
133,URLLC,7,Satellite_2,Satellite,0,0.0,0.0,0.0
134,URLLC,0,6G_1,6G,1,12145854.267150844,40000000.0,12145854.267150844
134,URLLC,1,6G_2,6G,0,0.0,0.0,0.0
134,URLLC,2,WiFi_1,WiFi,0,0.0,0.0,0.0
134,URLLC,3,WiFi_2,WiFi,0,0.0,0.0,0.0
134,URLLC,4,WiFi_3,WiFi,0,0.0,0.0,0.0
134,URLLC,5,WiFi_4,WiFi,0,0.0,0.0,0.0
134,URLLC,6,Satellite_1,Satellite,0,0.0,0.0,0.0
134,URLLC,7,Satellite_2,Satellite,0,0.0,0.0,0.0
135,URLLC,0,6G_1,6G,0,0.0,0.0,0.0
135,URLLC,1,6G_2,6G,1,74266155.80501382,40000000.0,40000000.0
135,URLLC,2,WiFi_1,WiFi,0,0.0,0.0,0.0
135,URLLC,3,WiFi_2,WiFi,0,0.0,0.0,0.0
135,URLLC,4,WiFi_3,WiFi,0,0.0,0.0,0.0
135,URLLC,5,WiFi_4,WiFi,0,0.0,0.0,0.0
135,URLLC,6,Satellite_1,Satellite,0,0.0,0.0,0.0
135,URLLC,7,Satellite_2,Satellite,0,0.0,0.0,0.0
136,URLLC,0,6G_1,6G,1,44892482.470304385,40000000.0,40000000.0
136,URLLC,1,6G_2,6G,0,0.0,0.0,0.0
136,URLLC,2,WiFi_1,WiFi,0,0.0,0.0,0.0
136,URLLC,3,WiFi_2,WiFi,0,0.0,0.0,0.0
136,URLLC,4,WiFi_3,WiFi,0,0.0,0.0,0.0
136,URLLC,5,WiFi_4,WiFi,0,0.0,0.0,0.0
136,URLLC,6,Satellite_1,Satellite,0,0.0,0.0,0.0
136,URLLC,7,Satellite_2,Satellite,0,0.0,0.0,0.0
137,URLLC,0,6G_1,6G,0,0.0,0.0,0.0
137,URLLC,1,6G_2,6G,1,44934723.222908,40000000.0,40000000.0
137,URLLC,2,WiFi_1,WiFi,0,0.0,0.0,0.0
137,URLLC,3,WiFi_2,WiFi,0,0.0,0.0,0.0
137,URLLC,4,WiFi_3,WiFi,0,0.0,0.0,0.0
137,URLLC,5,WiFi_4,WiFi,0,0.0,0.0,0.0
137,URLLC,6,Satellite_1,Satellite,0,0.0,0.0,0.0
137,URLLC,7,Satellite_2,Satellite,0,0.0,0.0,0.0
138,URLLC,0,6G_1,6G,0,0.0,0.0,0.0
138,URLLC,1,6G_2,6G,1,66751390.66842079,40000000.0,40000000.0
138,URLLC,2,WiFi_1,WiFi,0,0.0,0.0,0.0
138,URLLC,3,WiFi_2,WiFi,0,0.0,0.0,0.0
138,URLLC,4,WiFi_3,WiFi,0,0.0,0.0,0.0
138,URLLC,5,WiFi_4,WiFi,0,0.0,0.0,0.0
138,URLLC,6,Satellite_1,Satellite,0,0.0,0.0,0.0
138,URLLC,7,Satellite_2,Satellite,0,0.0,0.0,0.0
139,URLLC,0,6G_1,6G,0,0.0,0.0,0.0
139,URLLC,1,6G_2,6G,1,93319334.83389176,40000000.0,40000000.0
139,URLLC,2,WiFi_1,WiFi,0,0.0,0.0,0.0
139,URLLC,3,WiFi_2,WiFi,0,0.0,0.0,0.0
139,URLLC,4,WiFi_3,WiFi,0,0.0,0.0,0.0
139,URLLC,5,WiFi_4,WiFi,0,0.0,0.0,0.0
139,URLLC,6,Satellite_1,Satellite,0,0.0,0.0,0.0
139,URLLC,7,Satellite_2,Satellite,0,0.0,0.0,0.0
140,URLLC,0,6G_1,6G,0,0.0,0.0,0.0
140,URLLC,1,6G_2,6G,1,43890888.598440036,40000000.0,40000000.0
140,URLLC,2,WiFi_1,WiFi,0,0.0,0.0,0.0
140,URLLC,3,WiFi_2,WiFi,0,0.0,0.0,0.0
140,URLLC,4,WiFi_3,WiFi,0,0.0,0.0,0.0
140,URLLC,5,WiFi_4,WiFi,0,0.0,0.0,0.0
140,URLLC,6,Satellite_1,Satellite,0,0.0,0.0,0.0
140,URLLC,7,Satellite_2,Satellite,0,0.0,0.0,0.0
141,URLLC,0,6G_1,6G,0,0.0,0.0,0.0
141,URLLC,1,6G_2,6G,0,0.0,0.0,0.0
141,URLLC,2,WiFi_1,WiFi,0,0.0,0.0,0.0
141,URLLC,3,WiFi_2,WiFi,0,0.0,0.0,0.0
141,URLLC,4,WiFi_3,WiFi,0,0.0,0.0,0.0
141,URLLC,5,WiFi_4,WiFi,1,38576509.8445753,20000000.0,20000000.0
141,URLLC,6,Satellite_1,Satellite,0,0.0,0.0,0.0
141,URLLC,7,Satellite_2,Satellite,0,0.0,0.0,0.0
142,URLLC,0,6G_1,6G,0,0.0,0.0,0.0
142,URLLC,1,6G_2,6G,0,0.0,0.0,0.0
142,URLLC,2,WiFi_1,WiFi,0,0.0,0.0,0.0
142,URLLC,3,WiFi_2,WiFi,0,0.0,0.0,0.0
142,URLLC,4,WiFi_3,WiFi,1,12779974.207629697,20000000.0,12779974.207629697
142,URLLC,5,WiFi_4,WiFi,0,0.0,0.0,0.0
142,URLLC,6,Satellite_1,Satellite,0,0.0,0.0,0.0
142,URLLC,7,Satellite_2,Satellite,0,0.0,0.0,0.0
143,URLLC,0,6G_1,6G,0,0.0,0.0,0.0
143,URLLC,1,6G_2,6G,0,0.0,0.0,0.0
143,URLLC,2,WiFi_1,WiFi,0,0.0,0.0,0.0
143,URLLC,3,WiFi_2,WiFi,1,17033402.890109897,20000000.0,17033402.890109897
143,URLLC,4,WiFi_3,WiFi,0,0.0,0.0,0.0
143,URLLC,5,WiFi_4,WiFi,0,0.0,0.0,0.0
143,URLLC,6,Satellite_1,Satellite,0,0.0,0.0,0.0
143,URLLC,7,Satellite_2,Satellite,0,0.0,0.0,0.0
144,URLLC,0,6G_1,6G,1,84515052.90420215,40000000.0,40000000.0
144,URLLC,1,6G_2,6G,0,0.0,0.0,0.0
144,URLLC,2,WiFi_1,WiFi,0,0.0,0.0,0.0
144,URLLC,3,WiFi_2,WiFi,0,0.0,0.0,0.0
144,URLLC,4,WiFi_3,WiFi,0,0.0,0.0,0.0
144,URLLC,5,WiFi_4,WiFi,0,0.0,0.0,0.0
144,URLLC,6,Satellite_1,Satellite,0,0.0,0.0,0.0
144,URLLC,7,Satellite_2,Satellite,0,0.0,0.0,0.0
145,URLLC,0,6G_1,6G,0,0.0,0.0,0.0
145,URLLC,1,6G_2,6G,0,0.0,0.0,0.0
145,URLLC,2,WiFi_1,WiFi,0,0.0,0.0,0.0
145,URLLC,3,WiFi_2,WiFi,0,0.0,0.0,0.0
145,URLLC,4,WiFi_3,WiFi,1,32262767.830420855,20000000.0,20000000.0
145,URLLC,5,WiFi_4,WiFi,0,0.0,0.0,0.0
145,URLLC,6,Satellite_1,Satellite,0,0.0,0.0,0.0
145,URLLC,7,Satellite_2,Satellite,0,0.0,0.0,0.0
146,URLLC,0,6G_1,6G,0,0.0,0.0,0.0
146,URLLC,1,6G_2,6G,1,37452558.29692492,40000000.0,37452558.29692492
146,URLLC,2,WiFi_1,WiFi,0,0.0,0.0,0.0
146,URLLC,3,WiFi_2,WiFi,0,0.0,0.0,0.0
146,URLLC,4,WiFi_3,WiFi,0,0.0,0.0,0.0
146,URLLC,5,WiFi_4,WiFi,0,0.0,0.0,0.0
146,URLLC,6,Satellite_1,Satellite,0,0.0,0.0,0.0
146,URLLC,7,Satellite_2,Satellite,0,0.0,0.0,0.0
147,URLLC,0,6G_1,6G,0,0.0,0.0,0.0
147,URLLC,1,6G_2,6G,0,0.0,0.0,0.0
147,URLLC,2,WiFi_1,WiFi,0,0.0,0.0,0.0
147,URLLC,3,WiFi_2,WiFi,0,0.0,0.0,0.0
147,URLLC,4,WiFi_3,WiFi,0,0.0,0.0,0.0
147,URLLC,5,WiFi_4,WiFi,1,20996745.68873461,20000000.0,20000000.0
147,URLLC,6,Satellite_1,Satellite,0,0.0,0.0,0.0
147,URLLC,7,Satellite_2,Satellite,0,0.0,0.0,0.0
148,URLLC,0,6G_1,6G,0,0.0,0.0,0.0
148,URLLC,1,6G_2,6G,1,74871755.3979327,40000000.0,40000000.0
148,URLLC,2,WiFi_1,WiFi,0,0.0,0.0,0.0
148,URLLC,3,WiFi_2,WiFi,0,0.0,0.0,0.0
148,URLLC,4,WiFi_3,WiFi,0,0.0,0.0,0.0
148,URLLC,5,WiFi_4,WiFi,0,0.0,0.0,0.0
148,URLLC,6,Satellite_1,Satellite,0,0.0,0.0,0.0
148,URLLC,7,Satellite_2,Satellite,0,0.0,0.0,0.0
149,URLLC,0,6G_1,6G,0,0.0,0.0,0.0
149,URLLC,1,6G_2,6G,0,0.0,0.0,0.0
149,URLLC,2,WiFi_1,WiFi,0,0.0,0.0,0.0
149,URLLC,3,WiFi_2,WiFi,1,14684367.030773506,20000000.0,14684367.030773506
149,URLLC,4,WiFi_3,WiFi,0,0.0,0.0,0.0
149,URLLC,5,WiFi_4,WiFi,0,0.0,0.0,0.0
149,URLLC,6,Satellite_1,Satellite,0,0.0,0.0,0.0
149,URLLC,7,Satellite_2,Satellite,0,0.0,0.0,0.0
150,eMBB,0,6G_1,6G,0,0.0,0.0,0.0
150,eMBB,1,6G_2,6G,1,40000000.0,40000000.0,40000000.0
150,eMBB,2,WiFi_1,WiFi,0,0.0,0.0,0.0
150,eMBB,3,WiFi_2,WiFi,1,20000000.0,20000000.0,20000000.0
150,eMBB,4,WiFi_3,WiFi,0,0.0,0.0,0.0
150,eMBB,5,WiFi_4,WiFi,0,0.0,0.0,0.0
150,eMBB,6,Satellite_1,Satellite,0,0.0,0.0,0.0
150,eMBB,7,Satellite_2,Satellite,0,0.0,0.0,0.0
151,eMBB,0,6G_1,6G,0,0.0,0.0,0.0
151,eMBB,1,6G_2,6G,1,34555889.02166127,40000000.0,34555889.02166127
151,eMBB,2,WiFi_1,WiFi,0,0.0,0.0,0.0
151,eMBB,3,WiFi_2,WiFi,0,0.0,0.0,0.0
151,eMBB,4,WiFi_3,WiFi,1,13154341.215122476,20000000.0,13154341.215122476
151,eMBB,5,WiFi_4,WiFi,0,0.0,0.0,0.0
151,eMBB,6,Satellite_1,Satellite,0,0.0,0.0,0.0
151,eMBB,7,Satellite_2,Satellite,0,0.0,0.0,0.0
152,eMBB,0,6G_1,6G,1,40000000.0,40000000.0,40000000.0
152,eMBB,1,6G_2,6G,0,0.0,0.0,0.0
152,eMBB,2,WiFi_1,WiFi,0,0.0,0.0,0.0
152,eMBB,3,WiFi_2,WiFi,0,0.0,0.0,0.0
152,eMBB,4,WiFi_3,WiFi,1,20000000.0,20000000.0,20000000.0
152,eMBB,5,WiFi_4,WiFi,0,0.0,0.0,0.0
152,eMBB,6,Satellite_1,Satellite,0,0.0,0.0,0.0
152,eMBB,7,Satellite_2,Satellite,0,0.0,0.0,0.0
153,eMBB,0,6G_1,6G,1,32131596.316596314,40000000.0,32131596.316596314
153,eMBB,1,6G_2,6G,0,0.0,0.0,0.0
153,eMBB,2,WiFi_1,WiFi,0,0.0,0.0,0.0
153,eMBB,3,WiFi_2,WiFi,0,0.0,0.0,0.0
153,eMBB,4,WiFi_3,WiFi,1,15328930.424849197,20000000.0,15328930.424849197
153,eMBB,5,WiFi_4,WiFi,0,0.0,0.0,0.0
153,eMBB,6,Satellite_1,Satellite,0,0.0,0.0,0.0
153,eMBB,7,Satellite_2,Satellite,0,0.0,0.0,0.0
154,eMBB,0,6G_1,6G,1,40000000.0,40000000.0,40000000.0
154,eMBB,1,6G_2,6G,0,0.0,0.0,0.0
154,eMBB,2,WiFi_1,WiFi,0,0.0,0.0,0.0
154,eMBB,3,WiFi_2,WiFi,1,17941968.06493319,20000000.0,17941968.06493319
154,eMBB,4,WiFi_3,WiFi,0,0.0,0.0,0.0
154,eMBB,5,WiFi_4,WiFi,0,0.0,0.0,0.0
154,eMBB,6,Satellite_1,Satellite,0,0.0,0.0,0.0
154,eMBB,7,Satellite_2,Satellite,0,0.0,0.0,0.0
155,eMBB,0,6G_1,6G,1,40000000.0,40000000.0,40000000.0
155,eMBB,1,6G_2,6G,0,0.0,0.0,0.0
155,eMBB,2,WiFi_1,WiFi,0,0.0,0.0,0.0
155,eMBB,3,WiFi_2,WiFi,0,0.0,0.0,0.0
155,eMBB,4,WiFi_3,WiFi,0,0.0,0.0,0.0
155,eMBB,5,WiFi_4,WiFi,1,13112956.29356912,20000000.0,13112956.29356912
155,eMBB,6,Satellite_1,Satellite,0,0.0,0.0,0.0
155,eMBB,7,Satellite_2,Satellite,0,0.0,0.0,0.0
156,eMBB,0,6G_1,6G,1,21878137.437094405,40000000.0,21878137.437094405
156,eMBB,1,6G_2,6G,0,0.0,0.0,0.0
156,eMBB,2,WiFi_1,WiFi,0,0.0,0.0,0.0
156,eMBB,3,WiFi_2,WiFi,0,0.0,0.0,0.0
156,eMBB,4,WiFi_3,WiFi,1,10472183.176150525,20000000.0,10472183.176150525
156,eMBB,5,WiFi_4,WiFi,0,0.0,0.0,0.0
156,eMBB,6,Satellite_1,Satellite,0,0.0,0.0,0.0
156,eMBB,7,Satellite_2,Satellite,0,0.0,0.0,0.0
157,eMBB,0,6G_1,6G,0,0.0,0.0,0.0
157,eMBB,1,6G_2,6G,1,33130882.02248505,40000000.0,33130882.02248505
157,eMBB,2,WiFi_1,WiFi,0,0.0,0.0,0.0
157,eMBB,3,WiFi_2,WiFi,0,0.0,0.0,0.0
157,eMBB,4,WiFi_3,WiFi,0,0.0,0.0,0.0
157,eMBB,5,WiFi_4,WiFi,1,6228061.419251329,20000000.0,6228061.419251329
157,eMBB,6,Satellite_1,Satellite,0,0.0,0.0,0.0
157,eMBB,7,Satellite_2,Satellite,0,0.0,0.0,0.0
158,eMBB,0,6G_1,6G,1,40000000.0,40000000.0,40000000.0
158,eMBB,1,6G_2,6G,0,0.0,0.0,0.0
158,eMBB,2,WiFi_1,WiFi,1,20000000.0,20000000.0,20000000.0
158,eMBB,3,WiFi_2,WiFi,0,0.0,0.0,0.0
158,eMBB,4,WiFi_3,WiFi,0,0.0,0.0,0.0
158,eMBB,5,WiFi_4,WiFi,0,0.0,0.0,0.0
158,eMBB,6,Satellite_1,Satellite,0,0.0,0.0,0.0
158,eMBB,7,Satellite_2,Satellite,0,0.0,0.0,0.0
159,eMBB,0,6G_1,6G,0,0.0,0.0,0.0
159,eMBB,1,6G_2,6G,1,40000000.0,40000000.0,40000000.0
159,eMBB,2,WiFi_1,WiFi,0,0.0,0.0,0.0
159,eMBB,3,WiFi_2,WiFi,1,19999999.999999996,20000000.0,19999999.999999996
159,eMBB,4,WiFi_3,WiFi,0,0.0,0.0,0.0
159,eMBB,5,WiFi_4,WiFi,0,0.0,0.0,0.0
159,eMBB,6,Satellite_1,Satellite,0,0.0,0.0,0.0
159,eMBB,7,Satellite_2,Satellite,0,0.0,0.0,0.0
160,eMBB,0,6G_1,6G,1,38510578.34324543,40000000.0,38510578.34324543
160,eMBB,1,6G_2,6G,0,0.0,0.0,0.0
160,eMBB,2,WiFi_1,WiFi,0,0.0,0.0,0.0
160,eMBB,3,WiFi_2,WiFi,0,0.0,0.0,0.0
160,eMBB,4,WiFi_3,WiFi,1,1435465.96308008,20000000.0,1435465.96308008
160,eMBB,5,WiFi_4,WiFi,0,0.0,0.0,0.0
160,eMBB,6,Satellite_1,Satellite,0,0.0,0.0,0.0
160,eMBB,7,Satellite_2,Satellite,0,0.0,0.0,0.0
161,eMBB,0,6G_1,6G,1,40000000.0,40000000.0,40000000.0
161,eMBB,1,6G_2,6G,0,0.0,0.0,0.0
161,eMBB,2,WiFi_1,WiFi,0,0.0,0.0,0.0
161,eMBB,3,WiFi_2,WiFi,0,0.0,0.0,0.0
161,eMBB,4,WiFi_3,WiFi,1,20000000.0,20000000.0,20000000.0
161,eMBB,5,WiFi_4,WiFi,0,0.0,0.0,0.0
161,eMBB,6,Satellite_1,Satellite,0,0.0,0.0,0.0
161,eMBB,7,Satellite_2,Satellite,0,0.0,0.0,0.0
162,eMBB,0,6G_1,6G,1,40000000.0,40000000.0,40000000.0
162,eMBB,1,6G_2,6G,0,0.0,0.0,0.0
162,eMBB,2,WiFi_1,WiFi,1,20000000.0,20000000.0,20000000.0
162,eMBB,3,WiFi_2,WiFi,0,0.0,0.0,0.0
162,eMBB,4,WiFi_3,WiFi,0,0.0,0.0,0.0
162,eMBB,5,WiFi_4,WiFi,0,0.0,0.0,0.0
162,eMBB,6,Satellite_1,Satellite,0,0.0,0.0,0.0
162,eMBB,7,Satellite_2,Satellite,0,0.0,0.0,0.0
163,eMBB,0,6G_1,6G,0,0.0,0.0,0.0
163,eMBB,1,6G_2,6G,1,40000000.0,40000000.0,40000000.0
163,eMBB,2,WiFi_1,WiFi,0,0.0,0.0,0.0
163,eMBB,3,WiFi_2,WiFi,1,20000000.0,20000000.0,20000000.0
163,eMBB,4,WiFi_3,WiFi,0,0.0,0.0,0.0
163,eMBB,5,WiFi_4,WiFi,0,0.0,0.0,0.0
163,eMBB,6,Satellite_1,Satellite,0,0.0,0.0,0.0
163,eMBB,7,Satellite_2,Satellite,0,0.0,0.0,0.0
164,eMBB,0,6G_1,6G,1,40000000.0,40000000.0,40000000.0
164,eMBB,1,6G_2,6G,0,0.0,0.0,0.0
164,eMBB,2,WiFi_1,WiFi,0,0.0,0.0,0.0
164,eMBB,3,WiFi_2,WiFi,0,0.0,0.0,0.0
164,eMBB,4,WiFi_3,WiFi,1,20000000.0,20000000.0,20000000.0
164,eMBB,5,WiFi_4,WiFi,0,0.0,0.0,0.0
164,eMBB,6,Satellite_1,Satellite,0,0.0,0.0,0.0
164,eMBB,7,Satellite_2,Satellite,0,0.0,0.0,0.0
165,eMBB,0,6G_1,6G,0,0.0,0.0,0.0
165,eMBB,1,6G_2,6G,1,40000000.0,40000000.0,40000000.0
165,eMBB,2,WiFi_1,WiFi,1,20000000.0,20000000.0,20000000.0
165,eMBB,3,WiFi_2,WiFi,0,0.0,0.0,0.0
165,eMBB,4,WiFi_3,WiFi,0,0.0,0.0,0.0
165,eMBB,5,WiFi_4,WiFi,0,0.0,0.0,0.0
165,eMBB,6,Satellite_1,Satellite,0,0.0,0.0,0.0
165,eMBB,7,Satellite_2,Satellite,0,0.0,0.0,0.0
166,eMBB,0,6G_1,6G,0,0.0,0.0,0.0
166,eMBB,1,6G_2,6G,1,40000000.0,40000000.0,40000000.0
166,eMBB,2,WiFi_1,WiFi,0,0.0,0.0,0.0
166,eMBB,3,WiFi_2,WiFi,0,0.0,0.0,0.0
166,eMBB,4,WiFi_3,WiFi,1,16990903.03199045,20000000.0,16990903.03199045
166,eMBB,5,WiFi_4,WiFi,0,0.0,0.0,0.0
166,eMBB,6,Satellite_1,Satellite,0,0.0,0.0,0.0
166,eMBB,7,Satellite_2,Satellite,0,0.0,0.0,0.0
167,eMBB,0,6G_1,6G,0,0.0,0.0,0.0
167,eMBB,1,6G_2,6G,1,23773939.642372176,40000000.0,23773939.642372176
167,eMBB,2,WiFi_1,WiFi,1,13459603.036049956,20000000.0,13459603.036049956
167,eMBB,3,WiFi_2,WiFi,0,0.0,0.0,0.0
167,eMBB,4,WiFi_3,WiFi,0,0.0,0.0,0.0
167,eMBB,5,WiFi_4,WiFi,0,0.0,0.0,0.0
167,eMBB,6,Satellite_1,Satellite,0,0.0,0.0,0.0
167,eMBB,7,Satellite_2,Satellite,0,0.0,0.0,0.0
168,eMBB,0,6G_1,6G,1,38099253.453186736,40000000.0,38099253.453186736
168,eMBB,1,6G_2,6G,0,0.0,0.0,0.0
168,eMBB,2,WiFi_1,WiFi,1,12439772.84967997,20000000.0,12439772.84967997
168,eMBB,3,WiFi_2,WiFi,0,0.0,0.0,0.0
168,eMBB,4,WiFi_3,WiFi,0,0.0,0.0,0.0
168,eMBB,5,WiFi_4,WiFi,0,0.0,0.0,0.0
168,eMBB,6,Satellite_1,Satellite,0,0.0,0.0,0.0
168,eMBB,7,Satellite_2,Satellite,0,0.0,0.0,0.0
169,eMBB,0,6G_1,6G,1,40000000.0,40000000.0,40000000.0
169,eMBB,1,6G_2,6G,0,0.0,0.0,0.0
169,eMBB,2,WiFi_1,WiFi,0,0.0,0.0,0.0
169,eMBB,3,WiFi_2,WiFi,0,0.0,0.0,0.0
169,eMBB,4,WiFi_3,WiFi,1,20000000.0,20000000.0,20000000.0
169,eMBB,5,WiFi_4,WiFi,0,0.0,0.0,0.0
169,eMBB,6,Satellite_1,Satellite,0,0.0,0.0,0.0
169,eMBB,7,Satellite_2,Satellite,0,0.0,0.0,0.0
170,eMBB,0,6G_1,6G,1,40000000.0,40000000.0,40000000.0
170,eMBB,1,6G_2,6G,0,0.0,0.0,0.0
170,eMBB,2,WiFi_1,WiFi,0,0.0,0.0,0.0
170,eMBB,3,WiFi_2,WiFi,0,0.0,0.0,0.0
170,eMBB,4,WiFi_3,WiFi,1,20000000.0,20000000.0,20000000.0
170,eMBB,5,WiFi_4,WiFi,0,0.0,0.0,0.0
170,eMBB,6,Satellite_1,Satellite,0,0.0,0.0,0.0
170,eMBB,7,Satellite_2,Satellite,0,0.0,0.0,0.0
171,eMBB,0,6G_1,6G,1,40000000.0,40000000.0,40000000.0
171,eMBB,1,6G_2,6G,0,0.0,0.0,0.0
171,eMBB,2,WiFi_1,WiFi,0,0.0,0.0,0.0
171,eMBB,3,WiFi_2,WiFi,0,0.0,0.0,0.0
171,eMBB,4,WiFi_3,WiFi,1,20000000.0,20000000.0,20000000.0
171,eMBB,5,WiFi_4,WiFi,0,0.0,0.0,0.0
171,eMBB,6,Satellite_1,Satellite,0,0.0,0.0,0.0
171,eMBB,7,Satellite_2,Satellite,0,0.0,0.0,0.0
172,eMBB,0,6G_1,6G,0,0.0,0.0,0.0
172,eMBB,1,6G_2,6G,1,36968991.962840445,40000000.0,36968991.962840445
172,eMBB,2,WiFi_1,WiFi,0,0.0,0.0,0.0
172,eMBB,3,WiFi_2,WiFi,0,0.0,0.0,0.0
172,eMBB,4,WiFi_3,WiFi,0,0.0,0.0,0.0
172,eMBB,5,WiFi_4,WiFi,1,20000000.0,20000000.0,20000000.0
172,eMBB,6,Satellite_1,Satellite,0,0.0,0.0,0.0
172,eMBB,7,Satellite_2,Satellite,0,0.0,0.0,0.0
173,eMBB,0,6G_1,6G,1,30932112.66026176,40000000.0,30932112.66026176
173,eMBB,1,6G_2,6G,0,0.0,0.0,0.0
173,eMBB,2,WiFi_1,WiFi,0,0.0,0.0,0.0
173,eMBB,3,WiFi_2,WiFi,0,0.0,0.0,0.0
173,eMBB,4,WiFi_3,WiFi,0,0.0,0.0,0.0
173,eMBB,5,WiFi_4,WiFi,1,20000000.0,20000000.0,20000000.0
173,eMBB,6,Satellite_1,Satellite,0,0.0,0.0,0.0
173,eMBB,7,Satellite_2,Satellite,0,0.0,0.0,0.0
174,eMBB,0,6G_1,6G,0,0.0,0.0,0.0
174,eMBB,1,6G_2,6G,1,40000000.0,40000000.0,40000000.0
174,eMBB,2,WiFi_1,WiFi,0,0.0,0.0,0.0
174,eMBB,3,WiFi_2,WiFi,1,20000000.0,20000000.0,20000000.0
174,eMBB,4,WiFi_3,WiFi,0,0.0,0.0,0.0
174,eMBB,5,WiFi_4,WiFi,0,0.0,0.0,0.0
174,eMBB,6,Satellite_1,Satellite,0,0.0,0.0,0.0
174,eMBB,7,Satellite_2,Satellite,0,0.0,0.0,0.0
175,eMBB,0,6G_1,6G,1,40000000.0,40000000.0,40000000.0
175,eMBB,1,6G_2,6G,0,0.0,0.0,0.0
175,eMBB,2,WiFi_1,WiFi,0,0.0,0.0,0.0
175,eMBB,3,WiFi_2,WiFi,0,0.0,0.0,0.0
175,eMBB,4,WiFi_3,WiFi,0,0.0,0.0,0.0
175,eMBB,5,WiFi_4,WiFi,1,20000000.0,20000000.0,20000000.0
175,eMBB,6,Satellite_1,Satellite,0,0.0,0.0,0.0
175,eMBB,7,Satellite_2,Satellite,0,0.0,0.0,0.0
176,eMBB,0,6G_1,6G,1,40000000.0,40000000.0,40000000.0
176,eMBB,1,6G_2,6G,0,0.0,0.0,0.0
176,eMBB,2,WiFi_1,WiFi,1,20000000.0,20000000.0,20000000.0
176,eMBB,3,WiFi_2,WiFi,0,0.0,0.0,0.0
176,eMBB,4,WiFi_3,WiFi,0,0.0,0.0,0.0
176,eMBB,5,WiFi_4,WiFi,0,0.0,0.0,0.0
176,eMBB,6,Satellite_1,Satellite,0,0.0,0.0,0.0
176,eMBB,7,Satellite_2,Satellite,0,0.0,0.0,0.0
177,eMBB,0,6G_1,6G,0,0.0,0.0,0.0
177,eMBB,1,6G_2,6G,1,29370961.991925742,40000000.0,29370961.991925742
177,eMBB,2,WiFi_1,WiFi,0,0.0,0.0,0.0
177,eMBB,3,WiFi_2,WiFi,0,0.0,0.0,0.0
177,eMBB,4,WiFi_3,WiFi,0,0.0,0.0,0.0
177,eMBB,5,WiFi_4,WiFi,1,15667058.898454601,20000000.0,15667058.898454601
177,eMBB,6,Satellite_1,Satellite,0,0.0,0.0,0.0
177,eMBB,7,Satellite_2,Satellite,0,0.0,0.0,0.0
178,eMBB,0,6G_1,6G,1,40000000.0,40000000.0,40000000.0
178,eMBB,1,6G_2,6G,0,0.0,0.0,0.0
178,eMBB,2,WiFi_1,WiFi,0,0.0,0.0,0.0
178,eMBB,3,WiFi_2,WiFi,0,0.0,0.0,0.0
178,eMBB,4,WiFi_3,WiFi,1,20000000.0,20000000.0,20000000.0
178,eMBB,5,WiFi_4,WiFi,0,0.0,0.0,0.0
178,eMBB,6,Satellite_1,Satellite,0,0.0,0.0,0.0
178,eMBB,7,Satellite_2,Satellite,0,0.0,0.0,0.0
179,eMBB,0,6G_1,6G,0,0.0,0.0,0.0
179,eMBB,1,6G_2,6G,1,40000000.0,40000000.0,40000000.0
179,eMBB,2,WiFi_1,WiFi,0,0.0,0.0,0.0
179,eMBB,3,WiFi_2,WiFi,0,0.0,0.0,0.0
179,eMBB,4,WiFi_3,WiFi,1,20000000.0,20000000.0,20000000.0
179,eMBB,5,WiFi_4,WiFi,0,0.0,0.0,0.0
179,eMBB,6,Satellite_1,Satellite,0,0.0,0.0,0.0
179,eMBB,7,Satellite_2,Satellite,0,0.0,0.0,0.0
180,eMBB,0,6G_1,6G,0,0.0,0.0,0.0
180,eMBB,1,6G_2,6G,1,15106365.535587253,40000000.0,15106365.535587253
180,eMBB,2,WiFi_1,WiFi,0,0.0,0.0,0.0
180,eMBB,3,WiFi_2,WiFi,1,12278015.798464665,20000000.0,12278015.798464665
180,eMBB,4,WiFi_3,WiFi,0,0.0,0.0,0.0
180,eMBB,5,WiFi_4,WiFi,0,0.0,0.0,0.0
180,eMBB,6,Satellite_1,Satellite,0,0.0,0.0,0.0
180,eMBB,7,Satellite_2,Satellite,0,0.0,0.0,0.0
181,eMBB,0,6G_1,6G,1,33131961.072188634,40000000.0,33131961.072188634
181,eMBB,1,6G_2,6G,0,0.0,0.0,0.0
181,eMBB,2,WiFi_1,WiFi,0,0.0,0.0,0.0
181,eMBB,3,WiFi_2,WiFi,1,20000000.0,20000000.0,20000000.0
181,eMBB,4,WiFi_3,WiFi,0,0.0,0.0,0.0
181,eMBB,5,WiFi_4,WiFi,0,0.0,0.0,0.0
181,eMBB,6,Satellite_1,Satellite,0,0.0,0.0,0.0
181,eMBB,7,Satellite_2,Satellite,0,0.0,0.0,0.0
182,eMBB,0,6G_1,6G,0,0.0,0.0,0.0
182,eMBB,1,6G_2,6G,1,36389553.65735187,40000000.0,36389553.65735187
182,eMBB,2,WiFi_1,WiFi,0,0.0,0.0,0.0
182,eMBB,3,WiFi_2,WiFi,0,0.0,0.0,0.0
182,eMBB,4,WiFi_3,WiFi,0,0.0,0.0,0.0
182,eMBB,5,WiFi_4,WiFi,1,20000000.0,20000000.0,20000000.0
182,eMBB,6,Satellite_1,Satellite,0,0.0,0.0,0.0
182,eMBB,7,Satellite_2,Satellite,0,0.0,0.0,0.0
183,eMBB,0,6G_1,6G,0,0.0,0.0,0.0
183,eMBB,1,6G_2,6G,1,32242496.912526138,40000000.0,32242496.912526138
183,eMBB,2,WiFi_1,WiFi,0,0.0,0.0,0.0
183,eMBB,3,WiFi_2,WiFi,1,20000000.0,20000000.0,20000000.0
183,eMBB,4,WiFi_3,WiFi,0,0.0,0.0,0.0
183,eMBB,5,WiFi_4,WiFi,0,0.0,0.0,0.0
183,eMBB,6,Satellite_1,Satellite,0,0.0,0.0,0.0
183,eMBB,7,Satellite_2,Satellite,0,0.0,0.0,0.0
184,eMBB,0,6G_1,6G,0,0.0,0.0,0.0
184,eMBB,1,6G_2,6G,1,39452260.15649329,40000000.0,39452260.15649329
184,eMBB,2,WiFi_1,WiFi,0,0.0,0.0,0.0
184,eMBB,3,WiFi_2,WiFi,0,0.0,0.0,0.0
184,eMBB,4,WiFi_3,WiFi,0,0.0,0.0,0.0
184,eMBB,5,WiFi_4,WiFi,1,20000000.0,20000000.0,20000000.0
184,eMBB,6,Satellite_1,Satellite,0,0.0,0.0,0.0
184,eMBB,7,Satellite_2,Satellite,0,0.0,0.0,0.0
185,eMBB,0,6G_1,6G,0,0.0,0.0,0.0
185,eMBB,1,6G_2,6G,1,13427284.454423033,40000000.0,13427284.454423033
185,eMBB,2,WiFi_1,WiFi,0,0.0,0.0,0.0
185,eMBB,3,WiFi_2,WiFi,1,20000000.0,20000000.0,20000000.0
185,eMBB,4,WiFi_3,WiFi,0,0.0,0.0,0.0
185,eMBB,5,WiFi_4,WiFi,0,0.0,0.0,0.0
185,eMBB,6,Satellite_1,Satellite,0,0.0,0.0,0.0
185,eMBB,7,Satellite_2,Satellite,0,0.0,0.0,0.0
186,eMBB,0,6G_1,6G,0,0.0,0.0,0.0
186,eMBB,1,6G_2,6G,1,31758188.420861345,40000000.0,31758188.420861345
186,eMBB,2,WiFi_1,WiFi,0,0.0,0.0,0.0
186,eMBB,3,WiFi_2,WiFi,0,0.0,0.0,0.0
186,eMBB,4,WiFi_3,WiFi,1,13209808.922297247,20000000.0,13209808.922297247
186,eMBB,5,WiFi_4,WiFi,0,0.0,0.0,0.0
186,eMBB,6,Satellite_1,Satellite,0,0.0,0.0,0.0
186,eMBB,7,Satellite_2,Satellite,0,0.0,0.0,0.0
187,eMBB,0,6G_1,6G,1,27686849.706919525,40000000.0,27686849.706919525
187,eMBB,1,6G_2,6G,0,0.0,0.0,0.0
187,eMBB,2,WiFi_1,WiFi,0,0.0,0.0,0.0
187,eMBB,3,WiFi_2,WiFi,0,0.0,0.0,0.0
187,eMBB,4,WiFi_3,WiFi,1,20000000.0,20000000.0,20000000.0
187,eMBB,5,WiFi_4,WiFi,0,0.0,0.0,0.0
187,eMBB,6,Satellite_1,Satellite,0,0.0,0.0,0.0
187,eMBB,7,Satellite_2,Satellite,0,0.0,0.0,0.0
188,eMBB,0,6G_1,6G,0,0.0,0.0,0.0
188,eMBB,1,6G_2,6G,1,40000000.0,40000000.0,40000000.0
188,eMBB,2,WiFi_1,WiFi,0,0.0,0.0,0.0
188,eMBB,3,WiFi_2,WiFi,1,11166337.235045655,20000000.0,11166337.235045655
188,eMBB,4,WiFi_3,WiFi,0,0.0,0.0,0.0
188,eMBB,5,WiFi_4,WiFi,0,0.0,0.0,0.0
188,eMBB,6,Satellite_1,Satellite,0,0.0,0.0,0.0
188,eMBB,7,Satellite_2,Satellite,0,0.0,0.0,0.0
189,eMBB,0,6G_1,6G,1,40000000.0,40000000.0,40000000.0
189,eMBB,1,6G_2,6G,0,0.0,0.0,0.0
189,eMBB,2,WiFi_1,WiFi,1,20000000.0,20000000.0,20000000.0
189,eMBB,3,WiFi_2,WiFi,0,0.0,0.0,0.0
189,eMBB,4,WiFi_3,WiFi,0,0.0,0.0,0.0
189,eMBB,5,WiFi_4,WiFi,0,0.0,0.0,0.0
189,eMBB,6,Satellite_1,Satellite,0,0.0,0.0,0.0
189,eMBB,7,Satellite_2,Satellite,0,0.0,0.0,0.0
190,eMBB,0,6G_1,6G,1,15312566.839611063,40000000.0,15312566.839611063
190,eMBB,1,6G_2,6G,0,0.0,0.0,0.0
190,eMBB,2,WiFi_1,WiFi,0,0.0,0.0,0.0
190,eMBB,3,WiFi_2,WiFi,0,0.0,0.0,0.0
190,eMBB,4,WiFi_3,WiFi,0,0.0,0.0,0.0
190,eMBB,5,WiFi_4,WiFi,1,17732445.861556098,20000000.0,17732445.861556098
190,eMBB,6,Satellite_1,Satellite,0,0.0,0.0,0.0
190,eMBB,7,Satellite_2,Satellite,0,0.0,0.0,0.0
191,eMBB,0,6G_1,6G,1,40000000.0,40000000.0,40000000.0
191,eMBB,1,6G_2,6G,0,0.0,0.0,0.0
191,eMBB,2,WiFi_1,WiFi,0,0.0,0.0,0.0
191,eMBB,3,WiFi_2,WiFi,1,2621593.135004128,20000000.0,2621593.135004128
191,eMBB,4,WiFi_3,WiFi,0,0.0,0.0,0.0
191,eMBB,5,WiFi_4,WiFi,0,0.0,0.0,0.0
191,eMBB,6,Satellite_1,Satellite,0,0.0,0.0,0.0
191,eMBB,7,Satellite_2,Satellite,0,0.0,0.0,0.0
192,eMBB,0,6G_1,6G,0,0.0,0.0,0.0
192,eMBB,1,6G_2,6G,1,40000000.0,40000000.0,40000000.0
192,eMBB,2,WiFi_1,WiFi,0,0.0,0.0,0.0
192,eMBB,3,WiFi_2,WiFi,0,0.0,0.0,0.0
192,eMBB,4,WiFi_3,WiFi,0,0.0,0.0,0.0
192,eMBB,5,WiFi_4,WiFi,1,20000000.0,20000000.0,20000000.0
192,eMBB,6,Satellite_1,Satellite,0,0.0,0.0,0.0
192,eMBB,7,Satellite_2,Satellite,0,0.0,0.0,0.0
193,eMBB,0,6G_1,6G,1,40000000.0,40000000.0,40000000.0
193,eMBB,1,6G_2,6G,0,0.0,0.0,0.0
193,eMBB,2,WiFi_1,WiFi,0,0.0,0.0,0.0
193,eMBB,3,WiFi_2,WiFi,0,0.0,0.0,0.0
193,eMBB,4,WiFi_3,WiFi,0,0.0,0.0,0.0
193,eMBB,5,WiFi_4,WiFi,1,20000000.0,20000000.0,20000000.0
193,eMBB,6,Satellite_1,Satellite,0,0.0,0.0,0.0
193,eMBB,7,Satellite_2,Satellite,0,0.0,0.0,0.0
194,eMBB,0,6G_1,6G,0,0.0,0.0,0.0
194,eMBB,1,6G_2,6G,1,40000000.0,40000000.0,40000000.0
194,eMBB,2,WiFi_1,WiFi,0,0.0,0.0,0.0
194,eMBB,3,WiFi_2,WiFi,1,20000000.0,20000000.0,20000000.0
194,eMBB,4,WiFi_3,WiFi,0,0.0,0.0,0.0
194,eMBB,5,WiFi_4,WiFi,0,0.0,0.0,0.0
194,eMBB,6,Satellite_1,Satellite,0,0.0,0.0,0.0
194,eMBB,7,Satellite_2,Satellite,0,0.0,0.0,0.0
195,eMBB,0,6G_1,6G,1,40000000.0,40000000.0,40000000.0
195,eMBB,1,6G_2,6G,0,0.0,0.0,0.0
195,eMBB,2,WiFi_1,WiFi,0,0.0,0.0,0.0
195,eMBB,3,WiFi_2,WiFi,0,0.0,0.0,0.0
195,eMBB,4,WiFi_3,WiFi,0,0.0,0.0,0.0
195,eMBB,5,WiFi_4,WiFi,1,20000000.0,20000000.0,20000000.0
195,eMBB,6,Satellite_1,Satellite,0,0.0,0.0,0.0
195,eMBB,7,Satellite_2,Satellite,0,0.0,0.0,0.0
196,eMBB,0,6G_1,6G,1,40000000.00000001,40000000.0,40000000.0
196,eMBB,1,6G_2,6G,0,0.0,0.0,0.0
196,eMBB,2,WiFi_1,WiFi,1,20000000.0,20000000.0,20000000.0
196,eMBB,3,WiFi_2,WiFi,0,0.0,0.0,0.0
196,eMBB,4,WiFi_3,WiFi,0,0.0,0.0,0.0
196,eMBB,5,WiFi_4,WiFi,0,0.0,0.0,0.0
196,eMBB,6,Satellite_1,Satellite,0,0.0,0.0,0.0
196,eMBB,7,Satellite_2,Satellite,0,0.0,0.0,0.0
197,eMBB,0,6G_1,6G,0,0.0,0.0,0.0
197,eMBB,1,6G_2,6G,1,40000000.0,40000000.0,40000000.0
197,eMBB,2,WiFi_1,WiFi,0,0.0,0.0,0.0
197,eMBB,3,WiFi_2,WiFi,0,0.0,0.0,0.0
197,eMBB,4,WiFi_3,WiFi,1,17410528.08600614,20000000.0,17410528.08600614
197,eMBB,5,WiFi_4,WiFi,0,0.0,0.0,0.0
197,eMBB,6,Satellite_1,Satellite,0,0.0,0.0,0.0
197,eMBB,7,Satellite_2,Satellite,0,0.0,0.0,0.0
198,eMBB,0,6G_1,6G,1,40000000.0,40000000.0,40000000.0
198,eMBB,1,6G_2,6G,0,0.0,0.0,0.0
198,eMBB,2,WiFi_1,WiFi,1,20000000.0,20000000.0,20000000.0
198,eMBB,3,WiFi_2,WiFi,0,0.0,0.0,0.0
198,eMBB,4,WiFi_3,WiFi,0,0.0,0.0,0.0
198,eMBB,5,WiFi_4,WiFi,0,0.0,0.0,0.0
198,eMBB,6,Satellite_1,Satellite,0,0.0,0.0,0.0
198,eMBB,7,Satellite_2,Satellite,0,0.0,0.0,0.0
199,eMBB,0,6G_1,6G,1,36304288.98574781,40000000.0,36304288.98574781
199,eMBB,1,6G_2,6G,0,0.0,0.0,0.0
199,eMBB,2,WiFi_1,WiFi,0,0.0,0.0,0.0
199,eMBB,3,WiFi_2,WiFi,0,0.0,0.0,0.0
199,eMBB,4,WiFi_3,WiFi,1,12606550.65883888,20000000.0,12606550.65883888
199,eMBB,5,WiFi_4,WiFi,0,0.0,0.0,0.0
199,eMBB,6,Satellite_1,Satellite,0,0.0,0.0,0.0
199,eMBB,7,Satellite_2,Satellite,0,0.0,0.0,0.0
200,eMBB,0,6G_1,6G,0,0.0,0.0,0.0
200,eMBB,1,6G_2,6G,0,0.0,0.0,0.0
200,eMBB,2,WiFi_1,WiFi,0,0.0,0.0,0.0
200,eMBB,3,WiFi_2,WiFi,0,0.0,0.0,0.0
200,eMBB,4,WiFi_3,WiFi,0,0.0,0.0,0.0
200,eMBB,5,WiFi_4,WiFi,0,0.0,0.0,0.0
200,eMBB,6,Satellite_1,Satellite,1,2690104.260643027,2574691.798089725,2574691.798089725
200,eMBB,7,Satellite_2,Satellite,0,0.0,0.0,0.0
201,eMBB,0,6G_1,6G,0,0.0,0.0,0.0
201,eMBB,1,6G_2,6G,0,0.0,0.0,0.0
201,eMBB,2,WiFi_1,WiFi,0,0.0,0.0,0.0
201,eMBB,3,WiFi_2,WiFi,0,0.0,0.0,0.0
201,eMBB,4,WiFi_3,WiFi,0,0.0,0.0,0.0
201,eMBB,5,WiFi_4,WiFi,0,0.0,0.0,0.0
201,eMBB,6,Satellite_1,Satellite,1,5657797.186439921,1855366.2724691278,1855366.2724691278
201,eMBB,7,Satellite_2,Satellite,0,0.0,0.0,0.0
202,eMBB,0,6G_1,6G,0,0.0,0.0,0.0
202,eMBB,1,6G_2,6G,0,0.0,0.0,0.0
202,eMBB,2,WiFi_1,WiFi,0,0.0,0.0,0.0
202,eMBB,3,WiFi_2,WiFi,0,0.0,0.0,0.0
202,eMBB,4,WiFi_3,WiFi,0,0.0,0.0,0.0
202,eMBB,5,WiFi_4,WiFi,0,0.0,0.0,0.0
202,eMBB,6,Satellite_1,Satellite,1,5230388.487628461,2769213.4223787277,2769213.4223787277
202,eMBB,7,Satellite_2,Satellite,0,0.0,0.0,0.0
203,eMBB,0,6G_1,6G,0,0.0,0.0,0.0
203,eMBB,1,6G_2,6G,0,0.0,0.0,0.0
203,eMBB,2,WiFi_1,WiFi,0,0.0,0.0,0.0
203,eMBB,3,WiFi_2,WiFi,0,0.0,0.0,0.0
203,eMBB,4,WiFi_3,WiFi,0,0.0,0.0,0.0
203,eMBB,5,WiFi_4,WiFi,0,0.0,0.0,0.0
203,eMBB,6,Satellite_1,Satellite,1,5217544.574701474,3373114.516180035,3373114.516180035
203,eMBB,7,Satellite_2,Satellite,0,0.0,0.0,0.0
204,eMBB,0,6G_1,6G,0,0.0,0.0,0.0
204,eMBB,1,6G_2,6G,0,0.0,0.0,0.0
204,eMBB,2,WiFi_1,WiFi,0,0.0,0.0,0.0
204,eMBB,3,WiFi_2,WiFi,0,0.0,0.0,0.0
204,eMBB,4,WiFi_3,WiFi,0,0.0,0.0,0.0
204,eMBB,5,WiFi_4,WiFi,0,0.0,0.0,0.0
204,eMBB,6,Satellite_1,Satellite,0,0.0,0.0,0.0
204,eMBB,7,Satellite_2,Satellite,1,6424097.812598918,3907843.2502843477,3907843.2502843477
205,eMBB,0,6G_1,6G,0,0.0,0.0,0.0
205,eMBB,1,6G_2,6G,0,0.0,0.0,0.0
205,eMBB,2,WiFi_1,WiFi,0,0.0,0.0,0.0
205,eMBB,3,WiFi_2,WiFi,0,0.0,0.0,0.0
205,eMBB,4,WiFi_3,WiFi,0,0.0,0.0,0.0
205,eMBB,5,WiFi_4,WiFi,0,0.0,0.0,0.0
205,eMBB,6,Satellite_1,Satellite,0,0.0,0.0,0.0
205,eMBB,7,Satellite_2,Satellite,1,4926047.112432496,3476834.02945551,3476834.02945551
206,eMBB,0,6G_1,6G,0,0.0,0.0,0.0
206,eMBB,1,6G_2,6G,0,0.0,0.0,0.0
206,eMBB,2,WiFi_1,WiFi,0,0.0,0.0,0.0
206,eMBB,3,WiFi_2,WiFi,0,0.0,0.0,0.0
206,eMBB,4,WiFi_3,WiFi,0,0.0,0.0,0.0
206,eMBB,5,WiFi_4,WiFi,0,0.0,0.0,0.0
206,eMBB,6,Satellite_1,Satellite,0,0.0,0.0,0.0
206,eMBB,7,Satellite_2,Satellite,1,1575049.5154881524,1575049.5154881524,1575049.5154881524
207,eMBB,0,6G_1,6G,0,0.0,0.0,0.0
207,eMBB,1,6G_2,6G,0,0.0,0.0,0.0
207,eMBB,2,WiFi_1,WiFi,0,0.0,0.0,0.0
207,eMBB,3,WiFi_2,WiFi,0,0.0,0.0,0.0
207,eMBB,4,WiFi_3,WiFi,0,0.0,0.0,0.0
207,eMBB,5,WiFi_4,WiFi,0,0.0,0.0,0.0
207,eMBB,6,Satellite_1,Satellite,1,8338344.85309581,5110042.4775402425,5110042.4775402425
207,eMBB,7,Satellite_2,Satellite,0,0.0,0.0,0.0
208,eMBB,0,6G_1,6G,0,0.0,0.0,0.0
208,eMBB,1,6G_2,6G,0,0.0,0.0,0.0
208,eMBB,2,WiFi_1,WiFi,0,0.0,0.0,0.0
208,eMBB,3,WiFi_2,WiFi,0,0.0,0.0,0.0
208,eMBB,4,WiFi_3,WiFi,0,0.0,0.0,0.0
208,eMBB,5,WiFi_4,WiFi,0,0.0,0.0,0.0
208,eMBB,6,Satellite_1,Satellite,1,5008342.19139733,4771789.44632466,4771789.44632466
208,eMBB,7,Satellite_2,Satellite,0,0.0,0.0,0.0
209,eMBB,0,6G_1,6G,0,0.0,0.0,0.0
209,eMBB,1,6G_2,6G,0,0.0,0.0,0.0
209,eMBB,2,WiFi_1,WiFi,0,0.0,0.0,0.0
209,eMBB,3,WiFi_2,WiFi,0,0.0,0.0,0.0
209,eMBB,4,WiFi_3,WiFi,0,0.0,0.0,0.0
209,eMBB,5,WiFi_4,WiFi,0,0.0,0.0,0.0
209,eMBB,6,Satellite_1,Satellite,1,9888009.669540336,2962326.4914507186,2962326.4914507186
209,eMBB,7,Satellite_2,Satellite,0,0.0,0.0,0.0
210,eMBB,0,6G_1,6G,0,0.0,0.0,0.0
210,eMBB,1,6G_2,6G,0,0.0,0.0,0.0
210,eMBB,2,WiFi_1,WiFi,0,0.0,0.0,0.0
210,eMBB,3,WiFi_2,WiFi,0,0.0,0.0,0.0
210,eMBB,4,WiFi_3,WiFi,0,0.0,0.0,0.0
210,eMBB,5,WiFi_4,WiFi,0,0.0,0.0,0.0
210,eMBB,6,Satellite_1,Satellite,0,0.0,0.0,0.0
210,eMBB,7,Satellite_2,Satellite,1,4603353.150484227,3905000.7285873755,3905000.7285873755
211,eMBB,0,6G_1,6G,0,0.0,0.0,0.0
211,eMBB,1,6G_2,6G,0,0.0,0.0,0.0
211,eMBB,2,WiFi_1,WiFi,0,0.0,0.0,0.0
211,eMBB,3,WiFi_2,WiFi,0,0.0,0.0,0.0
211,eMBB,4,WiFi_3,WiFi,0,0.0,0.0,0.0
211,eMBB,5,WiFi_4,WiFi,0,0.0,0.0,0.0
211,eMBB,6,Satellite_1,Satellite,0,0.0,0.0,0.0
211,eMBB,7,Satellite_2,Satellite,1,3451837.6611298677,2619949.337797781,2619949.337797781
212,eMBB,0,6G_1,6G,0,0.0,0.0,0.0
212,eMBB,1,6G_2,6G,0,0.0,0.0,0.0
212,eMBB,2,WiFi_1,WiFi,0,0.0,0.0,0.0
212,eMBB,3,WiFi_2,WiFi,0,0.0,0.0,0.0
212,eMBB,4,WiFi_3,WiFi,0,0.0,0.0,0.0
212,eMBB,5,WiFi_4,WiFi,0,0.0,0.0,0.0
212,eMBB,6,Satellite_1,Satellite,1,5423278.936173659,3545896.229135673,3545896.229135673
212,eMBB,7,Satellite_2,Satellite,0,0.0,0.0,0.0
213,eMBB,0,6G_1,6G,0,0.0,0.0,0.0
213,eMBB,1,6G_2,6G,0,0.0,0.0,0.0
213,eMBB,2,WiFi_1,WiFi,0,0.0,0.0,0.0
213,eMBB,3,WiFi_2,WiFi,0,0.0,0.0,0.0
213,eMBB,4,WiFi_3,WiFi,0,0.0,0.0,0.0
213,eMBB,5,WiFi_4,WiFi,0,0.0,0.0,0.0
213,eMBB,6,Satellite_1,Satellite,0,0.0,0.0,0.0
213,eMBB,7,Satellite_2,Satellite,1,4369431.296438111,2877249.1051325537,2877249.1051325537
214,eMBB,0,6G_1,6G,0,0.0,0.0,0.0
214,eMBB,1,6G_2,6G,0,0.0,0.0,0.0
214,eMBB,2,WiFi_1,WiFi,0,0.0,0.0,0.0
214,eMBB,3,WiFi_2,WiFi,0,0.0,0.0,0.0
214,eMBB,4,WiFi_3,WiFi,0,0.0,0.0,0.0
214,eMBB,5,WiFi_4,WiFi,0,0.0,0.0,0.0
214,eMBB,6,Satellite_1,Satellite,0,0.0,0.0,0.0
214,eMBB,7,Satellite_2,Satellite,1,5250381.285469618,2671675.7727809777,2671675.7727809777
215,eMBB,0,6G_1,6G,0,0.0,0.0,0.0
215,eMBB,1,6G_2,6G,0,0.0,0.0,0.0
215,eMBB,2,WiFi_1,WiFi,0,0.0,0.0,0.0
215,eMBB,3,WiFi_2,WiFi,0,0.0,0.0,0.0
215,eMBB,4,WiFi_3,WiFi,0,0.0,0.0,0.0
215,eMBB,5,WiFi_4,WiFi,0,0.0,0.0,0.0
215,eMBB,6,Satellite_1,Satellite,1,6861347.007057133,3368786.854997768,3368786.854997768
215,eMBB,7,Satellite_2,Satellite,0,0.0,0.0,0.0
216,eMBB,0,6G_1,6G,0,0.0,0.0,0.0
216,eMBB,1,6G_2,6G,0,0.0,0.0,0.0
216,eMBB,2,WiFi_1,WiFi,0,0.0,0.0,0.0
216,eMBB,3,WiFi_2,WiFi,0,0.0,0.0,0.0
216,eMBB,4,WiFi_3,WiFi,0,0.0,0.0,0.0
216,eMBB,5,WiFi_4,WiFi,0,0.0,0.0,0.0
216,eMBB,6,Satellite_1,Satellite,0,0.0,0.0,0.0
216,eMBB,7,Satellite_2,Satellite,1,2867933.5132251494,2867933.5132251494,2867933.5132251494
217,eMBB,0,6G_1,6G,0,0.0,0.0,0.0
217,eMBB,1,6G_2,6G,0,0.0,0.0,0.0
217,eMBB,2,WiFi_1,WiFi,0,0.0,0.0,0.0
217,eMBB,3,WiFi_2,WiFi,0,0.0,0.0,0.0
217,eMBB,4,WiFi_3,WiFi,0,0.0,0.0,0.0
217,eMBB,5,WiFi_4,WiFi,0,0.0,0.0,0.0
217,eMBB,6,Satellite_1,Satellite,1,7316372.46697769,2829895.508510368,2829895.508510368
217,eMBB,7,Satellite_2,Satellite,0,0.0,0.0,0.0
218,eMBB,0,6G_1,6G,0,0.0,0.0,0.0
218,eMBB,1,6G_2,6G,0,0.0,0.0,0.0
218,eMBB,2,WiFi_1,WiFi,0,0.0,0.0,0.0
218,eMBB,3,WiFi_2,WiFi,0,0.0,0.0,0.0
218,eMBB,4,WiFi_3,WiFi,0,0.0,0.0,0.0
218,eMBB,5,WiFi_4,WiFi,0,0.0,0.0,0.0
218,eMBB,6,Satellite_1,Satellite,0,0.0,0.0,0.0
218,eMBB,7,Satellite_2,Satellite,1,7054995.386127817,3228014.987417697,3228014.987417697
219,eMBB,0,6G_1,6G,0,0.0,0.0,0.0
219,eMBB,1,6G_2,6G,0,0.0,0.0,0.0
219,eMBB,2,WiFi_1,WiFi,0,0.0,0.0,0.0
219,eMBB,3,WiFi_2,WiFi,0,0.0,0.0,0.0
219,eMBB,4,WiFi_3,WiFi,0,0.0,0.0,0.0
219,eMBB,5,WiFi_4,WiFi,0,0.0,0.0,0.0
219,eMBB,6,Satellite_1,Satellite,1,4346918.064816565,4346918.064816565,4346918.064816565
219,eMBB,7,Satellite_2,Satellite,0,0.0,0.0,0.0
220,eMBB,0,6G_1,6G,0,0.0,0.0,0.0
220,eMBB,1,6G_2,6G,0,0.0,0.0,0.0
220,eMBB,2,WiFi_1,WiFi,0,0.0,0.0,0.0
220,eMBB,3,WiFi_2,WiFi,0,0.0,0.0,0.0
220,eMBB,4,WiFi_3,WiFi,0,0.0,0.0,0.0
220,eMBB,5,WiFi_4,WiFi,0,0.0,0.0,0.0
220,eMBB,6,Satellite_1,Satellite,1,7260217.382883719,4597244.226937215,4597244.226937215
220,eMBB,7,Satellite_2,Satellite,0,0.0,0.0,0.0
221,eMBB,0,6G_1,6G,0,0.0,0.0,0.0
221,eMBB,1,6G_2,6G,0,0.0,0.0,0.0
221,eMBB,2,WiFi_1,WiFi,0,0.0,0.0,0.0
221,eMBB,3,WiFi_2,WiFi,0,0.0,0.0,0.0
221,eMBB,4,WiFi_3,WiFi,0,0.0,0.0,0.0
221,eMBB,5,WiFi_4,WiFi,0,0.0,0.0,0.0
221,eMBB,6,Satellite_1,Satellite,1,5618688.667867676,4188975.9531776793,4188975.9531776793
221,eMBB,7,Satellite_2,Satellite,0,0.0,0.0,0.0
222,eMBB,0,6G_1,6G,0,0.0,0.0,0.0
222,eMBB,1,6G_2,6G,0,0.0,0.0,0.0
222,eMBB,2,WiFi_1,WiFi,0,0.0,0.0,0.0
222,eMBB,3,WiFi_2,WiFi,0,0.0,0.0,0.0
222,eMBB,4,WiFi_3,WiFi,0,0.0,0.0,0.0
222,eMBB,5,WiFi_4,WiFi,0,0.0,0.0,0.0
222,eMBB,6,Satellite_1,Satellite,1,2309549.701843882,2309549.701843882,2309549.701843882
222,eMBB,7,Satellite_2,Satellite,0,0.0,0.0,0.0
223,eMBB,0,6G_1,6G,0,0.0,0.0,0.0
223,eMBB,1,6G_2,6G,0,0.0,0.0,0.0
223,eMBB,2,WiFi_1,WiFi,0,0.0,0.0,0.0
223,eMBB,3,WiFi_2,WiFi,0,0.0,0.0,0.0
223,eMBB,4,WiFi_3,WiFi,0,0.0,0.0,0.0
223,eMBB,5,WiFi_4,WiFi,0,0.0,0.0,0.0
223,eMBB,6,Satellite_1,Satellite,0,0.0,0.0,0.0
223,eMBB,7,Satellite_2,Satellite,1,3449766.2199409544,2551052.8292191876,2551052.8292191876
224,eMBB,0,6G_1,6G,0,0.0,0.0,0.0
224,eMBB,1,6G_2,6G,0,0.0,0.0,0.0
224,eMBB,2,WiFi_1,WiFi,0,0.0,0.0,0.0
224,eMBB,3,WiFi_2,WiFi,0,0.0,0.0,0.0
224,eMBB,4,WiFi_3,WiFi,0,0.0,0.0,0.0
224,eMBB,5,WiFi_4,WiFi,0,0.0,0.0,0.0
224,eMBB,6,Satellite_1,Satellite,0,0.0,0.0,0.0
224,eMBB,7,Satellite_2,Satellite,1,6472640.882964852,1927670.3375112903,1927670.3375112903
225,eMBB,0,6G_1,6G,0,0.0,0.0,0.0
225,eMBB,1,6G_2,6G,0,0.0,0.0,0.0
225,eMBB,2,WiFi_1,WiFi,0,0.0,0.0,0.0
225,eMBB,3,WiFi_2,WiFi,0,0.0,0.0,0.0
225,eMBB,4,WiFi_3,WiFi,0,0.0,0.0,0.0
225,eMBB,5,WiFi_4,WiFi,0,0.0,0.0,0.0
225,eMBB,6,Satellite_1,Satellite,0,0.0,0.0,0.0
225,eMBB,7,Satellite_2,Satellite,1,6192103.105197726,5300773.579069714,5300773.579069714
226,eMBB,0,6G_1,6G,0,0.0,0.0,0.0
226,eMBB,1,6G_2,6G,0,0.0,0.0,0.0
226,eMBB,2,WiFi_1,WiFi,0,0.0,0.0,0.0
226,eMBB,3,WiFi_2,WiFi,0,0.0,0.0,0.0
226,eMBB,4,WiFi_3,WiFi,0,0.0,0.0,0.0
226,eMBB,5,WiFi_4,WiFi,0,0.0,0.0,0.0
226,eMBB,6,Satellite_1,Satellite,1,4596914.520915485,4596914.520915485,4596914.520915485
226,eMBB,7,Satellite_2,Satellite,0,0.0,0.0,0.0
227,eMBB,0,6G_1,6G,0,0.0,0.0,0.0
227,eMBB,1,6G_2,6G,0,0.0,0.0,0.0
227,eMBB,2,WiFi_1,WiFi,0,0.0,0.0,0.0
227,eMBB,3,WiFi_2,WiFi,0,0.0,0.0,0.0
227,eMBB,4,WiFi_3,WiFi,0,0.0,0.0,0.0
227,eMBB,5,WiFi_4,WiFi,0,0.0,0.0,0.0
227,eMBB,6,Satellite_1,Satellite,0,0.0,0.0,0.0
227,eMBB,7,Satellite_2,Satellite,1,6380686.717996242,2049115.5428475582,2049115.5428475582
228,eMBB,0,6G_1,6G,0,0.0,0.0,0.0
228,eMBB,1,6G_2,6G,0,0.0,0.0,0.0
228,eMBB,2,WiFi_1,WiFi,0,0.0,0.0,0.0
228,eMBB,3,WiFi_2,WiFi,0,0.0,0.0,0.0
228,eMBB,4,WiFi_3,WiFi,0,0.0,0.0,0.0
228,eMBB,5,WiFi_4,WiFi,0,0.0,0.0,0.0
228,eMBB,6,Satellite_1,Satellite,1,7637974.748375795,2724292.8296005856,2724292.8296005856
228,eMBB,7,Satellite_2,Satellite,0,0.0,0.0,0.0
229,eMBB,0,6G_1,6G,0,0.0,0.0,0.0
229,eMBB,1,6G_2,6G,0,0.0,0.0,0.0
229,eMBB,2,WiFi_1,WiFi,0,0.0,0.0,0.0
229,eMBB,3,WiFi_2,WiFi,0,0.0,0.0,0.0
229,eMBB,4,WiFi_3,WiFi,0,0.0,0.0,0.0
229,eMBB,5,WiFi_4,WiFi,0,0.0,0.0,0.0
229,eMBB,6,Satellite_1,Satellite,0,0.0,0.0,0.0
229,eMBB,7,Satellite_2,Satellite,1,5181151.615735308,3645051.2236414617,3645051.2236414617
230,eMBB,0,6G_1,6G,0,0.0,0.0,0.0
230,eMBB,1,6G_2,6G,0,0.0,0.0,0.0
230,eMBB,2,WiFi_1,WiFi,0,0.0,0.0,0.0
230,eMBB,3,WiFi_2,WiFi,0,0.0,0.0,0.0
230,eMBB,4,WiFi_3,WiFi,0,0.0,0.0,0.0
230,eMBB,5,WiFi_4,WiFi,0,0.0,0.0,0.0
230,eMBB,6,Satellite_1,Satellite,1,9980056.909759756,1922330.1756281836,1922330.1756281836
230,eMBB,7,Satellite_2,Satellite,0,0.0,0.0,0.0
231,eMBB,0,6G_1,6G,0,0.0,0.0,0.0
231,eMBB,1,6G_2,6G,0,0.0,0.0,0.0
231,eMBB,2,WiFi_1,WiFi,0,0.0,0.0,0.0
231,eMBB,3,WiFi_2,WiFi,0,0.0,0.0,0.0
231,eMBB,4,WiFi_3,WiFi,0,0.0,0.0,0.0
231,eMBB,5,WiFi_4,WiFi,0,0.0,0.0,0.0
231,eMBB,6,Satellite_1,Satellite,0,0.0,0.0,0.0
231,eMBB,7,Satellite_2,Satellite,1,2242824.2257826147,2242824.2257826147,2242824.2257826147
232,eMBB,0,6G_1,6G,0,0.0,0.0,0.0
232,eMBB,1,6G_2,6G,0,0.0,0.0,0.0
232,eMBB,2,WiFi_1,WiFi,0,0.0,0.0,0.0
232,eMBB,3,WiFi_2,WiFi,0,0.0,0.0,0.0
232,eMBB,4,WiFi_3,WiFi,0,0.0,0.0,0.0
232,eMBB,5,WiFi_4,WiFi,0,0.0,0.0,0.0
232,eMBB,6,Satellite_1,Satellite,1,8743010.829761554,3284468.049454516,3284468.049454516
232,eMBB,7,Satellite_2,Satellite,0,0.0,0.0,0.0
233,eMBB,0,6G_1,6G,0,0.0,0.0,0.0
233,eMBB,1,6G_2,6G,0,0.0,0.0,0.0
233,eMBB,2,WiFi_1,WiFi,0,0.0,0.0,0.0
233,eMBB,3,WiFi_2,WiFi,0,0.0,0.0,0.0
233,eMBB,4,WiFi_3,WiFi,0,0.0,0.0,0.0
233,eMBB,5,WiFi_4,WiFi,0,0.0,0.0,0.0
233,eMBB,6,Satellite_1,Satellite,0,0.0,0.0,0.0
233,eMBB,7,Satellite_2,Satellite,1,9395055.572219701,5520866.128210553,5520866.128210553
234,eMBB,0,6G_1,6G,0,0.0,0.0,0.0
234,eMBB,1,6G_2,6G,0,0.0,0.0,0.0
234,eMBB,2,WiFi_1,WiFi,0,0.0,0.0,0.0
234,eMBB,3,WiFi_2,WiFi,0,0.0,0.0,0.0
234,eMBB,4,WiFi_3,WiFi,0,0.0,0.0,0.0
234,eMBB,5,WiFi_4,WiFi,0,0.0,0.0,0.0
234,eMBB,6,Satellite_1,Satellite,0,0.0,0.0,0.0
234,eMBB,7,Satellite_2,Satellite,1,6903773.567424391,4931787.97341554,4931787.97341554
235,eMBB,0,6G_1,6G,0,0.0,0.0,0.0
235,eMBB,1,6G_2,6G,0,0.0,0.0,0.0
235,eMBB,2,WiFi_1,WiFi,0,0.0,0.0,0.0
235,eMBB,3,WiFi_2,WiFi,0,0.0,0.0,0.0
235,eMBB,4,WiFi_3,WiFi,0,0.0,0.0,0.0
235,eMBB,5,WiFi_4,WiFi,0,0.0,0.0,0.0
235,eMBB,6,Satellite_1,Satellite,1,7227232.1488682,3748653.1346467556,3748653.1346467556
235,eMBB,7,Satellite_2,Satellite,0,0.0,0.0,0.0
236,eMBB,0,6G_1,6G,0,0.0,0.0,0.0
236,eMBB,1,6G_2,6G,0,0.0,0.0,0.0
236,eMBB,2,WiFi_1,WiFi,0,0.0,0.0,0.0
236,eMBB,3,WiFi_2,WiFi,0,0.0,0.0,0.0
236,eMBB,4,WiFi_3,WiFi,0,0.0,0.0,0.0
236,eMBB,5,WiFi_4,WiFi,0,0.0,0.0,0.0
236,eMBB,6,Satellite_1,Satellite,1,4326604.363669684,2368517.1217417675,2368517.1217417675
236,eMBB,7,Satellite_2,Satellite,0,0.0,0.0,0.0
237,eMBB,0,6G_1,6G,0,0.0,0.0,0.0
237,eMBB,1,6G_2,6G,0,0.0,0.0,0.0
237,eMBB,2,WiFi_1,WiFi,0,0.0,0.0,0.0
237,eMBB,3,WiFi_2,WiFi,0,0.0,0.0,0.0
237,eMBB,4,WiFi_3,WiFi,0,0.0,0.0,0.0
237,eMBB,5,WiFi_4,WiFi,0,0.0,0.0,0.0
237,eMBB,6,Satellite_1,Satellite,0,0.0,0.0,0.0
237,eMBB,7,Satellite_2,Satellite,1,5499669.755314783,2263380.9126142953,2263380.9126142953
238,eMBB,0,6G_1,6G,0,0.0,0.0,0.0
238,eMBB,1,6G_2,6G,0,0.0,0.0,0.0
238,eMBB,2,WiFi_1,WiFi,0,0.0,0.0,0.0
238,eMBB,3,WiFi_2,WiFi,0,0.0,0.0,0.0
238,eMBB,4,WiFi_3,WiFi,0,0.0,0.0,0.0
238,eMBB,5,WiFi_4,WiFi,0,0.0,0.0,0.0
238,eMBB,6,Satellite_1,Satellite,1,5637929.931188227,4390792.537827847,4390792.537827847
238,eMBB,7,Satellite_2,Satellite,0,0.0,0.0,0.0
239,eMBB,0,6G_1,6G,0,0.0,0.0,0.0
239,eMBB,1,6G_2,6G,0,0.0,0.0,0.0
239,eMBB,2,WiFi_1,WiFi,0,0.0,0.0,0.0
239,eMBB,3,WiFi_2,WiFi,0,0.0,0.0,0.0
239,eMBB,4,WiFi_3,WiFi,0,0.0,0.0,0.0
239,eMBB,5,WiFi_4,WiFi,0,0.0,0.0,0.0
239,eMBB,6,Satellite_1,Satellite,1,4335348.432216522,3677957.49402798,3677957.49402798
239,eMBB,7,Satellite_2,Satellite,0,0.0,0.0,0.0
240,eMBB,0,6G_1,6G,0,0.0,0.0,0.0
240,eMBB,1,6G_2,6G,0,0.0,0.0,0.0
240,eMBB,2,WiFi_1,WiFi,0,0.0,0.0,0.0
240,eMBB,3,WiFi_2,WiFi,0,0.0,0.0,0.0
240,eMBB,4,WiFi_3,WiFi,0,0.0,0.0,0.0
240,eMBB,5,WiFi_4,WiFi,0,0.0,0.0,0.0
240,eMBB,6,Satellite_1,Satellite,0,0.0,0.0,0.0
240,eMBB,7,Satellite_2,Satellite,1,4529768.915177868,1929258.6797475535,1929258.6797475535
241,eMBB,0,6G_1,6G,0,0.0,0.0,0.0
241,eMBB,1,6G_2,6G,0,0.0,0.0,0.0
241,eMBB,2,WiFi_1,WiFi,0,0.0,0.0,0.0
241,eMBB,3,WiFi_2,WiFi,0,0.0,0.0,0.0
241,eMBB,4,WiFi_3,WiFi,0,0.0,0.0,0.0
241,eMBB,5,WiFi_4,WiFi,0,0.0,0.0,0.0
241,eMBB,6,Satellite_1,Satellite,0,0.0,0.0,0.0
241,eMBB,7,Satellite_2,Satellite,1,7081651.457111136,2369135.075812972,2369135.075812972
242,eMBB,0,6G_1,6G,0,0.0,0.0,0.0
242,eMBB,1,6G_2,6G,0,0.0,0.0,0.0
242,eMBB,2,WiFi_1,WiFi,0,0.0,0.0,0.0
242,eMBB,3,WiFi_2,WiFi,0,0.0,0.0,0.0
242,eMBB,4,WiFi_3,WiFi,0,0.0,0.0,0.0
242,eMBB,5,WiFi_4,WiFi,0,0.0,0.0,0.0
242,eMBB,6,Satellite_1,Satellite,0,0.0,0.0,0.0
242,eMBB,7,Satellite_2,Satellite,1,9269127.778403891,3761236.06765491,3761236.06765491
243,eMBB,0,6G_1,6G,0,0.0,0.0,0.0
243,eMBB,1,6G_2,6G,0,0.0,0.0,0.0
243,eMBB,2,WiFi_1,WiFi,0,0.0,0.0,0.0
243,eMBB,3,WiFi_2,WiFi,0,0.0,0.0,0.0
243,eMBB,4,WiFi_3,WiFi,0,0.0,0.0,0.0
243,eMBB,5,WiFi_4,WiFi,0,0.0,0.0,0.0
243,eMBB,6,Satellite_1,Satellite,1,2126411.2293771785,2126411.2293771785,2126411.2293771785
243,eMBB,7,Satellite_2,Satellite,0,0.0,0.0,0.0
244,eMBB,0,6G_1,6G,0,0.0,0.0,0.0
244,eMBB,1,6G_2,6G,0,0.0,0.0,0.0
244,eMBB,2,WiFi_1,WiFi,0,0.0,0.0,0.0
244,eMBB,3,WiFi_2,WiFi,0,0.0,0.0,0.0
244,eMBB,4,WiFi_3,WiFi,0,0.0,0.0,0.0
244,eMBB,5,WiFi_4,WiFi,0,0.0,0.0,0.0
244,eMBB,6,Satellite_1,Satellite,0,0.0,0.0,0.0
244,eMBB,7,Satellite_2,Satellite,1,4049035.315968944,4049035.315968944,4049035.315968944
245,eMBB,0,6G_1,6G,0,0.0,0.0,0.0
245,eMBB,1,6G_2,6G,0,0.0,0.0,0.0
245,eMBB,2,WiFi_1,WiFi,0,0.0,0.0,0.0
245,eMBB,3,WiFi_2,WiFi,0,0.0,0.0,0.0
245,eMBB,4,WiFi_3,WiFi,0,0.0,0.0,0.0
245,eMBB,5,WiFi_4,WiFi,0,0.0,0.0,0.0
245,eMBB,6,Satellite_1,Satellite,1,6357193.6548143085,3053908.4009386348,3053908.4009386348
245,eMBB,7,Satellite_2,Satellite,0,0.0,0.0,0.0
246,eMBB,0,6G_1,6G,0,0.0,0.0,0.0
246,eMBB,1,6G_2,6G,0,0.0,0.0,0.0
246,eMBB,2,WiFi_1,WiFi,0,0.0,0.0,0.0
246,eMBB,3,WiFi_2,WiFi,0,0.0,0.0,0.0
246,eMBB,4,WiFi_3,WiFi,0,0.0,0.0,0.0
246,eMBB,5,WiFi_4,WiFi,0,0.0,0.0,0.0
246,eMBB,6,Satellite_1,Satellite,0,0.0,0.0,0.0
246,eMBB,7,Satellite_2,Satellite,1,8460224.56238754,2419129.854620295,2419129.854620295
247,eMBB,0,6G_1,6G,0,0.0,0.0,0.0
247,eMBB,1,6G_2,6G,0,0.0,0.0,0.0
247,eMBB,2,WiFi_1,WiFi,0,0.0,0.0,0.0
247,eMBB,3,WiFi_2,WiFi,0,0.0,0.0,0.0
247,eMBB,4,WiFi_3,WiFi,0,0.0,0.0,0.0
247,eMBB,5,WiFi_4,WiFi,0,0.0,0.0,0.0
247,eMBB,6,Satellite_1,Satellite,1,2624377.6592002437,2434611.335638201,2434611.335638201
247,eMBB,7,Satellite_2,Satellite,0,0.0,0.0,0.0
248,eMBB,0,6G_1,6G,0,0.0,0.0,0.0
248,eMBB,1,6G_2,6G,0,0.0,0.0,0.0
248,eMBB,2,WiFi_1,WiFi,0,0.0,0.0,0.0
248,eMBB,3,WiFi_2,WiFi,0,0.0,0.0,0.0
248,eMBB,4,WiFi_3,WiFi,0,0.0,0.0,0.0
248,eMBB,5,WiFi_4,WiFi,0,0.0,0.0,0.0
248,eMBB,6,Satellite_1,Satellite,0,0.0,0.0,0.0
248,eMBB,7,Satellite_2,Satellite,1,9606698.354520593,4618027.275197881,4618027.275197881
249,eMBB,0,6G_1,6G,0,0.0,0.0,0.0
249,eMBB,1,6G_2,6G,0,0.0,0.0,0.0
249,eMBB,2,WiFi_1,WiFi,0,0.0,0.0,0.0
249,eMBB,3,WiFi_2,WiFi,0,0.0,0.0,0.0
249,eMBB,4,WiFi_3,WiFi,0,0.0,0.0,0.0
249,eMBB,5,WiFi_4,WiFi,0,0.0,0.0,0.0
249,eMBB,6,Satellite_1,Satellite,0,0.0,0.0,0.0
249,eMBB,7,Satellite_2,Satellite,1,2258006.263334054,2258006.263334054,2258006.263334054
250,eMBB,0,6G_1,6G,1,40000000.0,40000000.0,40000000.0
250,eMBB,1,6G_2,6G,0,0.0,0.0,0.0
250,eMBB,2,WiFi_1,WiFi,0,0.0,0.0,0.0
250,eMBB,3,WiFi_2,WiFi,0,0.0,0.0,0.0
250,eMBB,4,WiFi_3,WiFi,1,17791758.5658967,20000000.0,17791758.5658967
250,eMBB,5,WiFi_4,WiFi,0,0.0,0.0,0.0
250,eMBB,6,Satellite_1,Satellite,0,0.0,0.0,0.0
250,eMBB,7,Satellite_2,Satellite,0,0.0,0.0,0.0
251,eMBB,0,6G_1,6G,1,18283859.47582697,40000000.0,18283859.47582697
251,eMBB,1,6G_2,6G,0,0.0,0.0,0.0
251,eMBB,2,WiFi_1,WiFi,0,0.0,0.0,0.0
251,eMBB,3,WiFi_2,WiFi,0,0.0,0.0,0.0
251,eMBB,4,WiFi_3,WiFi,1,20000000.0,20000000.0,20000000.0
251,eMBB,5,WiFi_4,WiFi,0,0.0,0.0,0.0
251,eMBB,6,Satellite_1,Satellite,0,0.0,0.0,0.0
251,eMBB,7,Satellite_2,Satellite,0,0.0,0.0,0.0
252,eMBB,0,6G_1,6G,0,0.0,0.0,0.0
252,eMBB,1,6G_2,6G,1,40000000.0,40000000.0,40000000.0
252,eMBB,2,WiFi_1,WiFi,1,14146524.278907236,20000000.0,14146524.278907236
252,eMBB,3,WiFi_2,WiFi,0,0.0,0.0,0.0
252,eMBB,4,WiFi_3,WiFi,0,0.0,0.0,0.0
252,eMBB,5,WiFi_4,WiFi,0,0.0,0.0,0.0
252,eMBB,6,Satellite_1,Satellite,0,0.0,0.0,0.0
252,eMBB,7,Satellite_2,Satellite,0,0.0,0.0,0.0
253,eMBB,0,6G_1,6G,1,40000000.0,40000000.0,40000000.0
253,eMBB,1,6G_2,6G,0,0.0,0.0,0.0
253,eMBB,2,WiFi_1,WiFi,0,0.0,0.0,0.0
253,eMBB,3,WiFi_2,WiFi,0,0.0,0.0,0.0
253,eMBB,4,WiFi_3,WiFi,0,0.0,0.0,0.0
253,eMBB,5,WiFi_4,WiFi,1,15389998.33328161,20000000.0,15389998.33328161
253,eMBB,6,Satellite_1,Satellite,0,0.0,0.0,0.0
253,eMBB,7,Satellite_2,Satellite,0,0.0,0.0,0.0
254,eMBB,0,6G_1,6G,1,40000000.0,40000000.0,40000000.0
254,eMBB,1,6G_2,6G,0,0.0,0.0,0.0
254,eMBB,2,WiFi_1,WiFi,1,20000000.0,20000000.0,20000000.0
254,eMBB,3,WiFi_2,WiFi,0,0.0,0.0,0.0
254,eMBB,4,WiFi_3,WiFi,0,0.0,0.0,0.0
254,eMBB,5,WiFi_4,WiFi,0,0.0,0.0,0.0
254,eMBB,6,Satellite_1,Satellite,0,0.0,0.0,0.0
254,eMBB,7,Satellite_2,Satellite,0,0.0,0.0,0.0
255,eMBB,0,6G_1,6G,1,9257792.21811415,40000000.0,9257792.21811415
255,eMBB,1,6G_2,6G,0,0.0,0.0,0.0
255,eMBB,2,WiFi_1,WiFi,1,20000000.0,20000000.0,20000000.0
255,eMBB,3,WiFi_2,WiFi,0,0.0,0.0,0.0
255,eMBB,4,WiFi_3,WiFi,0,0.0,0.0,0.0
255,eMBB,5,WiFi_4,WiFi,0,0.0,0.0,0.0
255,eMBB,6,Satellite_1,Satellite,0,0.0,0.0,0.0
255,eMBB,7,Satellite_2,Satellite,0,0.0,0.0,0.0
256,eMBB,0,6G_1,6G,0,0.0,0.0,0.0
256,eMBB,1,6G_2,6G,1,40000000.0,40000000.0,40000000.0
256,eMBB,2,WiFi_1,WiFi,0,0.0,0.0,0.0
256,eMBB,3,WiFi_2,WiFi,1,9823422.941355795,20000000.0,9823422.941355795
256,eMBB,4,WiFi_3,WiFi,0,0.0,0.0,0.0
256,eMBB,5,WiFi_4,WiFi,0,0.0,0.0,0.0
256,eMBB,6,Satellite_1,Satellite,0,0.0,0.0,0.0
256,eMBB,7,Satellite_2,Satellite,0,0.0,0.0,0.0
257,eMBB,0,6G_1,6G,0,0.0,0.0,0.0
257,eMBB,1,6G_2,6G,1,33058215.36493596,40000000.0,33058215.36493596
257,eMBB,2,WiFi_1,WiFi,0,0.0,0.0,0.0
257,eMBB,3,WiFi_2,WiFi,1,20000000.0,20000000.0,20000000.0
257,eMBB,4,WiFi_3,WiFi,0,0.0,0.0,0.0
257,eMBB,5,WiFi_4,WiFi,0,0.0,0.0,0.0
257,eMBB,6,Satellite_1,Satellite,0,0.0,0.0,0.0
257,eMBB,7,Satellite_2,Satellite,0,0.0,0.0,0.0
258,eMBB,0,6G_1,6G,1,18148534.578155108,40000000.0,18148534.578155108
258,eMBB,1,6G_2,6G,0,0.0,0.0,0.0
258,eMBB,2,WiFi_1,WiFi,0,0.0,0.0,0.0
258,eMBB,3,WiFi_2,WiFi,0,0.0,0.0,0.0
258,eMBB,4,WiFi_3,WiFi,0,0.0,0.0,0.0
258,eMBB,5,WiFi_4,WiFi,1,20000000.0,20000000.0,20000000.0
258,eMBB,6,Satellite_1,Satellite,0,0.0,0.0,0.0
258,eMBB,7,Satellite_2,Satellite,0,0.0,0.0,0.0
259,eMBB,0,6G_1,6G,0,0.0,0.0,0.0
259,eMBB,1,6G_2,6G,1,40000000.0,40000000.0,40000000.0
259,eMBB,2,WiFi_1,WiFi,1,20000000.0,20000000.0,20000000.0
259,eMBB,3,WiFi_2,WiFi,0,0.0,0.0,0.0
259,eMBB,4,WiFi_3,WiFi,0,0.0,0.0,0.0
259,eMBB,5,WiFi_4,WiFi,0,0.0,0.0,0.0
259,eMBB,6,Satellite_1,Satellite,0,0.0,0.0,0.0
259,eMBB,7,Satellite_2,Satellite,0,0.0,0.0,0.0
260,eMBB,0,6G_1,6G,1,40000000.0,40000000.0,40000000.0
260,eMBB,1,6G_2,6G,0,0.0,0.0,0.0
260,eMBB,2,WiFi_1,WiFi,0,0.0,0.0,0.0
260,eMBB,3,WiFi_2,WiFi,0,0.0,0.0,0.0
260,eMBB,4,WiFi_3,WiFi,0,0.0,0.0,0.0
260,eMBB,5,WiFi_4,WiFi,1,20000000.0,20000000.0,20000000.0
260,eMBB,6,Satellite_1,Satellite,0,0.0,0.0,0.0
260,eMBB,7,Satellite_2,Satellite,0,0.0,0.0,0.0
261,eMBB,0,6G_1,6G,1,40000000.0,40000000.0,40000000.0
261,eMBB,1,6G_2,6G,0,0.0,0.0,0.0
261,eMBB,2,WiFi_1,WiFi,1,20000000.0,20000000.0,20000000.0
261,eMBB,3,WiFi_2,WiFi,0,0.0,0.0,0.0
261,eMBB,4,WiFi_3,WiFi,0,0.0,0.0,0.0
261,eMBB,5,WiFi_4,WiFi,0,0.0,0.0,0.0
261,eMBB,6,Satellite_1,Satellite,0,0.0,0.0,0.0
261,eMBB,7,Satellite_2,Satellite,0,0.0,0.0,0.0
262,eMBB,0,6G_1,6G,1,35073459.922828995,40000000.0,35073459.922828995
262,eMBB,1,6G_2,6G,0,0.0,0.0,0.0
262,eMBB,2,WiFi_1,WiFi,0,0.0,0.0,0.0
262,eMBB,3,WiFi_2,WiFi,1,20000000.0,20000000.0,20000000.0
262,eMBB,4,WiFi_3,WiFi,0,0.0,0.0,0.0
262,eMBB,5,WiFi_4,WiFi,0,0.0,0.0,0.0
262,eMBB,6,Satellite_1,Satellite,0,0.0,0.0,0.0
262,eMBB,7,Satellite_2,Satellite,0,0.0,0.0,0.0
263,eMBB,0,6G_1,6G,0,0.0,0.0,0.0
263,eMBB,1,6G_2,6G,1,40000000.0,40000000.0,40000000.0
263,eMBB,2,WiFi_1,WiFi,1,14587132.394963693,20000000.0,14587132.394963693
263,eMBB,3,WiFi_2,WiFi,0,0.0,0.0,0.0
263,eMBB,4,WiFi_3,WiFi,0,0.0,0.0,0.0
263,eMBB,5,WiFi_4,WiFi,0,0.0,0.0,0.0
263,eMBB,6,Satellite_1,Satellite,0,0.0,0.0,0.0
263,eMBB,7,Satellite_2,Satellite,0,0.0,0.0,0.0
264,eMBB,0,6G_1,6G,1,40000000.0,40000000.0,40000000.0
264,eMBB,1,6G_2,6G,0,0.0,0.0,0.0
264,eMBB,2,WiFi_1,WiFi,0,0.0,0.0,0.0
264,eMBB,3,WiFi_2,WiFi,0,0.0,0.0,0.0
264,eMBB,4,WiFi_3,WiFi,1,13325204.005301934,20000000.0,13325204.005301934
264,eMBB,5,WiFi_4,WiFi,0,0.0,0.0,0.0
264,eMBB,6,Satellite_1,Satellite,0,0.0,0.0,0.0
264,eMBB,7,Satellite_2,Satellite,0,0.0,0.0,0.0
265,eMBB,0,6G_1,6G,1,23635574.203402128,40000000.0,23635574.203402128
265,eMBB,1,6G_2,6G,0,0.0,0.0,0.0
265,eMBB,2,WiFi_1,WiFi,0,0.0,0.0,0.0
265,eMBB,3,WiFi_2,WiFi,0,0.0,0.0,0.0
265,eMBB,4,WiFi_3,WiFi,1,20000000.0,20000000.0,20000000.0
265,eMBB,5,WiFi_4,WiFi,0,0.0,0.0,0.0
265,eMBB,6,Satellite_1,Satellite,0,0.0,0.0,0.0
265,eMBB,7,Satellite_2,Satellite,0,0.0,0.0,0.0
266,eMBB,0,6G_1,6G,0,0.0,0.0,0.0
266,eMBB,1,6G_2,6G,1,40000000.0,40000000.0,40000000.0
266,eMBB,2,WiFi_1,WiFi,0,0.0,0.0,0.0
266,eMBB,3,WiFi_2,WiFi,0,0.0,0.0,0.0
266,eMBB,4,WiFi_3,WiFi,0,0.0,0.0,0.0
266,eMBB,5,WiFi_4,WiFi,1,20000000.0,20000000.0,20000000.0
266,eMBB,6,Satellite_1,Satellite,0,0.0,0.0,0.0
266,eMBB,7,Satellite_2,Satellite,0,0.0,0.0,0.0
267,eMBB,0,6G_1,6G,1,37631828.04700289,40000000.0,37631828.04700289
267,eMBB,1,6G_2,6G,0,0.0,0.0,0.0
267,eMBB,2,WiFi_1,WiFi,0,0.0,0.0,0.0
267,eMBB,3,WiFi_2,WiFi,0,0.0,0.0,0.0
267,eMBB,4,WiFi_3,WiFi,1,8317837.866411214,20000000.0,8317837.866411214
267,eMBB,5,WiFi_4,WiFi,0,0.0,0.0,0.0
267,eMBB,6,Satellite_1,Satellite,0,0.0,0.0,0.0
267,eMBB,7,Satellite_2,Satellite,0,0.0,0.0,0.0
268,eMBB,0,6G_1,6G,0,0.0,0.0,0.0
268,eMBB,1,6G_2,6G,1,31729065.869651932,40000000.0,31729065.869651932
268,eMBB,2,WiFi_1,WiFi,1,7247799.074773908,20000000.0,7247799.074773908
268,eMBB,3,WiFi_2,WiFi,0,0.0,0.0,0.0
268,eMBB,4,WiFi_3,WiFi,0,0.0,0.0,0.0
268,eMBB,5,WiFi_4,WiFi,0,0.0,0.0,0.0
268,eMBB,6,Satellite_1,Satellite,0,0.0,0.0,0.0
268,eMBB,7,Satellite_2,Satellite,0,0.0,0.0,0.0
269,eMBB,0,6G_1,6G,0,0.0,0.0,0.0
269,eMBB,1,6G_2,6G,1,40000000.0,40000000.0,40000000.0
269,eMBB,2,WiFi_1,WiFi,1,20000000.0,20000000.0,20000000.0
269,eMBB,3,WiFi_2,WiFi,0,0.0,0.0,0.0
269,eMBB,4,WiFi_3,WiFi,0,0.0,0.0,0.0
269,eMBB,5,WiFi_4,WiFi,0,0.0,0.0,0.0
269,eMBB,6,Satellite_1,Satellite,0,0.0,0.0,0.0
269,eMBB,7,Satellite_2,Satellite,0,0.0,0.0,0.0
270,eMBB,0,6G_1,6G,1,40000000.0,40000000.0,40000000.0
270,eMBB,1,6G_2,6G,0,0.0,0.0,0.0
270,eMBB,2,WiFi_1,WiFi,1,20000000.0,20000000.0,20000000.0
270,eMBB,3,WiFi_2,WiFi,0,0.0,0.0,0.0
270,eMBB,4,WiFi_3,WiFi,0,0.0,0.0,0.0
270,eMBB,5,WiFi_4,WiFi,0,0.0,0.0,0.0
270,eMBB,6,Satellite_1,Satellite,0,0.0,0.0,0.0
270,eMBB,7,Satellite_2,Satellite,0,0.0,0.0,0.0
271,eMBB,0,6G_1,6G,1,40000000.0,40000000.0,40000000.0
271,eMBB,1,6G_2,6G,0,0.0,0.0,0.0
271,eMBB,2,WiFi_1,WiFi,0,0.0,0.0,0.0
271,eMBB,3,WiFi_2,WiFi,1,20000000.000000004,20000000.0,20000000.0
271,eMBB,4,WiFi_3,WiFi,0,0.0,0.0,0.0
271,eMBB,5,WiFi_4,WiFi,0,0.0,0.0,0.0
271,eMBB,6,Satellite_1,Satellite,0,0.0,0.0,0.0
271,eMBB,7,Satellite_2,Satellite,0,0.0,0.0,0.0
272,eMBB,0,6G_1,6G,0,0.0,0.0,0.0
272,eMBB,1,6G_2,6G,1,25016528.453672826,40000000.0,25016528.453672826
272,eMBB,2,WiFi_1,WiFi,0,0.0,0.0,0.0
272,eMBB,3,WiFi_2,WiFi,0,0.0,0.0,0.0
272,eMBB,4,WiFi_3,WiFi,0,0.0,0.0,0.0
272,eMBB,5,WiFi_4,WiFi,1,17417101.44773517,20000000.0,17417101.44773517
272,eMBB,6,Satellite_1,Satellite,0,0.0,0.0,0.0
272,eMBB,7,Satellite_2,Satellite,0,0.0,0.0,0.0
273,eMBB,0,6G_1,6G,0,0.0,0.0,0.0
273,eMBB,1,6G_2,6G,1,40000000.0,40000000.0,40000000.0
273,eMBB,2,WiFi_1,WiFi,0,0.0,0.0,0.0
273,eMBB,3,WiFi_2,WiFi,0,0.0,0.0,0.0
273,eMBB,4,WiFi_3,WiFi,0,0.0,0.0,0.0
273,eMBB,5,WiFi_4,WiFi,1,18932828.31663979,20000000.0,18932828.31663979
273,eMBB,6,Satellite_1,Satellite,0,0.0,0.0,0.0
273,eMBB,7,Satellite_2,Satellite,0,0.0,0.0,0.0
274,eMBB,0,6G_1,6G,1,36174200.62453432,40000000.0,36174200.62453432
274,eMBB,1,6G_2,6G,0,0.0,0.0,0.0
274,eMBB,2,WiFi_1,WiFi,0,0.0,0.0,0.0
274,eMBB,3,WiFi_2,WiFi,1,11044852.447126519,20000000.0,11044852.447126519
274,eMBB,4,WiFi_3,WiFi,0,0.0,0.0,0.0
274,eMBB,5,WiFi_4,WiFi,0,0.0,0.0,0.0
274,eMBB,6,Satellite_1,Satellite,0,0.0,0.0,0.0
274,eMBB,7,Satellite_2,Satellite,0,0.0,0.0,0.0
275,eMBB,0,6G_1,6G,0,0.0,0.0,0.0
275,eMBB,1,6G_2,6G,1,40000000.0,40000000.0,40000000.0
275,eMBB,2,WiFi_1,WiFi,0,0.0,0.0,0.0
275,eMBB,3,WiFi_2,WiFi,0,0.0,0.0,0.0
275,eMBB,4,WiFi_3,WiFi,0,0.0,0.0,0.0
275,eMBB,5,WiFi_4,WiFi,1,20000000.0,20000000.0,20000000.0
275,eMBB,6,Satellite_1,Satellite,0,0.0,0.0,0.0
275,eMBB,7,Satellite_2,Satellite,0,0.0,0.0,0.0
276,eMBB,0,6G_1,6G,0,0.0,0.0,0.0
276,eMBB,1,6G_2,6G,1,20764454.63496578,40000000.0,20764454.63496578
276,eMBB,2,WiFi_1,WiFi,1,20000000.0,20000000.0,20000000.0
276,eMBB,3,WiFi_2,WiFi,0,0.0,0.0,0.0
276,eMBB,4,WiFi_3,WiFi,0,0.0,0.0,0.0
276,eMBB,5,WiFi_4,WiFi,0,0.0,0.0,0.0
276,eMBB,6,Satellite_1,Satellite,0,0.0,0.0,0.0
276,eMBB,7,Satellite_2,Satellite,0,0.0,0.0,0.0
277,eMBB,0,6G_1,6G,1,39666542.79111983,40000000.0,39666542.79111983
277,eMBB,1,6G_2,6G,0,0.0,0.0,0.0
277,eMBB,2,WiFi_1,WiFi,0,0.0,0.0,0.0
277,eMBB,3,WiFi_2,WiFi,0,0.0,0.0,0.0
277,eMBB,4,WiFi_3,WiFi,0,0.0,0.0,0.0
277,eMBB,5,WiFi_4,WiFi,1,20000000.0,20000000.0,20000000.0
277,eMBB,6,Satellite_1,Satellite,0,0.0,0.0,0.0
277,eMBB,7,Satellite_2,Satellite,0,0.0,0.0,0.0
278,eMBB,0,6G_1,6G,1,40000000.0,40000000.0,40000000.0
278,eMBB,1,6G_2,6G,0,0.0,0.0,0.0
278,eMBB,2,WiFi_1,WiFi,1,20000000.0,20000000.0,20000000.0
278,eMBB,3,WiFi_2,WiFi,0,0.0,0.0,0.0
278,eMBB,4,WiFi_3,WiFi,0,0.0,0.0,0.0
278,eMBB,5,WiFi_4,WiFi,0,0.0,0.0,0.0
278,eMBB,6,Satellite_1,Satellite,0,0.0,0.0,0.0
278,eMBB,7,Satellite_2,Satellite,0,0.0,0.0,0.0
279,eMBB,0,6G_1,6G,0,0.0,0.0,0.0
279,eMBB,1,6G_2,6G,1,15555205.952449515,40000000.0,15555205.952449515
279,eMBB,2,WiFi_1,WiFi,0,0.0,0.0,0.0
279,eMBB,3,WiFi_2,WiFi,0,0.0,0.0,0.0
279,eMBB,4,WiFi_3,WiFi,1,17403034.183421712,20000000.0,17403034.183421712
279,eMBB,5,WiFi_4,WiFi,0,0.0,0.0,0.0
279,eMBB,6,Satellite_1,Satellite,0,0.0,0.0,0.0
279,eMBB,7,Satellite_2,Satellite,0,0.0,0.0,0.0
280,eMBB,0,6G_1,6G,1,30689858.79599498,40000000.0,30689858.79599498
280,eMBB,1,6G_2,6G,0,0.0,0.0,0.0
280,eMBB,2,WiFi_1,WiFi,0,0.0,0.0,0.0
280,eMBB,3,WiFi_2,WiFi,0,0.0,0.0,0.0
280,eMBB,4,WiFi_3,WiFi,0,0.0,0.0,0.0
280,eMBB,5,WiFi_4,WiFi,1,14329183.860364662,20000000.0,14329183.860364662
280,eMBB,6,Satellite_1,Satellite,0,0.0,0.0,0.0
280,eMBB,7,Satellite_2,Satellite,0,0.0,0.0,0.0
281,eMBB,0,6G_1,6G,0,0.0,0.0,0.0
281,eMBB,1,6G_2,6G,1,40000000.0,40000000.0,40000000.0
281,eMBB,2,WiFi_1,WiFi,0,0.0,0.0,0.0
281,eMBB,3,WiFi_2,WiFi,1,20000000.0,20000000.0,20000000.0
281,eMBB,4,WiFi_3,WiFi,0,0.0,0.0,0.0
281,eMBB,5,WiFi_4,WiFi,0,0.0,0.0,0.0
281,eMBB,6,Satellite_1,Satellite,0,0.0,0.0,0.0
281,eMBB,7,Satellite_2,Satellite,0,0.0,0.0,0.0
282,eMBB,0,6G_1,6G,0,0.0,0.0,0.0
282,eMBB,1,6G_2,6G,1,40000000.0,40000000.0,40000000.0
282,eMBB,2,WiFi_1,WiFi,0,0.0,0.0,0.0
282,eMBB,3,WiFi_2,WiFi,0,0.0,0.0,0.0
282,eMBB,4,WiFi_3,WiFi,1,20000000.0,20000000.0,20000000.0
282,eMBB,5,WiFi_4,WiFi,0,0.0,0.0,0.0
282,eMBB,6,Satellite_1,Satellite,0,0.0,0.0,0.0
282,eMBB,7,Satellite_2,Satellite,0,0.0,0.0,0.0
283,eMBB,0,6G_1,6G,0,0.0,0.0,0.0
283,eMBB,1,6G_2,6G,1,40000000.0,40000000.0,40000000.0
283,eMBB,2,WiFi_1,WiFi,0,0.0,0.0,0.0
283,eMBB,3,WiFi_2,WiFi,1,8684266.910014099,20000000.0,8684266.910014099
283,eMBB,4,WiFi_3,WiFi,0,0.0,0.0,0.0
283,eMBB,5,WiFi_4,WiFi,0,0.0,0.0,0.0
283,eMBB,6,Satellite_1,Satellite,0,0.0,0.0,0.0
283,eMBB,7,Satellite_2,Satellite,0,0.0,0.0,0.0
284,eMBB,0,6G_1,6G,0,0.0,0.0,0.0
284,eMBB,1,6G_2,6G,1,40000000.0,40000000.0,40000000.0
284,eMBB,2,WiFi_1,WiFi,0,0.0,0.0,0.0
284,eMBB,3,WiFi_2,WiFi,1,16210243.80382138,20000000.0,16210243.80382138
284,eMBB,4,WiFi_3,WiFi,0,0.0,0.0,0.0
284,eMBB,5,WiFi_4,WiFi,0,0.0,0.0,0.0
284,eMBB,6,Satellite_1,Satellite,0,0.0,0.0,0.0
284,eMBB,7,Satellite_2,Satellite,0,0.0,0.0,0.0
285,eMBB,0,6G_1,6G,1,21785955.664274465,40000000.0,21785955.664274465
285,eMBB,1,6G_2,6G,0,0.0,0.0,0.0
285,eMBB,2,WiFi_1,WiFi,0,0.0,0.0,0.0
285,eMBB,3,WiFi_2,WiFi,0,0.0,0.0,0.0
285,eMBB,4,WiFi_3,WiFi,0,0.0,0.0,0.0
285,eMBB,5,WiFi_4,WiFi,1,20000000.0,20000000.0,20000000.0
285,eMBB,6,Satellite_1,Satellite,0,0.0,0.0,0.0
285,eMBB,7,Satellite_2,Satellite,0,0.0,0.0,0.0
286,eMBB,0,6G_1,6G,0,0.0,0.0,0.0
286,eMBB,1,6G_2,6G,1,32240474.338908028,40000000.0,32240474.338908028
286,eMBB,2,WiFi_1,WiFi,1,20000000.0,20000000.0,20000000.0
286,eMBB,3,WiFi_2,WiFi,0,0.0,0.0,0.0
286,eMBB,4,WiFi_3,WiFi,0,0.0,0.0,0.0
286,eMBB,5,WiFi_4,WiFi,0,0.0,0.0,0.0
286,eMBB,6,Satellite_1,Satellite,0,0.0,0.0,0.0
286,eMBB,7,Satellite_2,Satellite,0,0.0,0.0,0.0
287,eMBB,0,6G_1,6G,0,0.0,0.0,0.0
287,eMBB,1,6G_2,6G,1,40000000.0,40000000.0,40000000.0
287,eMBB,2,WiFi_1,WiFi,0,0.0,0.0,0.0
287,eMBB,3,WiFi_2,WiFi,0,0.0,0.0,0.0
287,eMBB,4,WiFi_3,WiFi,0,0.0,0.0,0.0
287,eMBB,5,WiFi_4,WiFi,1,16912461.23835784,20000000.0,16912461.23835784
287,eMBB,6,Satellite_1,Satellite,0,0.0,0.0,0.0
287,eMBB,7,Satellite_2,Satellite,0,0.0,0.0,0.0
288,eMBB,0,6G_1,6G,0,0.0,0.0,0.0
288,eMBB,1,6G_2,6G,1,28751809.49399926,40000000.0,28751809.49399926
288,eMBB,2,WiFi_1,WiFi,1,6305111.395659532,20000000.0,6305111.395659532
288,eMBB,3,WiFi_2,WiFi,0,0.0,0.0,0.0
288,eMBB,4,WiFi_3,WiFi,0,0.0,0.0,0.0
288,eMBB,5,WiFi_4,WiFi,0,0.0,0.0,0.0
288,eMBB,6,Satellite_1,Satellite,0,0.0,0.0,0.0
288,eMBB,7,Satellite_2,Satellite,0,0.0,0.0,0.0
289,eMBB,0,6G_1,6G,0,0.0,0.0,0.0
289,eMBB,1,6G_2,6G,1,16947062.812404092,40000000.0,16947062.812404092
289,eMBB,2,WiFi_1,WiFi,0,0.0,0.0,0.0
289,eMBB,3,WiFi_2,WiFi,0,0.0,0.0,0.0
289,eMBB,4,WiFi_3,WiFi,0,0.0,0.0,0.0
289,eMBB,5,WiFi_4,WiFi,1,2475432.3714917996,20000000.0,2475432.3714917996
289,eMBB,6,Satellite_1,Satellite,0,0.0,0.0,0.0
289,eMBB,7,Satellite_2,Satellite,0,0.0,0.0,0.0
290,eMBB,0,6G_1,6G,1,40000000.0,40000000.0,40000000.0
290,eMBB,1,6G_2,6G,0,0.0,0.0,0.0
290,eMBB,2,WiFi_1,WiFi,0,0.0,0.0,0.0
290,eMBB,3,WiFi_2,WiFi,1,20000000.0,20000000.0,20000000.0
290,eMBB,4,WiFi_3,WiFi,0,0.0,0.0,0.0
290,eMBB,5,WiFi_4,WiFi,0,0.0,0.0,0.0
290,eMBB,6,Satellite_1,Satellite,0,0.0,0.0,0.0
290,eMBB,7,Satellite_2,Satellite,0,0.0,0.0,0.0
291,eMBB,0,6G_1,6G,1,40000000.0,40000000.0,40000000.0
291,eMBB,1,6G_2,6G,0,0.0,0.0,0.0
291,eMBB,2,WiFi_1,WiFi,0,0.0,0.0,0.0
291,eMBB,3,WiFi_2,WiFi,0,0.0,0.0,0.0
291,eMBB,4,WiFi_3,WiFi,1,20000000.0,20000000.0,20000000.0
291,eMBB,5,WiFi_4,WiFi,0,0.0,0.0,0.0
291,eMBB,6,Satellite_1,Satellite,0,0.0,0.0,0.0
291,eMBB,7,Satellite_2,Satellite,0,0.0,0.0,0.0
292,eMBB,0,6G_1,6G,0,0.0,0.0,0.0
292,eMBB,1,6G_2,6G,1,16442445.527508555,40000000.0,16442445.527508555
292,eMBB,2,WiFi_1,WiFi,0,0.0,0.0,0.0
292,eMBB,3,WiFi_2,WiFi,1,20000000.0,20000000.0,20000000.0
292,eMBB,4,WiFi_3,WiFi,0,0.0,0.0,0.0
292,eMBB,5,WiFi_4,WiFi,0,0.0,0.0,0.0
292,eMBB,6,Satellite_1,Satellite,0,0.0,0.0,0.0
292,eMBB,7,Satellite_2,Satellite,0,0.0,0.0,0.0
293,eMBB,0,6G_1,6G,1,31702688.076655626,40000000.0,31702688.076655626
293,eMBB,1,6G_2,6G,0,0.0,0.0,0.0
293,eMBB,2,WiFi_1,WiFi,1,15278579.027095389,20000000.0,15278579.027095389
293,eMBB,3,WiFi_2,WiFi,0,0.0,0.0,0.0
293,eMBB,4,WiFi_3,WiFi,0,0.0,0.0,0.0
293,eMBB,5,WiFi_4,WiFi,0,0.0,0.0,0.0
293,eMBB,6,Satellite_1,Satellite,0,0.0,0.0,0.0
293,eMBB,7,Satellite_2,Satellite,0,0.0,0.0,0.0
294,eMBB,0,6G_1,6G,1,4064380.8332315753,40000000.0,4064380.8332315753
294,eMBB,1,6G_2,6G,0,0.0,0.0,0.0
294,eMBB,2,WiFi_1,WiFi,1,20000000.0,20000000.0,20000000.0
294,eMBB,3,WiFi_2,WiFi,0,0.0,0.0,0.0
294,eMBB,4,WiFi_3,WiFi,0,0.0,0.0,0.0
294,eMBB,5,WiFi_4,WiFi,0,0.0,0.0,0.0
294,eMBB,6,Satellite_1,Satellite,0,0.0,0.0,0.0
294,eMBB,7,Satellite_2,Satellite,0,0.0,0.0,0.0
295,eMBB,0,6G_1,6G,0,0.0,0.0,0.0
295,eMBB,1,6G_2,6G,1,10748165.230512958,40000000.0,10748165.230512958
295,eMBB,2,WiFi_1,WiFi,0,0.0,0.0,0.0
295,eMBB,3,WiFi_2,WiFi,1,20000000.0,20000000.0,20000000.0
295,eMBB,4,WiFi_3,WiFi,0,0.0,0.0,0.0
295,eMBB,5,WiFi_4,WiFi,0,0.0,0.0,0.0
295,eMBB,6,Satellite_1,Satellite,0,0.0,0.0,0.0
295,eMBB,7,Satellite_2,Satellite,0,0.0,0.0,0.0
296,eMBB,0,6G_1,6G,0,0.0,0.0,0.0
296,eMBB,1,6G_2,6G,1,40000000.0,40000000.0,40000000.0
296,eMBB,2,WiFi_1,WiFi,0,0.0,0.0,0.0
296,eMBB,3,WiFi_2,WiFi,1,20000000.0,20000000.0,20000000.0
296,eMBB,4,WiFi_3,WiFi,0,0.0,0.0,0.0
296,eMBB,5,WiFi_4,WiFi,0,0.0,0.0,0.0
296,eMBB,6,Satellite_1,Satellite,0,0.0,0.0,0.0
296,eMBB,7,Satellite_2,Satellite,0,0.0,0.0,0.0
297,eMBB,0,6G_1,6G,0,0.0,0.0,0.0
297,eMBB,1,6G_2,6G,1,23228508.928759687,40000000.0,23228508.928759687
297,eMBB,2,WiFi_1,WiFi,1,18498257.926843278,20000000.0,18498257.926843278
297,eMBB,3,WiFi_2,WiFi,0,0.0,0.0,0.0
297,eMBB,4,WiFi_3,WiFi,0,0.0,0.0,0.0
297,eMBB,5,WiFi_4,WiFi,0,0.0,0.0,0.0
297,eMBB,6,Satellite_1,Satellite,0,0.0,0.0,0.0
297,eMBB,7,Satellite_2,Satellite,0,0.0,0.0,0.0
298,eMBB,0,6G_1,6G,1,40000000.0,40000000.0,40000000.0
298,eMBB,1,6G_2,6G,0,0.0,0.0,0.0
298,eMBB,2,WiFi_1,WiFi,1,20000000.0,20000000.0,20000000.0
298,eMBB,3,WiFi_2,WiFi,0,0.0,0.0,0.0
298,eMBB,4,WiFi_3,WiFi,0,0.0,0.0,0.0
298,eMBB,5,WiFi_4,WiFi,0,0.0,0.0,0.0
298,eMBB,6,Satellite_1,Satellite,0,0.0,0.0,0.0
298,eMBB,7,Satellite_2,Satellite,0,0.0,0.0,0.0
299,eMBB,0,6G_1,6G,0,0.0,0.0,0.0
299,eMBB,1,6G_2,6G,1,21718413.953137193,40000000.0,21718413.953137193
299,eMBB,2,WiFi_1,WiFi,1,20000000.0,20000000.0,20000000.0
299,eMBB,3,WiFi_2,WiFi,0,0.0,0.0,0.0
299,eMBB,4,WiFi_3,WiFi,0,0.0,0.0,0.0
299,eMBB,5,WiFi_4,WiFi,0,0.0,0.0,0.0
299,eMBB,6,Satellite_1,Satellite,0,0.0,0.0,0.0
299,eMBB,7,Satellite_2,Satellite,0,0.0,0.0,0.0
