Data Size (bits),Deadline (s),CPU Cycles
2416,9.4497740222792e-05,99660
2960,7.938891784659345e-05,122100
2408,9.264209133441206e-05,99330
1128,5.826309400022526e-05,46530
2832,8.97361484641462e-05,116820
1576,7.162749621730955e-05,65010
1216,8.768159131945479e-05,50160
1136,7.320928260712447e-05,46860
1536,9.335644945816374e-05,63360
3104,9.863112644808289e-05,128040
1232,5.649443049571854e-05,50820
3088,5.4980314805492e-05,127380
